User_ID,Age,Gender,City,Profession,Monthly_Income_PKR,Account_Type,Account_Age_Years
USER_1000,58,Male,Karachi,Retired,66000,Savings,3.7
USER_1001,24,Male,Sialkot,Doctor,217000,Savings,1.9
USER_1002,50,Male,Quetta,Government Employee,154000,Salary,10.7
USER_1003,32,Female,Sialkot,Teacher,113000,Savings,11.5
USER_1004,62,Female,Multan,Teacher,70000,Savings,14.4
USER_1005,24,Female,Hyderabad,Housewife,15000,Current,9.3
USER_1006,64,Female,Quetta,Housewife,20000,Savings,8.5
USER_1007,57,Female,Sialkot,Government Employee,152000,Savings,1.2
USER_1008,67,Female,Lahore,Government Employee,174000,Savings,6
USER_1009,58,Female,Islamabad,Engineer,213000,Savings,10.2
USER_1010,61,Male,Sialkot,Driver,36000,Salary,11.1
USER_1011,47,Female,Faisalabad,Driver,53000,Salary,3.7
USER_1012,67,Male,Rawalpindi,Student,36000,Current,6.3
USER_1013,31,Female,Rawalpindi,Driver,46000,Current,13.3
USER_1014,47,Male,Faisalabad,Salaried Employee,102000,Salary,8.6
USER_1015,65,Female,Sialkot,Doctor,390000,Savings,15
USER_1016,50,Female,Lahore,Student,38000,Savings,2.7
USER_1017,68,Female,Sialkot,Housewife,20000,Current,9.1
USER_1018,51,Female,Quetta,Student,32000,Salary,2.2
USER_1019,66,Female,Multan,Housewife,10000,Current,2.8
USER_1020,64,Female,Quetta,Salaried Employee,137000,Savings,13.1
USER_1021,58,Male,Islamabad,Engineer,162000,Salary,14.3
USER_1022,18,Female,Peshawar,Student,14000,Current,13.2
USER_1023,33,Male,Rawalpindi,Freelancer,111000,Savings,11.1
USER_1024,66,Male,Islamabad,Driver,46000,Salary,2.9
USER_1025,56,Female,Rawalpindi,Business Owner,942000,Salary,10.5
USER_1026,37,Female,Multan,Shopkeeper,216000,Current,2.3
USER_1027,22,Female,Karachi,Freelancer,360000,Savings,9
USER_1028,22,Female,Rawalpindi,Housewife,0,Current,1.5
USER_1029,35,Female,Rawalpindi,Business Owner,289000,Salary,14.1
USER_1030,54,Female,Rawalpindi,Shopkeeper,187000,Savings,1.9
USER_1031,45,Female,Hyderabad,Doctor,445000,Salary,1.3
USER_1032,59,Male,Karachi,Doctor,582000,Current,12.1
USER_1033,33,Male,Rawalpindi,Business Owner,620000,Savings,6.6
USER_1034,47,Male,Lahore,Shopkeeper,224000,Savings,1.2
USER_1035,18,Male,Rawalpindi,Salaried Employee,123000,Current,7.5
USER_1036,21,Male,Hyderabad,Student,23000,Current,13.9
USER_1037,36,Female,Quetta,Driver,54000,Current,2.7
USER_1038,31,Male,Sialkot,Retired,38000,Salary,5
USER_1039,55,Female,Quetta,Business Owner,315000,Savings,14.4
USER_1040,29,Female,Sialkot,Housewife,5000,Current,2.2
USER_1041,33,Female,Sialkot,Housewife,20000,Salary,9
USER_1042,38,Female,Rawalpindi,Driver,53000,Current,4
USER_1043,26,Female,Peshawar,Engineer,139000,Savings,7.1
USER_1044,24,Male,Quetta,Government Employee,126000,Current,2.4
USER_1045,22,Male,Multan,Teacher,70000,Current,12.6
USER_1046,37,Male,Quetta,Teacher,103000,Savings,14.1
USER_1047,34,Male,Lahore,Retired,50000,Current,4.6
USER_1048,63,Female,Rawalpindi,Driver,51000,Current,7.8
USER_1049,21,Male,Hyderabad,Teacher,63000,Savings,5.3
USER_1050,58,Female,Islamabad,Retired,88000,Salary,10.7
USER_1051,18,Male,Lahore,Retired,50000,Salary,1
USER_1052,55,Male,Hyderabad,Salaried Employee,75000,Current,5.8
USER_1053,40,Male,Rawalpindi,Driver,33000,Current,11.8
USER_1054,57,Male,Rawalpindi,Salaried Employee,93000,Current,0.9
USER_1055,39,Female,Rawalpindi,Teacher,70000,Salary,2.1
USER_1056,48,Male,Rawalpindi,Shopkeeper,172000,Current,12.4
USER_1057,32,Male,Rawalpindi,Doctor,372000,Current,13
USER_1058,40,Female,Quetta,Engineer,127000,Savings,13.2
USER_1059,29,Female,Karachi,Housewife,20000,Current,11.1
USER_1060,45,Male,Hyderabad,Freelancer,170000,Current,1.1
USER_1061,18,Male,Multan,Doctor,237000,Salary,13.9
USER_1062,38,Male,Faisalabad,Business Owner,474000,Salary,6.4
USER_1063,62,Female,Quetta,Salaried Employee,95000,Current,10.1
USER_1064,61,Male,Sialkot,Freelancer,228000,Current,8.4
USER_1065,37,Female,Rawalpindi,Doctor,504000,Salary,10
USER_1066,46,Female,Rawalpindi,Business Owner,646000,Salary,3
USER_1067,36,Female,Lahore,Government Employee,148000,Current,3.8
USER_1068,27,Male,Karachi,Government Employee,122000,Salary,12.8
USER_1069,47,Female,Sialkot,Government Employee,154000,Salary,6.1
USER_1070,33,Female,Karachi,Housewife,20000,Savings,3.1
USER_1071,51,Female,Karachi,Business Owner,411000,Savings,7.1
USER_1072,60,Female,Peshawar,Freelancer,335000,Current,12.5
USER_1073,46,Male,Peshawar,Shopkeeper,148000,Savings,12.7
USER_1074,67,Female,Rawalpindi,Teacher,89000,Savings,10.8
USER_1075,35,Female,Multan,Business Owner,234000,Savings,2.7
USER_1076,62,Female,Rawalpindi,Housewife,20000,Current,5.3
USER_1077,44,Male,Rawalpindi,Doctor,404000,Salary,14.2
USER_1078,66,Female,Peshawar,Student,22000,Current,11.4
USER_1079,52,Male,Peshawar,Government Employee,96000,Current,7.5
USER_1080,39,Female,Islamabad,Shopkeeper,113000,Salary,8.2
USER_1081,55,Male,Lahore,Driver,44000,Savings,13.1
USER_1082,21,Female,Hyderabad,Engineer,175000,Current,5.2
USER_1083,35,Female,Faisalabad,Housewife,25000,Savings,11.4
USER_1084,40,Male,Lahore,Driver,31000,Savings,14.3
USER_1085,19,Male,Rawalpindi,Salaried Employee,132000,Salary,2.2
USER_1086,47,Female,Multan,Salaried Employee,149000,Salary,14.5
USER_1087,25,Female,Faisalabad,Housewife,0,Current,8.8
USER_1088,43,Male,Lahore,Freelancer,399000,Savings,2
USER_1089,61,Male,Sialkot,Student,21000,Salary,6.7
USER_1090,22,Female,Karachi,Doctor,457000,Savings,6.8
USER_1091,58,Female,Islamabad,Doctor,292000,Salary,8.1
USER_1092,35,Female,Peshawar,Doctor,583000,Salary,4.4
USER_1093,23,Female,Peshawar,Government Employee,158000,Current,8.8
USER_1094,42,Female,Karachi,Shopkeeper,165000,Savings,7.6
USER_1095,69,Female,Multan,Teacher,118000,Salary,10.7
USER_1096,53,Male,Quetta,Government Employee,71000,Savings,10.9
USER_1097,53,Male,Peshawar,Driver,53000,Current,7
USER_1098,23,Female,Rawalpindi,Doctor,563000,Savings,4.9
USER_1099,41,Female,Quetta,Business Owner,510000,Current,15
USER_1100,39,Female,Peshawar,Teacher,80000,Current,3.8
USER_1101,30,Female,Lahore,Retired,54000,Savings,3.6
USER_1102,35,Female,Lahore,Government Employee,99000,Savings,5.7
USER_1103,18,Male,Faisalabad,Student,12000,Salary,4.7
USER_1104,58,Female,Lahore,Student,29000,Current,7.3
USER_1105,39,Male,Karachi,Teacher,116000,Current,2.2
USER_1106,43,Female,Lahore,Freelancer,98000,Savings,2.7
USER_1107,37,Female,Rawalpindi,Housewife,20000,Salary,9.1
USER_1108,32,Female,Peshawar,Shopkeeper,158000,Salary,14.9
USER_1109,54,Male,Sialkot,Retired,43000,Savings,9.6
USER_1110,60,Male,Islamabad,Government Employee,83000,Salary,1.6
USER_1111,44,Female,Sialkot,Shopkeeper,156000,Savings,3.9
USER_1112,36,Female,Lahore,Driver,38000,Current,11.9
USER_1113,55,Female,Hyderabad,Housewife,5000,Salary,2.7
USER_1114,70,Male,Lahore,Student,15000,Current,9.1
USER_1115,36,Female,Lahore,Shopkeeper,160000,Salary,6.3
USER_1116,50,Female,Peshawar,Housewife,0,Current,11.2
USER_1117,34,Male,Lahore,Government Employee,148000,Salary,9
USER_1118,66,Female,Sialkot,Student,35000,Savings,7.3
USER_1119,46,Female,Islamabad,Freelancer,299000,Salary,12.3
USER_1120,48,Female,Hyderabad,Engineer,204000,Salary,2
USER_1121,39,Female,Peshawar,Teacher,103000,Current,12.3
USER_1122,20,Female,Lahore,Engineer,186000,Current,2.2
USER_1123,50,Male,Quetta,Shopkeeper,188000,Savings,3.2
USER_1124,57,Female,Peshawar,Student,17000,Current,8.5
USER_1125,46,Female,Lahore,Student,31000,Salary,12.1
USER_1126,28,Female,Quetta,Student,28000,Current,1.9
USER_1127,47,Male,Islamabad,Shopkeeper,157000,Salary,10.7
USER_1128,48,Female,Rawalpindi,Shopkeeper,225000,Savings,6.1
USER_1129,50,Male,Lahore,Teacher,111000,Current,5.4
USER_1130,35,Male,Faisalabad,Retired,69000,Salary,8.9
USER_1131,49,Male,Peshawar,Business Owner,658000,Current,5.3
USER_1132,42,Female,Multan,Government Employee,151000,Savings,8.8
USER_1133,67,Female,Karachi,Engineer,244000,Salary,13.7
USER_1134,42,Male,Peshawar,Student,14000,Salary,14.5
USER_1135,24,Female,Lahore,Business Owner,629000,Savings,11
USER_1136,59,Male,Lahore,Shopkeeper,149000,Current,9.5
USER_1137,59,Male,Multan,Driver,58000,Salary,6
USER_1138,58,Female,Quetta,Student,30000,Savings,3.9
USER_1139,36,Male,Lahore,Doctor,252000,Salary,10.7
USER_1140,46,Male,Faisalabad,Student,12000,Current,12
USER_1141,40,Female,Hyderabad,Salaried Employee,102000,Salary,6.5
USER_1142,68,Male,Islamabad,Salaried Employee,80000,Salary,13.1
USER_1143,61,Male,Peshawar,Freelancer,145000,Savings,7.2
USER_1144,47,Female,Karachi,Shopkeeper,155000,Salary,8.4
USER_1145,46,Female,Sialkot,Teacher,102000,Current,10.5
USER_1146,37,Male,Hyderabad,Shopkeeper,108000,Savings,6
USER_1147,54,Female,Faisalabad,Student,37000,Salary,6.2
USER_1148,54,Male,Sialkot,Retired,95000,Current,11.7
USER_1149,56,Female,Rawalpindi,Driver,36000,Salary,4.1
USER_1150,67,Male,Lahore,Driver,51000,Savings,5
USER_1151,20,Female,Islamabad,Housewife,10000,Current,11.3
USER_1152,30,Male,Quetta,Engineer,259000,Salary,13.7
USER_1153,34,Female,Faisalabad,Retired,74000,Savings,7.3
USER_1154,27,Male,Hyderabad,Business Owner,534000,Savings,12
USER_1155,34,Male,Peshawar,Engineer,296000,Salary,10.2
USER_1156,42,Female,Lahore,Driver,38000,Current,0.9
USER_1157,38,Male,Lahore,Driver,57000,Current,13.7
USER_1158,59,Female,Lahore,Salaried Employee,76000,Savings,4.9
USER_1159,25,Male,Rawalpindi,Business Owner,292000,Current,7.1
USER_1160,65,Female,Sialkot,Retired,50000,Current,10
USER_1161,57,Female,Faisalabad,Student,33000,Current,3.7
USER_1162,33,Female,Lahore,Driver,42000,Salary,13.6
USER_1163,40,Male,Hyderabad,Teacher,72000,Savings,14.3
USER_1164,23,Male,Sialkot,Student,12000,Current,4
USER_1165,68,Male,Lahore,Business Owner,367000,Salary,3.6
USER_1166,39,Male,Sialkot,Student,19000,Savings,14.8
USER_1167,34,Male,Lahore,Driver,58000,Savings,2.4
USER_1168,68,Male,Sialkot,Engineer,124000,Savings,4.3
USER_1169,65,Female,Quetta,Housewife,0,Current,7
USER_1170,50,Male,Peshawar,Business Owner,382000,Salary,1.1
USER_1171,51,Female,Peshawar,Driver,31000,Savings,15
USER_1172,45,Male,Peshawar,Retired,88000,Savings,13.5
USER_1173,56,Male,Lahore,Salaried Employee,106000,Salary,9.7
USER_1174,63,Female,Hyderabad,Freelancer,348000,Current,7.1
USER_1175,45,Male,Lahore,Driver,51000,Salary,11
USER_1176,45,Female,Rawalpindi,Doctor,378000,Current,6.3
USER_1177,24,Female,Hyderabad,Engineer,294000,Current,5.9
USER_1178,61,Female,Lahore,Housewife,0,Savings,6.8
USER_1179,65,Female,Islamabad,Business Owner,213000,Salary,14.4
USER_1180,39,Male,Hyderabad,Engineer,294000,Current,13.1
USER_1181,21,Female,Sialkot,Teacher,83000,Savings,8.9
USER_1182,27,Female,Rawalpindi,Housewife,15000,Salary,5.8
USER_1183,54,Male,Hyderabad,Business Owner,955000,Salary,9.4
USER_1184,53,Male,Sialkot,Driver,57000,Salary,4.4
USER_1185,35,Female,Multan,Engineer,122000,Savings,13.1
USER_1186,60,Female,Lahore,Salaried Employee,74000,Savings,11.3
USER_1187,42,Female,Peshawar,Engineer,161000,Current,5
USER_1188,67,Male,Karachi,Salaried Employee,91000,Salary,1.2
USER_1189,35,Female,Hyderabad,Shopkeeper,239000,Current,6.5
USER_1190,66,Male,Multan,Doctor,258000,Current,10.3
USER_1191,49,Female,Karachi,Government Employee,112000,Salary,1.3
USER_1192,37,Male,Islamabad,Teacher,79000,Current,2.2
USER_1193,65,Female,Islamabad,Salaried Employee,120000,Salary,10.7
USER_1194,53,Female,Lahore,Doctor,589000,Savings,6.8
USER_1195,22,Female,Sialkot,Doctor,501000,Current,10.8
USER_1196,36,Male,Hyderabad,Student,21000,Savings,12.1
USER_1197,47,Female,Lahore,Doctor,256000,Savings,6.8
USER_1198,51,Male,Hyderabad,Teacher,109000,Current,3.7
USER_1199,22,Male,Quetta,Business Owner,353000,Current,5.6
USER_1200,70,Female,Rawalpindi,Housewife,0,Current,3.4
USER_1201,27,Male,Islamabad,Driver,46000,Current,11.4
USER_1202,46,Female,Multan,Salaried Employee,128000,Savings,7.3
USER_1203,37,Female,Sialkot,Student,22000,Salary,1.6
USER_1204,46,Male,Karachi,Engineer,195000,Savings,9.8
USER_1205,57,Female,Peshawar,Freelancer,361000,Salary,13.5
USER_1206,69,Male,Multan,Freelancer,319000,Salary,2.7
USER_1207,46,Male,Multan,Retired,41000,Salary,9.9
USER_1208,33,Female,Peshawar,Business Owner,698000,Salary,2.8
USER_1209,36,Female,Hyderabad,Engineer,298000,Salary,1.3
USER_1210,59,Female,Lahore,Engineer,145000,Salary,10.3
USER_1211,34,Female,Multan,Housewife,0,Current,5
USER_1212,62,Female,Islamabad,Freelancer,114000,Current,8.6
USER_1213,68,Female,Islamabad,Driver,53000,Salary,15
USER_1214,23,Female,Quetta,Engineer,125000,Current,5
USER_1215,39,Female,Rawalpindi,Government Employee,78000,Savings,1.6
USER_1216,50,Male,Multan,Freelancer,139000,Salary,6
USER_1217,29,Male,Peshawar,Student,23000,Current,10.3
USER_1218,46,Female,Peshawar,Government Employee,130000,Savings,5
USER_1219,30,Female,Sialkot,Shopkeeper,201000,Current,11.8
USER_1220,51,Female,Islamabad,Government Employee,165000,Salary,2.5
USER_1221,21,Female,Multan,Business Owner,258000,Salary,12.8
USER_1222,36,Male,Islamabad,Teacher,89000,Salary,2.6
USER_1223,23,Male,Peshawar,Engineer,127000,Current,1.3
USER_1224,41,Female,Hyderabad,Housewife,15000,Savings,0.9
USER_1225,63,Female,Islamabad,Salaried Employee,75000,Current,13.8
USER_1226,62,Male,Peshawar,Shopkeeper,241000,Savings,13.6
USER_1227,34,Male,Islamabad,Business Owner,913000,Salary,8.2
USER_1228,67,Female,Rawalpindi,Teacher,68000,Savings,4
USER_1229,68,Female,Lahore,Housewife,25000,Salary,8.3
USER_1230,50,Male,Islamabad,Teacher,88000,Savings,9.4
USER_1231,54,Female,Islamabad,Driver,52000,Savings,8.1
USER_1232,22,Male,Hyderabad,Shopkeeper,91000,Salary,6.1
USER_1233,34,Female,Multan,Housewife,15000,Savings,11.1
USER_1234,24,Female,Islamabad,Student,22000,Salary,5.4
USER_1235,29,Female,Peshawar,Driver,36000,Savings,1.4
USER_1236,20,Female,Rawalpindi,Student,36000,Savings,13.3
USER_1237,37,Female,Quetta,Shopkeeper,146000,Savings,11.4
USER_1238,36,Female,Karachi,Driver,41000,Current,2.3
USER_1239,45,Female,Peshawar,Doctor,378000,Savings,7.7
USER_1240,41,Female,Lahore,Retired,86000,Savings,6.7
USER_1241,52,Female,Multan,Housewife,0,Current,10.1
USER_1242,46,Female,Islamabad,Retired,88000,Current,7
USER_1243,40,Female,Faisalabad,Driver,56000,Savings,1.6
USER_1244,43,Female,Quetta,Retired,51000,Savings,2.6
USER_1245,61,Female,Karachi,Salaried Employee,79000,Savings,11.8
USER_1246,41,Female,Sialkot,Student,30000,Savings,10.3
USER_1247,41,Female,Lahore,Freelancer,142000,Salary,5.8
USER_1248,59,Female,Rawalpindi,Housewife,0,Salary,3.2
USER_1249,42,Male,Faisalabad,Teacher,106000,Current,3.6
USER_1250,36,Female,Rawalpindi,Housewife,0,Savings,7.1
USER_1251,46,Male,Multan,Driver,41000,Salary,1.4
USER_1252,36,Female,Islamabad,Retired,53000,Current,7.9
USER_1253,30,Male,Rawalpindi,Shopkeeper,87000,Current,8.5
USER_1254,47,Female,Sialkot,Housewife,0,Current,6.3
USER_1255,64,Female,Quetta,Doctor,415000,Salary,1.6
USER_1256,59,Male,Peshawar,Shopkeeper,216000,Current,2.4
USER_1257,58,Male,Islamabad,Doctor,464000,Savings,12.6
USER_1258,27,Female,Islamabad,Salaried Employee,112000,Salary,3.8
USER_1259,36,Male,Faisalabad,Government Employee,143000,Salary,4.5
USER_1260,37,Male,Quetta,Driver,36000,Salary,14.2
USER_1261,28,Female,Sialkot,Student,37000,Savings,1.7
USER_1262,67,Female,Rawalpindi,Freelancer,288000,Salary,9.8
USER_1263,58,Female,Faisalabad,Shopkeeper,144000,Salary,6.4
USER_1264,22,Male,Islamabad,Shopkeeper,189000,Current,7.2
USER_1265,56,Male,Multan,Retired,72000,Salary,14.8
USER_1266,43,Male,Multan,Business Owner,739000,Savings,5.1
USER_1267,25,Female,Peshawar,Government Employee,78000,Savings,1.2
USER_1268,57,Female,Rawalpindi,Salaried Employee,113000,Salary,11
USER_1269,66,Male,Peshawar,Business Owner,639000,Current,13.2
USER_1270,19,Male,Hyderabad,Business Owner,629000,Savings,3.6
USER_1271,21,Male,Faisalabad,Shopkeeper,237000,Salary,10.3
USER_1272,52,Male,Lahore,Doctor,270000,Current,11
USER_1274,41,Male,Hyderabad,Student,29000,Salary,3.3
USER_1275,36,Male,Hyderabad,Business Owner,622000,Salary,4.6
USER_1276,61,Female,Islamabad,Housewife,20000,Current,12
USER_1277,53,Female,Islamabad,Government Employee,139000,Salary,6.3
USER_1278,20,Male,Islamabad,Retired,74000,Current,8
USER_1279,56,Male,Multan,Freelancer,237000,Savings,6.2
USER_1280,65,Female,Sialkot,Engineer,253000,Salary,8.2
USER_1281,54,Female,Peshawar,Student,22000,Current,10.3
USER_1282,55,Female,Karachi,Freelancer,319000,Current,14.5
USER_1283,54,Male,Karachi,Freelancer,322000,Savings,8.1
USER_1284,57,Female,Islamabad,Driver,38000,Savings,8.8
USER_1285,25,Male,Karachi,Shopkeeper,162000,Current,2.7
USER_1286,31,Female,Quetta,Freelancer,317000,Salary,11
USER_1287,26,Male,Quetta,Engineer,294000,Current,8.1
USER_1288,29,Female,Quetta,Engineer,263000,Current,10.3
USER_1289,61,Female,Sialkot,Shopkeeper,130000,Savings,4.5
USER_1290,32,Female,Faisalabad,Retired,57000,Salary,10.7
USER_1291,48,Female,Quetta,Retired,66000,Current,2.3
USER_1292,52,Female,Hyderabad,Engineer,158000,Current,1.1
USER_1293,23,Female,Peshawar,Driver,38000,Salary,7.4
USER_1294,70,Female,Quetta,Retired,66000,Savings,2.1
USER_1295,55,Male,Rawalpindi,Student,32000,Salary,3.8
USER_1296,21,Male,Hyderabad,Engineer,244000,Savings,10.4
USER_1297,18,Male,Hyderabad,Driver,59000,Current,7.4
USER_1298,66,Female,Multan,Teacher,102000,Savings,13.7
USER_1299,59,Male,Quetta,Retired,35000,Savings,6.6
USER_1300,20,Female,Peshawar,Salaried Employee,108000,Savings,0.6
USER_1301,56,Male,Multan,Teacher,90000,Salary,8.4
USER_1302,26,Female,Faisalabad,Government Employee,166000,Savings,5.3
USER_1303,47,Female,Islamabad,Student,34000,Current,12
USER_1304,61,Male,Islamabad,Freelancer,283000,Current,8
USER_1305,43,Male,Islamabad,Salaried Employee,133000,Current,14.1
USER_1306,34,Female,Rawalpindi,Shopkeeper,150000,Current,4.9
USER_1307,54,Male,Faisalabad,Driver,42000,Salary,3.9
USER_1308,25,Female,Faisalabad,Salaried Employee,123000,Salary,7.8
USER_1309,67,Female,Lahore,Driver,40000,Current,9.4
USER_1310,26,Female,Islamabad,Shopkeeper,239000,Current,6.5
USER_1311,48,Male,Rawalpindi,Driver,55000,Salary,13.2
USER_1312,51,Female,Quetta,Retired,77000,Savings,13.8
USER_1313,21,Male,Sialkot,Business Owner,307000,Savings,5.3
USER_1314,46,Male,Rawalpindi,Retired,94000,Savings,13.5
USER_1315,69,Male,Peshawar,Salaried Employee,137000,Current,7.1
USER_1316,53,Female,Faisalabad,Retired,33000,Current,4.2
USER_1317,65,Female,Sialkot,Housewife,0,Current,5.5
USER_1318,52,Male,Lahore,Shopkeeper,88000,Current,6.4
USER_1319,67,Female,Multan,Doctor,435000,Current,5.9
USER_1320,60,Female,Multan,Housewife,0,Salary,6.2
USER_1321,64,Male,Karachi,Student,20000,Current,10.3
USER_1322,45,Female,Rawalpindi,Government Employee,120000,Current,2.7
USER_1323,64,Male,Karachi,Driver,44000,Salary,11.6
USER_1324,33,Female,Lahore,Housewife,0,Current,9.2
USER_1325,21,Male,Karachi,Doctor,430000,Savings,8.3
USER_1326,26,Female,Rawalpindi,Retired,72000,Salary,9.2
USER_1327,70,Female,Rawalpindi,Teacher,117000,Savings,14.8
USER_1328,32,Female,Faisalabad,Teacher,64000,Salary,14.3
USER_1329,29,Female,Quetta,Shopkeeper,92000,Current,14.2
USER_1330,42,Female,Hyderabad,Doctor,278000,Current,6
USER_1331,48,Male,Rawalpindi,Teacher,116000,Salary,2.6
USER_1332,21,Female,Hyderabad,Business Owner,706000,Savings,6.1
USER_1333,31,Female,Lahore,Shopkeeper,177000,Savings,8.3
USER_1334,21,Female,Hyderabad,Driver,50000,Salary,1.1
USER_1335,30,Male,Peshawar,Government Employee,174000,Current,4.9
USER_1336,31,Male,Lahore,Retired,93000,Savings,10.6
USER_1337,31,Female,Rawalpindi,Business Owner,487000,Current,6
USER_1338,59,Female,Faisalabad,Teacher,84000,Salary,13.3
USER_1339,24,Female,Multan,Government Employee,109000,Current,6.5
USER_1340,32,Male,Karachi,Teacher,96000,Salary,8.9
USER_1341,36,Male,Rawalpindi,Engineer,180000,Current,8.8
USER_1342,49,Female,Faisalabad,Shopkeeper,248000,Salary,7.6
USER_1343,64,Female,Islamabad,Salaried Employee,142000,Current,3.2
USER_1344,59,Male,Quetta,Student,37000,Savings,14.2
USER_1345,21,Male,Hyderabad,Salaried Employee,100000,Savings,10.8
USER_1346,31,Female,Multan,Student,30000,Salary,10.2
USER_1347,48,Female,Karachi,Student,27000,Salary,6.5
USER_1348,51,Female,Quetta,Teacher,61000,Salary,12.3
USER_1349,45,Female,Lahore,Housewife,0,Savings,3.3
USER_1350,34,Female,Faisalabad,Doctor,241000,Current,14.4
USER_1351,54,Male,Rawalpindi,Teacher,105000,Savings,10
USER_1352,66,Male,Lahore,Doctor,399000,Current,8.5
USER_1353,58,Female,Islamabad,Housewife,25000,Current,9.9
USER_1354,54,Male,Quetta,Student,18000,Savings,13.6
USER_1355,54,Female,Faisalabad,Student,12000,Salary,13.9
USER_1356,54,Male,Islamabad,Engineer,124000,Savings,9
USER_1357,70,Female,Lahore,Teacher,71000,Salary,4
USER_1358,61,Female,Hyderabad,Retired,48000,Salary,11
USER_1359,65,Female,Karachi,Housewife,20000,Savings,12.7
USER_1360,56,Female,Multan,Student,31000,Current,11.9
USER_1361,49,Male,Multan,Business Owner,544000,Current,3.2
USER_1362,60,Female,Lahore,Freelancer,225000,Savings,10.8
USER_1363,35,Male,Hyderabad,Retired,50000,Salary,6.1
USER_1364,24,Male,Karachi,Teacher,89000,Current,11.5
USER_1365,26,Male,Islamabad,Doctor,435000,Salary,8.5
USER_1366,24,Male,Lahore,Engineer,265000,Savings,9.2
USER_1367,42,Male,Faisalabad,Doctor,403000,Savings,11
USER_1368,33,Male,Hyderabad,Salaried Employee,88000,Current,4.9
USER_1369,27,Male,Islamabad,Doctor,345000,Current,4.8
USER_1370,41,Female,Rawalpindi,Retired,95000,Salary,9.4
USER_1371,24,Male,Faisalabad,Student,23000,Current,12.7
USER_1372,69,Female,Peshawar,Engineer,233000,Salary,14.6
USER_1373,37,Female,Sialkot,Retired,56000,Current,5.1
USER_1374,38,Female,Peshawar,Freelancer,197000,Current,6
USER_1375,41,Male,Sialkot,Government Employee,138000,Salary,3.1
USER_1376,19,Female,Rawalpindi,Shopkeeper,156000,Salary,1.5
USER_1377,61,Female,Islamabad,Driver,40000,Savings,4.2
USER_1378,63,Female,Hyderabad,Housewife,25000,Salary,7.4
USER_1379,52,Female,Quetta,Student,36000,Current,10.7
USER_1380,56,Male,Lahore,Government Employee,146000,Salary,5.6
USER_1381,57,Male,Sialkot,Driver,52000,Salary,6.3
USER_1382,68,Female,Lahore,Student,13000,Current,3.7
USER_1383,51,Male,Peshawar,Engineer,223000,Current,11.7
USER_1384,62,Male,Multan,Student,26000,Savings,4.8
USER_1385,25,Male,Multan,Teacher,82000,Current,11.9
USER_1386,48,Female,Peshawar,Housewife,25000,Salary,10.6
USER_1387,22,Female,Karachi,Retired,45000,Savings,12.8
USER_1388,24,Male,Rawalpindi,Business Owner,333000,Salary,2.8
USER_1389,45,Female,Rawalpindi,Doctor,530000,Savings,3.2
USER_1390,45,Female,Karachi,Retired,56000,Current,9.1
USER_1391,18,Male,Rawalpindi,Teacher,109000,Salary,12.2
USER_1392,54,Male,Quetta,Salaried Employee,118000,Current,3.4
USER_1393,34,Female,Quetta,Driver,40000,Salary,6.1
USER_1394,55,Male,Multan,Engineer,240000,Salary,3
USER_1395,63,Female,Sialkot,Freelancer,114000,Salary,2.4
USER_1396,33,Female,Lahore,Salaried Employee,119000,Salary,2.5
USER_1397,44,Male,Sialkot,Doctor,422000,Savings,7.6
USER_1398,62,Male,Quetta,Salaried Employee,134000,Current,2.5
USER_1399,46,Male,Multan,Student,26000,Savings,3.3
USER_1400,53,Female,Hyderabad,Driver,46000,Current,10.8
USER_1401,49,Male,Lahore,Freelancer,86000,Savings,4.7
USER_1402,32,Female,Islamabad,Shopkeeper,228000,Salary,11.7
USER_1403,53,Female,Sialkot,Housewife,10000,Salary,12.4
USER_1404,52,Male,Peshawar,Business Owner,379000,Current,2
USER_1405,66,Male,Faisalabad,Student,25000,Current,5.6
USER_1406,46,Male,Rawalpindi,Government Employee,166000,Salary,9
USER_1407,63,Female,Islamabad,Freelancer,143000,Savings,12.3
USER_1408,54,Female,Quetta,Teacher,99000,Salary,2.9
USER_1409,36,Female,Sialkot,Teacher,116000,Salary,14.8
USER_1410,70,Male,Islamabad,Doctor,231000,Current,13.1
USER_1411,62,Male,Rawalpindi,Salaried Employee,112000,Savings,11.5
USER_1412,43,Female,Islamabad,Freelancer,211000,Salary,6.5
USER_1413,22,Male,Hyderabad,Business Owner,936000,Current,10.6
USER_1414,47,Female,Multan,Freelancer,71000,Salary,1.9
USER_1415,58,Female,Lahore,Business Owner,567000,Savings,14.5
USER_1416,49,Female,Multan,Teacher,82000,Salary,8.9
USER_1417,49,Female,Karachi,Student,13000,Salary,11.9
USER_1418,19,Male,Islamabad,Shopkeeper,200000,Savings,14.9
USER_1419,30,Male,Faisalabad,Salaried Employee,106000,Savings,10
USER_1420,23,Female,Islamabad,Student,23000,Salary,4.9
USER_1421,66,Male,Hyderabad,Driver,33000,Salary,1.9
USER_1422,48,Male,Islamabad,Freelancer,189000,Salary,10.4
USER_1423,18,Female,Lahore,Doctor,564000,Savings,7.4
USER_1424,42,Female,Lahore,Housewife,15000,Current,13.3
USER_1425,42,Female,Islamabad,Housewife,0,Salary,9.9
USER_1426,40,Male,Islamabad,Doctor,523000,Salary,6.9
USER_1427,23,Female,Islamabad,Housewife,20000,Current,14.5
USER_1428,68,Male,Rawalpindi,Teacher,102000,Savings,4.1
USER_1429,56,Female,Karachi,Driver,59000,Current,3.5
USER_1430,50,Male,Hyderabad,Teacher,102000,Savings,11.9
USER_1431,49,Female,Lahore,Government Employee,125000,Salary,9.1
USER_1432,18,Female,Multan,Salaried Employee,121000,Salary,6.6
USER_1433,61,Female,Peshawar,Housewife,0,Salary,1.5
USER_1434,31,Male,Karachi,Doctor,466000,Current,9.6
USER_1435,67,Female,Hyderabad,Retired,83000,Savings,9.8
USER_1436,57,Female,Faisalabad,Housewife,10000,Savings,7.9
USER_1437,69,Male,Quetta,Engineer,222000,Salary,9.7
USER_1438,61,Male,Faisalabad,Retired,87000,Salary,14.3
USER_1439,21,Male,Lahore,Doctor,261000,Current,9.4
USER_1440,37,Male,Lahore,Student,33000,Savings,10.7
USER_1441,49,Female,Quetta,Business Owner,971000,Salary,4.3
USER_1442,26,Female,Lahore,Student,21000,Current,4.4
USER_1443,34,Male,Peshawar,Shopkeeper,214000,Current,1.3
USER_1444,28,Female,Islamabad,Teacher,111000,Savings,13.5
USER_1445,64,Male,Rawalpindi,Retired,97000,Savings,1.1
USER_1446,33,Male,Peshawar,Engineer,220000,Savings,3.1
USER_1447,53,Female,Rawalpindi,Engineer,185000,Current,13.8
USER_1448,35,Male,Sialkot,Engineer,151000,Salary,10.3
USER_1449,29,Male,Quetta,Student,23000,Savings,13.2
USER_1450,67,Female,Multan,Housewife,25000,Savings,5.8
USER_1451,54,Female,Sialkot,Government Employee,121000,Current,9.1
USER_1452,67,Male,Quetta,Government Employee,80000,Savings,14
USER_1453,32,Female,Karachi,Engineer,120000,Salary,6
USER_1454,64,Female,Lahore,Government Employee,129000,Savings,6.6
USER_1455,27,Female,Lahore,Student,18000,Salary,6.5
USER_1456,47,Female,Sialkot,Housewife,0,Salary,12.4
USER_1457,55,Male,Hyderabad,Driver,34000,Savings,4.7
USER_1458,69,Female,Multan,Engineer,239000,Current,3.9
USER_1459,26,Female,Islamabad,Housewife,0,Current,7.3
USER_1460,25,Female,Rawalpindi,Shopkeeper,161000,Current,4.3
USER_1461,23,Male,Faisalabad,Retired,35000,Savings,12.6
USER_1462,27,Male,Rawalpindi,Engineer,224000,Salary,1.2
USER_1463,34,Male,Karachi,Doctor,437000,Salary,11.3
USER_1464,24,Female,Lahore,Salaried Employee,86000,Savings,1.4
USER_1465,26,Male,Hyderabad,Engineer,300000,Salary,14.1
USER_1466,55,Female,Lahore,Student,12000,Savings,13.6
USER_1467,69,Male,Lahore,Engineer,152000,Savings,14.2
USER_1468,28,Female,Hyderabad,Shopkeeper,88000,Current,10.4
USER_1469,40,Male,Islamabad,Teacher,78000,Current,13.3
USER_1470,57,Male,Faisalabad,Shopkeeper,188000,Salary,7.4
USER_1471,35,Female,Islamabad,Doctor,305000,Salary,13.3
USER_1472,33,Male,Hyderabad,Retired,77000,Current,8.4
USER_1473,40,Female,Hyderabad,Teacher,72000,Savings,5.1
USER_1474,19,Female,Karachi,Shopkeeper,219000,Current,11.6
USER_1475,28,Male,Rawalpindi,Driver,38000,Current,8.2
USER_1476,21,Male,Sialkot,Doctor,386000,Savings,3.1
USER_1477,38,Female,Sialkot,Student,33000,Salary,5.6
USER_1478,54,Male,Sialkot,Government Employee,170000,Current,8.4
USER_1479,49,Male,Lahore,Student,18000,Salary,3.7
USER_1480,48,Male,Multan,Freelancer,176000,Savings,5.4
USER_1481,69,Female,Karachi,Student,15000,Salary,10.7
USER_1482,67,Male,Quetta,Engineer,139000,Current,10.7
USER_1483,43,Male,Multan,Teacher,81000,Savings,14.6
USER_1484,45,Female,Multan,Salaried Employee,144000,Salary,13.4
USER_1485,68,Female,Rawalpindi,Driver,49000,Savings,6
USER_1486,62,Female,Islamabad,Salaried Employee,70000,Salary,14.3
USER_1487,67,Male,Islamabad,Freelancer,237000,Salary,3.7
USER_1488,24,Female,Islamabad,Engineer,140000,Savings,5.5
USER_1489,28,Male,Multan,Shopkeeper,83000,Current,3.5
USER_1490,22,Female,Faisalabad,Housewife,0,Savings,6.1
USER_1491,44,Male,Hyderabad,Shopkeeper,179000,Current,8.4
USER_1492,48,Male,Islamabad,Shopkeeper,99000,Savings,4.8
USER_1493,34,Male,Lahore,Engineer,165000,Current,2.8
USER_1494,53,Male,Multan,Freelancer,392000,Current,10.7
USER_1495,59,Male,Sialkot,Doctor,282000,Savings,2
USER_1496,30,Female,Quetta,Retired,65000,Salary,4.6
USER_1497,24,Male,Hyderabad,Freelancer,358000,Current,2.7
USER_1498,18,Female,Lahore,Teacher,114000,Salary,9.6
USER_1499,30,Male,Karachi,Government Employee,82000,Salary,4.7
USER_1500,48,Male,Faisalabad,Doctor,447000,Current,13.5
USER_1501,23,Female,Islamabad,Engineer,220000,Current,3.2
USER_1502,34,Female,Peshawar,Teacher,75000,Current,8.7
USER_1503,66,Male,Lahore,Driver,41000,Salary,6.5
USER_1504,32,Male,Hyderabad,Business Owner,589000,Salary,10.5
USER_1505,54,Male,Peshawar,Teacher,65000,Current,13.6
USER_1506,20,Male,Lahore,Shopkeeper,125000,Savings,14.6
USER_1507,26,Female,Hyderabad,Housewife,20000,Savings,15
USER_1508,27,Female,Multan,Retired,39000,Savings,6.1
USER_1509,53,Female,Faisalabad,Business Owner,630000,Savings,11.9
USER_1510,55,Female,Lahore,Doctor,278000,Savings,8.7
USER_1511,66,Male,Lahore,Freelancer,123000,Current,13.1
USER_1512,44,Female,Hyderabad,Driver,46000,Salary,9.3
USER_1513,29,Female,Hyderabad,Salaried Employee,150000,Salary,10.6
USER_1514,43,Female,Rawalpindi,Student,34000,Current,13.9
USER_1515,19,Female,Faisalabad,Teacher,78000,Current,12.9
USER_1516,24,Male,Islamabad,Teacher,109000,Current,11.7
USER_1517,35,Female,Sialkot,Driver,33000,Savings,6.9
USER_1518,65,Female,Quetta,Engineer,135000,Salary,12
USER_1519,37,Female,Islamabad,Business Owner,746000,Savings,3
USER_1520,21,Male,Karachi,Shopkeeper,93000,Current,10.7
USER_1521,41,Female,Quetta,Doctor,533000,Savings,10.4
USER_1522,41,Female,Sialkot,Shopkeeper,127000,Current,9
USER_1523,40,Male,Faisalabad,Retired,42000,Current,0.9
USER_1524,28,Male,Rawalpindi,Driver,37000,Salary,3.5
USER_1525,44,Male,Karachi,Shopkeeper,115000,Salary,3
USER_1526,32,Female,Sialkot,Teacher,107000,Salary,9.8
USER_1527,42,Female,Peshawar,Teacher,74000,Current,4.9
USER_1528,70,Female,Sialkot,Housewife,0,Salary,15
USER_1529,53,Female,Faisalabad,Driver,34000,Current,1.4
USER_1530,58,Female,Faisalabad,Teacher,103000,Salary,14.3
USER_1531,37,Male,Islamabad,Business Owner,953000,Savings,13.5
USER_1532,43,Female,Islamabad,Retired,33000,Salary,7.7
USER_1533,34,Female,Hyderabad,Doctor,586000,Savings,9
USER_1534,70,Male,Multan,Retired,59000,Salary,8.3
USER_1535,60,Female,Quetta,Teacher,115000,Savings,12.7
USER_1536,29,Female,Lahore,Shopkeeper,114000,Salary,4.3
USER_1537,66,Male,Multan,Driver,33000,Savings,5.7
USER_1538,37,Female,Multan,Engineer,188000,Salary,4.8
USER_1539,48,Male,Sialkot,Freelancer,395000,Savings,7.3
USER_1540,50,Male,Hyderabad,Business Owner,463000,Current,1.3
USER_1541,26,Male,Multan,Doctor,499000,Current,2.6
USER_1542,29,Male,Peshawar,Engineer,285000,Savings,5
USER_1543,18,Female,Faisalabad,Government Employee,160000,Savings,8.9
USER_1544,49,Male,Islamabad,Freelancer,297000,Salary,6.7
USER_1545,48,Female,Karachi,Student,27000,Savings,11.1
USER_1546,38,Male,Karachi,Driver,30000,Salary,11.1
USER_1547,62,Female,Faisalabad,Salaried Employee,83000,Current,7.8
USER_1548,28,Male,Karachi,Teacher,79000,Current,11.1
USER_1549,51,Female,Hyderabad,Driver,34000,Current,14.9
USER_1550,40,Male,Islamabad,Doctor,210000,Savings,3.8
USER_1551,31,Male,Sialkot,Business Owner,327000,Savings,5.8
USER_1552,68,Male,Hyderabad,Driver,38000,Salary,9.5
USER_1553,21,Male,Karachi,Student,33000,Savings,6.5
USER_1554,25,Female,Peshawar,Retired,50000,Savings,10.6
USER_1555,18,Female,Hyderabad,Driver,33000,Salary,8
USER_1556,56,Female,Hyderabad,Housewife,0,Current,2.2
USER_1557,49,Male,Sialkot,Government Employee,162000,Current,12.6
USER_1558,40,Female,Faisalabad,Salaried Employee,75000,Salary,7.7
USER_1559,62,Female,Multan,Government Employee,60000,Savings,10.2
USER_1560,54,Female,Islamabad,Housewife,0,Salary,11
USER_1561,59,Male,Peshawar,Teacher,77000,Current,1.2
USER_1562,20,Female,Multan,Driver,40000,Current,11.2
USER_1563,66,Male,Karachi,Salaried Employee,92000,Current,5.7
USER_1564,57,Female,Lahore,Engineer,210000,Savings,2.2
USER_1565,47,Female,Hyderabad,Retired,93000,Current,9.9
USER_1566,25,Male,Karachi,Salaried Employee,84000,Current,13.7
USER_1567,69,Female,Islamabad,Freelancer,269000,Current,9.4
USER_1568,64,Male,Peshawar,Shopkeeper,110000,Current,6.9
USER_1569,34,Female,Karachi,Retired,99000,Salary,8.9
USER_1570,32,Female,Quetta,Business Owner,872000,Salary,9.5
USER_1571,60,Male,Peshawar,Engineer,294000,Salary,9.8
USER_1572,70,Male,Karachi,Driver,35000,Salary,12.8
USER_1573,28,Male,Peshawar,Engineer,183000,Current,14.6
USER_1574,50,Male,Quetta,Driver,42000,Current,12.3
USER_1575,47,Female,Sialkot,Shopkeeper,103000,Current,7
USER_1576,49,Male,Lahore,Doctor,416000,Savings,8.6
USER_1577,70,Male,Sialkot,Freelancer,230000,Salary,8.7
USER_1578,60,Female,Multan,Engineer,134000,Savings,12.7
USER_1579,53,Female,Multan,Retired,89000,Savings,1.9
USER_1580,32,Male,Multan,Engineer,286000,Current,8.4
USER_1581,62,Male,Karachi,Salaried Employee,135000,Savings,12.4
USER_1582,64,Female,Lahore,Teacher,100000,Savings,3.2
USER_1583,31,Female,Rawalpindi,Retired,74000,Savings,11.5
USER_1584,58,Male,Peshawar,Shopkeeper,234000,Salary,2.5
USER_1585,18,Male,Quetta,Doctor,507000,Current,13.9
USER_1586,62,Female,Islamabad,Housewife,20000,Salary,9.2
USER_1587,50,Female,Hyderabad,Freelancer,200000,Current,6.3
USER_1588,36,Female,Islamabad,Salaried Employee,124000,Salary,10.7
USER_1589,50,Female,Quetta,Engineer,265000,Salary,3.7
USER_1590,57,Female,Multan,Driver,34000,Salary,9.9
USER_1591,50,Female,Lahore,Engineer,267000,Current,9
USER_1592,63,Female,Quetta,Teacher,118000,Current,12.2
USER_1593,24,Male,Hyderabad,Salaried Employee,77000,Salary,1.3
USER_1594,66,Male,Faisalabad,Driver,38000,Savings,12.7
USER_1595,68,Female,Rawalpindi,Business Owner,184000,Current,12.3
USER_1596,57,Male,Quetta,Doctor,325000,Salary,11.9
USER_1597,36,Male,Hyderabad,Doctor,418000,Salary,5
USER_1598,21,Male,Faisalabad,Government Employee,141000,Current,12.5
USER_1599,63,Female,Sialkot,Business Owner,924000,Salary,3.3
USER_1600,30,Female,Peshawar,Salaried Employee,80000,Savings,14.5
USER_1601,50,Male,Hyderabad,Student,24000,Current,8.6
USER_1602,28,Female,Karachi,Engineer,242000,Salary,14.1
USER_1603,27,Female,Sialkot,Student,35000,Salary,9.4
USER_1604,37,Female,Sialkot,Business Owner,525000,Savings,11.9
USER_1605,51,Male,Islamabad,Business Owner,221000,Salary,2.8
USER_1606,52,Female,Lahore,Engineer,178000,Savings,10.1
USER_1607,41,Female,Rawalpindi,Freelancer,348000,Current,15
USER_1608,18,Male,Multan,Shopkeeper,143000,Salary,9.4
USER_1609,33,Male,Multan,Doctor,259000,Current,4.2
USER_1610,36,Male,Quetta,Engineer,255000,Salary,7
USER_1611,36,Male,Multan,Business Owner,236000,Savings,2.9
USER_1612,52,Male,Lahore,Government Employee,148000,Salary,11.7
USER_1613,45,Male,Rawalpindi,Business Owner,887000,Salary,11.7
USER_1614,70,Male,Islamabad,Student,25000,Salary,5.3
USER_1615,22,Male,Islamabad,Teacher,97000,Savings,8.8
USER_1616,34,Female,Hyderabad,Shopkeeper,245000,Current,6.8
USER_1617,42,Male,Quetta,Student,31000,Salary,9.5
USER_1618,55,Male,Lahore,Engineer,252000,Savings,4.7
USER_1619,37,Male,Faisalabad,Shopkeeper,180000,Current,12.4
USER_1620,48,Male,Quetta,Government Employee,78000,Salary,6.2
USER_1621,36,Male,Faisalabad,Driver,59000,Salary,9.9
USER_1622,53,Male,Lahore,Student,10000,Salary,9.2
USER_1623,53,Male,Faisalabad,Government Employee,158000,Salary,13.6
USER_1624,31,Female,Quetta,Salaried Employee,91000,Savings,3.7
USER_1625,30,Male,Islamabad,Driver,56000,Salary,12.9
USER_1626,47,Male,Faisalabad,Driver,32000,Current,1.9
USER_1627,55,Female,Multan,Engineer,154000,Salary,10
USER_1628,36,Male,Rawalpindi,Engineer,247000,Current,5.3
USER_1629,37,Male,Sialkot,Freelancer,261000,Current,14.4
USER_1630,18,Female,Rawalpindi,Government Employee,153000,Salary,9.8
USER_1631,41,Male,Multan,Shopkeeper,201000,Current,5.7
USER_1632,49,Male,Islamabad,Driver,50000,Savings,12.7
USER_1633,52,Male,Faisalabad,Retired,40000,Salary,1.6
USER_1634,50,Male,Sialkot,Freelancer,282000,Salary,3.6
USER_1635,53,Female,Quetta,Business Owner,645000,Salary,11.7
USER_1636,43,Male,Sialkot,Retired,68000,Savings,7.2
USER_1637,23,Female,Multan,Business Owner,161000,Salary,4
USER_1638,61,Male,Quetta,Salaried Employee,128000,Savings,3.1
USER_1639,60,Male,Peshawar,Engineer,131000,Savings,11.5
USER_1640,22,Female,Multan,Government Employee,66000,Salary,3.5
USER_1641,42,Female,Peshawar,Student,11000,Salary,5.2
USER_1642,51,Female,Faisalabad,Freelancer,355000,Salary,3
USER_1643,42,Female,Sialkot,Driver,59000,Savings,8
USER_1644,32,Female,Multan,Engineer,248000,Current,13.4
USER_1645,50,Male,Peshawar,Salaried Employee,100000,Savings,8
USER_1646,31,Male,Islamabad,Salaried Employee,117000,Salary,10.9
USER_1647,60,Male,Hyderabad,Engineer,150000,Current,10.3
USER_1648,31,Male,Hyderabad,Student,18000,Savings,2.4
USER_1649,28,Male,Quetta,Student,39000,Salary,2.6
USER_1650,34,Male,Quetta,Doctor,514000,Salary,9.7
USER_1651,64,Female,Lahore,Government Employee,119000,Salary,14.9
USER_1652,28,Male,Hyderabad,Freelancer,145000,Salary,12.4
USER_1653,57,Female,Islamabad,Retired,75000,Current,9.1
USER_1654,32,Female,Hyderabad,Salaried Employee,84000,Savings,3.4
USER_1655,61,Female,Islamabad,Freelancer,120000,Savings,7.4
USER_1656,56,Male,Quetta,Business Owner,939000,Savings,1.9
USER_1657,26,Male,Hyderabad,Business Owner,591000,Current,13.2
USER_1658,51,Female,Rawalpindi,Shopkeeper,180000,Current,9
USER_1659,66,Male,Hyderabad,Salaried Employee,103000,Current,11.6
USER_1660,36,Female,Faisalabad,Government Employee,61000,Salary,11.3
USER_1661,54,Male,Quetta,Student,22000,Salary,3.5
USER_1662,44,Female,Lahore,Salaried Employee,126000,Salary,9
USER_1663,52,Female,Sialkot,Engineer,280000,Current,14.9
USER_1664,66,Male,Hyderabad,Business Owner,972000,Salary,7.5
USER_1665,53,Female,Faisalabad,Teacher,98000,Current,11.7
USER_1666,65,Male,Lahore,Retired,60000,Current,11.9
USER_1667,24,Male,Quetta,Doctor,377000,Salary,9.4
USER_1668,63,Male,Islamabad,Doctor,533000,Savings,12.2
USER_1669,48,Female,Lahore,Housewife,10000,Savings,5.9
USER_1670,20,Female,Hyderabad,Freelancer,343000,Current,10.8
USER_1671,21,Male,Peshawar,Shopkeeper,83000,Savings,12.8
USER_1672,36,Male,Karachi,Freelancer,338000,Salary,10.6
USER_1673,28,Male,Multan,Government Employee,146000,Savings,14.6
USER_1674,35,Female,Multan,Driver,43000,Current,9
USER_1675,18,Male,Lahore,Business Owner,448000,Salary,12.5
USER_1676,40,Female,Faisalabad,Government Employee,139000,Savings,7.1
USER_1677,54,Male,Faisalabad,Salaried Employee,123000,Salary,2
USER_1678,50,Female,Multan,Housewife,10000,Salary,12.3
USER_1679,34,Female,Hyderabad,Freelancer,324000,Savings,11.5
USER_1680,61,Female,Sialkot,Student,26000,Savings,4.2
USER_1681,58,Male,Rawalpindi,Engineer,228000,Current,8
USER_1682,62,Female,Rawalpindi,Teacher,66000,Current,10.3
USER_1683,22,Male,Peshawar,Engineer,213000,Savings,13.5
USER_1684,29,Male,Peshawar,Retired,56000,Savings,11.2
USER_1685,31,Male,Rawalpindi,Government Employee,170000,Salary,5.7
USER_1686,25,Male,Peshawar,Freelancer,73000,Salary,14.4
USER_1687,41,Female,Peshawar,Freelancer,214000,Current,3.2
USER_1688,35,Female,Rawalpindi,Freelancer,137000,Savings,8.1
USER_1689,48,Male,Quetta,Engineer,223000,Salary,11.8
USER_1690,25,Female,Multan,Retired,31000,Savings,10.3
USER_1691,55,Male,Multan,Engineer,281000,Current,3.2
USER_1692,33,Female,Peshawar,Freelancer,250000,Current,3.2
USER_1693,31,Female,Multan,Engineer,225000,Current,7
USER_1694,26,Male,Lahore,Retired,65000,Savings,8.6
USER_1695,30,Male,Islamabad,Shopkeeper,83000,Savings,6.6
USER_1696,58,Female,Peshawar,Teacher,76000,Salary,12.9
USER_1697,43,Male,Islamabad,Student,17000,Current,7.4
USER_1698,24,Female,Multan,Teacher,84000,Current,8.6
USER_1699,40,Female,Hyderabad,Housewife,15000,Salary,14.5
USER_1700,54,Male,Faisalabad,Engineer,205000,Salary,7.9
USER_1701,46,Male,Hyderabad,Freelancer,220000,Current,9.7
USER_1702,28,Female,Hyderabad,Driver,50000,Salary,6.4
USER_1703,23,Male,Multan,Government Employee,101000,Current,10
USER_1704,35,Female,Faisalabad,Shopkeeper,175000,Salary,9
USER_1705,44,Male,Islamabad,Student,14000,Salary,3.9
USER_1706,65,Male,Rawalpindi,Salaried Employee,122000,Savings,1.9
USER_1707,53,Male,Karachi,Doctor,475000,Savings,2
USER_1708,27,Male,Hyderabad,Teacher,75000,Savings,11.2
USER_1709,58,Male,Islamabad,Business Owner,329000,Savings,1
USER_1710,38,Female,Peshawar,Business Owner,436000,Salary,7
USER_1711,52,Male,Sialkot,Freelancer,309000,Salary,11.4
USER_1712,45,Female,Multan,Shopkeeper,221000,Savings,12.2
USER_1713,37,Female,Hyderabad,Teacher,70000,Current,0.7
USER_1714,70,Male,Multan,Teacher,91000,Salary,0.6
USER_1715,66,Female,Faisalabad,Student,35000,Current,12.1
USER_1716,32,Male,Quetta,Engineer,169000,Current,13.3
USER_1717,43,Male,Islamabad,Retired,81000,Current,3.7
USER_1718,45,Male,Quetta,Freelancer,213000,Current,9.9
USER_1719,69,Female,Hyderabad,Government Employee,172000,Savings,3.1
USER_1720,25,Female,Sialkot,Shopkeeper,151000,Salary,9.5
USER_1721,38,Male,Islamabad,Student,28000,Savings,3.2
USER_1722,36,Female,Islamabad,Retired,87000,Salary,0.6
USER_1723,27,Male,Peshawar,Government Employee,105000,Current,5
USER_1724,41,Female,Karachi,Engineer,141000,Savings,1.3
USER_1725,22,Female,Islamabad,Government Employee,177000,Current,12.4
USER_1726,25,Male,Hyderabad,Shopkeeper,145000,Salary,14.9
USER_1727,47,Male,Quetta,Driver,37000,Current,6.1
USER_1728,38,Male,Karachi,Retired,98000,Savings,4.2
USER_1729,37,Male,Multan,Student,38000,Salary,3.7
USER_1730,33,Female,Multan,Student,15000,Current,9
USER_1731,68,Male,Karachi,Student,29000,Salary,7.4
USER_1732,27,Female,Lahore,Government Employee,81000,Current,1.8
USER_1733,39,Male,Karachi,Engineer,289000,Savings,10.7
USER_1734,26,Female,Rawalpindi,Engineer,266000,Salary,11.5
USER_1735,64,Male,Karachi,Retired,80000,Current,11
USER_1736,20,Female,Peshawar,Business Owner,459000,Salary,10.6
USER_1737,54,Male,Quetta,Engineer,205000,Salary,7.3
USER_1738,53,Male,Lahore,Business Owner,313000,Current,4.8
USER_1739,52,Female,Peshawar,Student,35000,Salary,7.8
USER_1740,29,Male,Sialkot,Engineer,283000,Savings,5.2
USER_1741,60,Female,Rawalpindi,Business Owner,866000,Current,11.6
USER_1742,57,Female,Multan,Doctor,536000,Current,2.1
USER_1743,60,Male,Karachi,Salaried Employee,93000,Savings,3.4
USER_1744,30,Male,Karachi,Freelancer,274000,Salary,7.6
USER_1745,62,Female,Karachi,Engineer,178000,Salary,10.9
USER_1746,31,Female,Lahore,Shopkeeper,247000,Savings,5.7
USER_1747,44,Female,Karachi,Freelancer,209000,Salary,1.1
USER_1748,37,Male,Rawalpindi,Business Owner,252000,Savings,11
USER_1749,42,Male,Rawalpindi,Business Owner,839000,Savings,8.8
USER_1750,53,Female,Lahore,Driver,49000,Current,10.3
USER_1751,60,Female,Lahore,Salaried Employee,94000,Salary,6.3
USER_1752,60,Male,Quetta,Freelancer,302000,Current,13.6
USER_1753,38,Female,Hyderabad,Driver,44000,Salary,5.2
USER_1754,54,Male,Hyderabad,Business Owner,931000,Current,5.7
USER_1755,46,Female,Karachi,Retired,35000,Current,9.1
USER_1756,26,Female,Karachi,Teacher,75000,Savings,12.9
USER_1757,67,Female,Quetta,Business Owner,733000,Salary,13.9
USER_1758,24,Male,Peshawar,Engineer,161000,Savings,4.3
USER_1759,33,Male,Faisalabad,Teacher,66000,Salary,6.3
USER_1760,64,Male,Multan,Shopkeeper,125000,Current,12.5
USER_1761,62,Male,Sialkot,Driver,40000,Savings,11.1
USER_1762,42,Male,Karachi,Engineer,211000,Current,6.5
USER_1763,67,Male,Sialkot,Student,31000,Salary,6
USER_1764,51,Male,Multan,Business Owner,742000,Savings,5.2
USER_1765,32,Male,Karachi,Driver,54000,Current,14.6
USER_1766,54,Male,Rawalpindi,Doctor,352000,Current,2.6
USER_1767,23,Female,Sialkot,Retired,36000,Salary,6.3
USER_1768,43,Female,Islamabad,Salaried Employee,133000,Salary,3.4
USER_1769,59,Male,Quetta,Freelancer,345000,Savings,4
USER_1770,67,Female,Multan,Driver,49000,Savings,2.1
USER_1771,45,Female,Multan,Government Employee,102000,Current,9.1
USER_1772,67,Female,Islamabad,Engineer,282000,Current,9.5
USER_1773,20,Male,Rawalpindi,Driver,42000,Savings,11.5
USER_1774,25,Male,Rawalpindi,Freelancer,147000,Current,0.7
USER_1775,69,Male,Faisalabad,Shopkeeper,204000,Savings,5.3
USER_1776,52,Male,Rawalpindi,Business Owner,699000,Current,8.5
USER_1777,64,Male,Karachi,Doctor,506000,Salary,8.1
USER_1778,28,Male,Faisalabad,Government Employee,163000,Salary,9.5
USER_1779,47,Male,Lahore,Doctor,546000,Current,10.1
USER_1780,41,Male,Karachi,Teacher,117000,Salary,6.1
USER_1781,50,Male,Multan,Shopkeeper,237000,Salary,1.8
USER_1782,50,Female,Quetta,Retired,33000,Savings,4.1
USER_1783,37,Female,Peshawar,Doctor,590000,Savings,0.8
USER_1784,40,Female,Faisalabad,Government Employee,126000,Current,12.3
USER_1785,34,Female,Karachi,Business Owner,444000,Savings,2.7
USER_1786,60,Male,Lahore,Retired,80000,Salary,14.4
USER_1787,58,Male,Hyderabad,Government Employee,135000,Savings,6.7
USER_1788,56,Female,Peshawar,Business Owner,288000,Savings,10
USER_1789,52,Male,Islamabad,Teacher,105000,Salary,13.5
USER_1790,45,Male,Sialkot,Salaried Employee,112000,Savings,8.6
USER_1791,25,Male,Multan,Salaried Employee,74000,Current,13.3
USER_1792,44,Female,Peshawar,Retired,66000,Savings,11.8
USER_1793,26,Male,Karachi,Freelancer,393000,Current,9.3
USER_1794,32,Male,Rawalpindi,Driver,31000,Current,1.7
USER_1795,26,Female,Multan,Salaried Employee,121000,Current,7.4
USER_1796,30,Male,Karachi,Doctor,208000,Current,14.3
USER_1797,65,Female,Rawalpindi,Housewife,0,Current,13.1
USER_1798,62,Female,Peshawar,Government Employee,116000,Current,11.8
USER_1799,65,Female,Multan,Doctor,521000,Salary,8.8
USER_1800,51,Female,Quetta,Housewife,25000,Current,12.5
USER_1801,33,Female,Karachi,Business Owner,556000,Salary,11.6
USER_1802,30,Female,Peshawar,Doctor,360000,Current,7.2
USER_1803,36,Male,Quetta,Salaried Employee,131000,Salary,7
USER_1804,50,Male,Islamabad,Freelancer,356000,Savings,6.2
USER_1805,46,Male,Islamabad,Shopkeeper,235000,Salary,13.5
USER_1806,23,Female,Multan,Retired,51000,Salary,11.1
USER_1807,25,Female,Multan,Housewife,20000,Salary,12
USER_1808,57,Male,Hyderabad,Business Owner,549000,Savings,11.6
USER_1809,54,Male,Islamabad,Salaried Employee,93000,Salary,1.2
USER_1810,37,Female,Faisalabad,Driver,36000,Savings,13.5
USER_1811,18,Female,Karachi,Shopkeeper,210000,Current,8.4
USER_1812,56,Female,Rawalpindi,Government Employee,137000,Salary,7.4
USER_1813,46,Male,Sialkot,Freelancer,73000,Savings,13.3
USER_1814,57,Male,Karachi,Salaried Employee,89000,Savings,10
USER_1815,27,Male,Sialkot,Freelancer,226000,Current,13.8
USER_1816,24,Female,Islamabad,Salaried Employee,107000,Salary,10.1
USER_1817,56,Male,Peshawar,Retired,77000,Savings,1.9
USER_1818,38,Female,Hyderabad,Housewife,20000,Salary,1.4
USER_1819,26,Male,Faisalabad,Engineer,258000,Current,8.1
USER_1820,31,Male,Lahore,Freelancer,400000,Salary,14.8
USER_1821,64,Female,Hyderabad,Freelancer,236000,Current,8.1
USER_1822,40,Male,Sialkot,Freelancer,330000,Salary,11.1
USER_1823,49,Male,Sialkot,Government Employee,153000,Current,14.7
USER_1824,25,Male,Peshawar,Driver,56000,Savings,11.2
USER_1825,69,Female,Hyderabad,Student,21000,Current,8.6
USER_1826,31,Male,Rawalpindi,Retired,67000,Current,12
USER_1827,37,Female,Karachi,Housewife,15000,Current,6.2
USER_1828,57,Male,Islamabad,Government Employee,103000,Current,13.9
USER_1829,48,Male,Islamabad,Shopkeeper,121000,Salary,7.2
USER_1830,39,Female,Hyderabad,Retired,37000,Salary,4.8
USER_1831,61,Female,Quetta,Business Owner,170000,Savings,8.9
USER_1832,69,Female,Lahore,Salaried Employee,107000,Savings,5.4
USER_1833,58,Male,Sialkot,Freelancer,274000,Savings,9.1
USER_1834,63,Female,Karachi,Teacher,87000,Savings,7.7
USER_1835,41,Female,Faisalabad,Government Employee,129000,Current,3
USER_1836,68,Female,Rawalpindi,Housewife,25000,Salary,0.9
USER_1837,50,Male,Rawalpindi,Engineer,247000,Salary,13.2
USER_1838,67,Female,Islamabad,Housewife,0,Savings,11
USER_1839,42,Male,Karachi,Teacher,63000,Salary,12.8
USER_1840,39,Female,Karachi,Housewife,10000,Savings,8.9
USER_1841,58,Male,Multan,Government Employee,85000,Current,4.5
USER_1842,67,Female,Lahore,Teacher,70000,Savings,4.5
USER_1843,57,Male,Rawalpindi,Business Owner,517000,Salary,5.1
USER_1844,63,Female,Sialkot,Government Employee,82000,Savings,5
USER_1845,52,Female,Karachi,Salaried Employee,74000,Current,13.6
USER_1846,24,Female,Karachi,Housewife,20000,Current,3.1
USER_1847,55,Female,Sialkot,Engineer,202000,Current,12.4
USER_1848,66,Male,Peshawar,Freelancer,139000,Savings,12.3
USER_1849,47,Male,Peshawar,Teacher,105000,Salary,10.8
USER_1850,48,Male,Rawalpindi,Salaried Employee,104000,Current,6.2
USER_1851,60,Female,Multan,Shopkeeper,208000,Savings,1.4
USER_1852,40,Female,Peshawar,Salaried Employee,107000,Current,9.3
USER_1853,50,Male,Hyderabad,Retired,44000,Current,8.6
USER_1854,68,Female,Quetta,Shopkeeper,185000,Salary,6.5
USER_1855,33,Male,Peshawar,Doctor,235000,Current,3.5
USER_1856,55,Female,Hyderabad,Freelancer,249000,Salary,10.6
USER_1857,60,Male,Sialkot,Shopkeeper,110000,Salary,9.1
USER_1858,53,Male,Peshawar,Salaried Employee,110000,Current,1.5
USER_1859,61,Female,Multan,Shopkeeper,249000,Salary,1.4
USER_1860,70,Male,Sialkot,Driver,57000,Savings,11.5
USER_1861,27,Female,Quetta,Teacher,86000,Salary,8.9
USER_1862,31,Female,Faisalabad,Freelancer,230000,Current,10.9
USER_1863,23,Male,Sialkot,Business Owner,574000,Savings,12.9
USER_1864,41,Male,Karachi,Retired,77000,Savings,13
USER_1865,33,Female,Sialkot,Doctor,528000,Current,10.8
USER_1866,42,Female,Quetta,Government Employee,147000,Savings,7.4
USER_1867,53,Female,Multan,Doctor,281000,Current,15
USER_1868,26,Female,Karachi,Housewife,0,Savings,11
USER_1869,60,Female,Islamabad,Housewife,0,Salary,12.2
USER_1870,68,Female,Sialkot,Salaried Employee,130000,Salary,6.6
USER_1871,42,Female,Rawalpindi,Salaried Employee,126000,Salary,0.6
USER_1872,64,Male,Quetta,Teacher,87000,Salary,8.9
USER_1873,20,Female,Multan,Housewife,25000,Salary,1.7
USER_1874,64,Female,Peshawar,Business Owner,232000,Salary,13.4
USER_1875,33,Female,Lahore,Driver,51000,Salary,12.1
USER_1876,57,Male,Multan,Business Owner,966000,Savings,7.3
USER_1877,48,Female,Hyderabad,Engineer,197000,Current,2.9
USER_1878,56,Female,Sialkot,Teacher,64000,Salary,7.4
USER_1879,54,Male,Faisalabad,Retired,34000,Current,7.5
USER_1880,50,Male,Faisalabad,Teacher,69000,Salary,4.6
USER_1881,18,Male,Sialkot,Salaried Employee,148000,Salary,2.7
USER_1882,41,Male,Faisalabad,Retired,61000,Current,3.1
USER_1883,20,Female,Lahore,Salaried Employee,148000,Savings,12.6
USER_1884,67,Female,Rawalpindi,Driver,44000,Salary,9.7
USER_1885,54,Female,Karachi,Driver,39000,Savings,1.3
USER_1886,43,Female,Faisalabad,Shopkeeper,220000,Savings,6
USER_1887,42,Female,Faisalabad,Salaried Employee,140000,Current,0.7
USER_1888,42,Female,Quetta,Driver,31000,Savings,13.8
USER_1889,40,Female,Sialkot,Driver,58000,Current,5.4
USER_1890,69,Male,Faisalabad,Driver,49000,Current,7.2
USER_1891,65,Male,Sialkot,Government Employee,128000,Current,10.3
USER_1892,38,Female,Karachi,Housewife,0,Current,1.9
USER_1893,61,Female,Multan,Government Employee,155000,Current,4.2
USER_1894,19,Male,Karachi,Freelancer,184000,Salary,9.8
USER_1895,25,Male,Sialkot,Salaried Employee,119000,Salary,11.6
USER_1896,54,Male,Lahore,Retired,54000,Current,4.8
USER_1897,22,Female,Faisalabad,Doctor,563000,Salary,11.7
USER_1898,34,Male,Lahore,Teacher,111000,Savings,6.1
USER_1899,21,Female,Faisalabad,Salaried Employee,128000,Savings,7.6
USER_1900,57,Female,Islamabad,Driver,46000,Savings,2.6
USER_1901,31,Male,Peshawar,Retired,64000,Savings,1
USER_1902,54,Female,Peshawar,Student,39000,Current,2.7
USER_1903,18,Male,Hyderabad,Teacher,70000,Salary,5.3
USER_1904,54,Male,Quetta,Retired,94000,Current,6.8
USER_1905,67,Male,Quetta,Government Employee,60000,Current,14.3
USER_1906,25,Female,Multan,Driver,40000,Current,1.3
USER_1907,23,Female,Quetta,Engineer,141000,Current,11.5
USER_1908,59,Male,Islamabad,Business Owner,191000,Current,10.1
USER_1909,62,Female,Lahore,Driver,53000,Current,7.6
USER_1910,46,Male,Islamabad,Student,16000,Savings,10.9
USER_1911,33,Female,Hyderabad,Housewife,10000,Current,8.2
USER_1912,19,Male,Multan,Student,21000,Salary,1.1
USER_1913,31,Female,Quetta,Salaried Employee,146000,Savings,13.9
USER_1914,65,Male,Peshawar,Driver,31000,Current,13.7
USER_1915,20,Male,Islamabad,Student,16000,Salary,1.2
USER_1916,70,Male,Peshawar,Freelancer,159000,Salary,1.4
USER_1917,25,Female,Sialkot,Freelancer,186000,Savings,12.2
USER_1918,39,Female,Multan,Housewife,0,Current,12.6
USER_1919,66,Male,Sialkot,Salaried Employee,114000,Savings,2.3
USER_1920,66,Female,Islamabad,Retired,78000,Salary,2.9
USER_1921,55,Female,Islamabad,Housewife,20000,Savings,0.7
USER_1922,23,Male,Karachi,Salaried Employee,82000,Salary,10
USER_1923,44,Female,Islamabad,Government Employee,79000,Salary,4.4
USER_1924,44,Male,Islamabad,Freelancer,90000,Salary,3.1
USER_1925,57,Male,Faisalabad,Engineer,230000,Savings,8.6
USER_1926,25,Male,Sialkot,Engineer,261000,Salary,3.7
USER_1927,60,Male,Faisalabad,Student,16000,Savings,12.1
USER_1928,48,Female,Islamabad,Salaried Employee,76000,Savings,9.9
USER_1929,31,Female,Faisalabad,Engineer,282000,Current,1.1
USER_1930,21,Male,Islamabad,Student,26000,Salary,2.2
USER_1931,64,Female,Sialkot,Freelancer,241000,Current,3.4
USER_1932,38,Male,Lahore,Engineer,180000,Savings,3.9
USER_1933,30,Female,Rawalpindi,Housewife,25000,Salary,7.5
USER_1934,27,Male,Sialkot,Shopkeeper,127000,Current,5.9
USER_1935,64,Male,Multan,Teacher,73000,Current,2.3
USER_1936,54,Male,Faisalabad,Salaried Employee,85000,Current,7.1
USER_1937,66,Female,Rawalpindi,Teacher,100000,Savings,11.9
USER_1938,57,Male,Sialkot,Business Owner,391000,Savings,6.5
USER_1939,49,Male,Sialkot,Shopkeeper,201000,Current,0.7
USER_1940,65,Male,Rawalpindi,Engineer,234000,Salary,3.7
USER_1941,27,Male,Hyderabad,Student,11000,Current,11.1
USER_1942,20,Female,Quetta,Doctor,451000,Salary,12.4
USER_1943,49,Male,Lahore,Business Owner,940000,Savings,10.6
USER_1944,31,Male,Multan,Teacher,76000,Salary,15
USER_1945,48,Female,Islamabad,Retired,90000,Salary,11.3
USER_1946,47,Female,Islamabad,Retired,83000,Savings,12
USER_1947,58,Female,Karachi,Driver,32000,Current,13.5
USER_1948,51,Male,Faisalabad,Doctor,595000,Current,10.6
USER_1949,52,Male,Lahore,Freelancer,246000,Salary,14
USER_1950,61,Female,Karachi,Housewife,20000,Current,7.2
USER_1951,41,Female,Islamabad,Driver,48000,Salary,1.5
USER_1952,67,Male,Islamabad,Engineer,183000,Salary,2.1
USER_1953,65,Male,Rawalpindi,Engineer,212000,Current,7.8
USER_1954,35,Male,Lahore,Engineer,210000,Current,7.6
USER_1955,25,Female,Quetta,Driver,57000,Salary,13.5
USER_1956,57,Female,Lahore,Government Employee,177000,Current,1.8
USER_1957,29,Female,Lahore,Housewife,0,Current,2.1
USER_1958,49,Male,Rawalpindi,Business Owner,808000,Savings,4.8
USER_1959,52,Male,Peshawar,Engineer,230000,Current,11.2
USER_1960,36,Male,Lahore,Student,39000,Savings,12.6
USER_1961,59,Female,Hyderabad,Freelancer,250000,Salary,9.9
USER_1962,49,Female,Peshawar,Teacher,97000,Savings,13.5
USER_1963,28,Female,Rawalpindi,Shopkeeper,177000,Current,11.7
USER_1964,27,Female,Faisalabad,Shopkeeper,124000,Salary,13.9
USER_1965,52,Female,Islamabad,Salaried Employee,90000,Savings,3.9
USER_1966,38,Male,Peshawar,Teacher,84000,Savings,3.5
USER_1967,20,Female,Multan,Salaried Employee,119000,Current,8.3
USER_1968,52,Female,Lahore,Student,23000,Current,11.6
USER_1969,38,Male,Karachi,Retired,97000,Current,9.9
USER_1970,48,Female,Sialkot,Driver,35000,Salary,11.1
USER_1971,39,Male,Peshawar,Student,15000,Salary,8.5
USER_1972,19,Female,Sialkot,Government Employee,118000,Current,1.8
USER_1973,56,Male,Sialkot,Business Owner,383000,Current,3.3
USER_1974,52,Female,Lahore,Business Owner,564000,Savings,7.6
USER_1975,56,Male,Multan,Doctor,278000,Salary,12.9
USER_1976,42,Female,Karachi,Teacher,83000,Current,5
USER_1977,53,Male,Rawalpindi,Retired,88000,Salary,14.9
USER_1978,36,Male,Hyderabad,Retired,84000,Savings,12.6
USER_1979,23,Male,Rawalpindi,Teacher,91000,Salary,14.8
USER_1980,55,Female,Lahore,Student,23000,Salary,13.8
USER_1981,29,Female,Sialkot,Salaried Employee,96000,Savings,12.6
USER_1982,53,Female,Karachi,Teacher,115000,Salary,4.9
USER_1983,65,Female,Rawalpindi,Student,36000,Savings,2.7
USER_1984,58,Female,Lahore,Driver,52000,Current,6.5
USER_1985,62,Female,Karachi,Housewife,10000,Current,14.9
USER_1986,56,Female,Sialkot,Shopkeeper,228000,Current,13.1
USER_1987,61,Female,Lahore,Engineer,254000,Salary,8.8
USER_1988,28,Male,Islamabad,Engineer,241000,Salary,2.5
USER_1989,21,Female,Multan,Doctor,534000,Current,1.2
USER_1990,51,Male,Quetta,Government Employee,160000,Salary,3.2
USER_1991,56,Male,Quetta,Engineer,203000,Salary,12.1
USER_1992,61,Female,Lahore,Business Owner,758000,Current,12.4
USER_1993,26,Female,Multan,Shopkeeper,188000,Current,13.9
USER_1994,24,Male,Islamabad,Business Owner,382000,Savings,12
USER_1995,57,Male,Hyderabad,Shopkeeper,100000,Savings,12.4
USER_1996,48,Female,Faisalabad,Retired,78000,Savings,12.3
USER_1997,51,Female,Islamabad,Retired,70000,Savings,11.3
USER_1998,32,Male,Islamabad,Retired,60000,Current,2.3
USER_1999,23,Female,Lahore,Housewife,0,Current,11.5
USER_2000,30,Male,Karachi,Driver,47000,Salary,1.4
USER_2001,34,Male,Lahore,Teacher,104000,Savings,11.4
USER_2002,56,Male,Sialkot,Government Employee,84000,Salary,5.6
USER_2003,27,Female,Sialkot,Engineer,212000,Savings,12.9
USER_2004,57,Male,Quetta,Freelancer,106000,Savings,12.4
USER_2005,51,Male,Rawalpindi,Teacher,71000,Salary,0.6
USER_2006,24,Male,Quetta,Retired,92000,Current,10.6
USER_2007,46,Male,Islamabad,Engineer,220000,Current,3.6
USER_2008,44,Female,Multan,Housewife,25000,Savings,8
USER_2009,66,Female,Faisalabad,Business Owner,907000,Savings,1.7
USER_2010,25,Female,Faisalabad,Shopkeeper,237000,Salary,5
USER_2011,32,Female,Faisalabad,Doctor,299000,Savings,13.5
USER_2012,61,Female,Islamabad,Student,32000,Current,10.2
USER_2013,46,Male,Lahore,Salaried Employee,122000,Current,10.6
USER_2014,65,Male,Lahore,Engineer,172000,Current,3.4
USER_2015,25,Male,Hyderabad,Retired,95000,Current,11.6
USER_2016,55,Female,Hyderabad,Engineer,245000,Salary,9.2
USER_2017,49,Female,Islamabad,Shopkeeper,108000,Savings,4.1
USER_2018,32,Female,Karachi,Housewife,0,Savings,7.7
USER_2019,29,Female,Sialkot,Driver,41000,Savings,4.9
USER_2020,24,Male,Quetta,Shopkeeper,202000,Savings,4.8
USER_2021,49,Female,Quetta,Engineer,262000,Salary,0.8
USER_2022,45,Male,Hyderabad,Shopkeeper,162000,Current,6.9
USER_2023,20,Male,Quetta,Driver,58000,Current,13.3
USER_2024,49,Female,Islamabad,Teacher,107000,Current,7.6
USER_2025,54,Female,Quetta,Driver,48000,Salary,7.3
USER_2026,28,Male,Hyderabad,Teacher,92000,Salary,14.6
USER_2027,61,Female,Faisalabad,Engineer,136000,Savings,9.1
USER_2028,41,Female,Sialkot,Student,35000,Salary,5.4
USER_2029,45,Female,Multan,Doctor,384000,Savings,10.1
USER_2030,33,Female,Sialkot,Housewife,0,Current,2.2
USER_2031,19,Female,Karachi,Shopkeeper,191000,Salary,8
USER_2032,35,Male,Peshawar,Freelancer,82000,Current,6
USER_2033,38,Female,Peshawar,Housewife,5000,Current,7.7
USER_2034,39,Male,Sialkot,Teacher,84000,Current,3.4
USER_2035,68,Male,Quetta,Government Employee,98000,Current,1.2
USER_2036,43,Male,Sialkot,Retired,42000,Salary,12.7
USER_2037,55,Female,Faisalabad,Housewife,25000,Current,3.5
USER_2038,59,Female,Quetta,Teacher,88000,Salary,8.3
USER_2039,44,Female,Faisalabad,Freelancer,340000,Current,10.2
USER_2040,29,Male,Quetta,Salaried Employee,146000,Current,3.6
USER_2041,47,Female,Quetta,Freelancer,297000,Salary,11
USER_2042,51,Male,Multan,Shopkeeper,119000,Savings,2.7
USER_2043,66,Female,Hyderabad,Doctor,367000,Savings,9.7
USER_2044,35,Female,Islamabad,Teacher,105000,Salary,3.9
USER_2045,25,Male,Rawalpindi,Student,18000,Current,7.2
USER_2046,45,Female,Karachi,Government Employee,81000,Current,2.5
USER_2047,68,Female,Quetta,Salaried Employee,76000,Salary,7.5
USER_2048,21,Male,Multan,Freelancer,226000,Savings,13.6
USER_2049,41,Male,Hyderabad,Retired,48000,Savings,2.1
USER_2050,50,Male,Quetta,Driver,57000,Salary,14.3
USER_2051,34,Female,Lahore,Government Employee,139000,Savings,11.7
USER_2052,39,Female,Rawalpindi,Doctor,314000,Savings,2
USER_2053,35,Female,Hyderabad,Teacher,117000,Salary,1.3
USER_2054,41,Male,Multan,Business Owner,594000,Current,10.4
USER_2055,68,Male,Multan,Shopkeeper,176000,Current,0.8
USER_2056,20,Male,Rawalpindi,Teacher,96000,Current,5
USER_2057,41,Male,Quetta,Government Employee,172000,Current,6.1
USER_2058,34,Female,Lahore,Government Employee,99000,Savings,13
USER_2059,46,Female,Hyderabad,Student,19000,Savings,12.4
USER_2060,48,Female,Multan,Retired,85000,Savings,12.5
USER_2061,34,Male,Multan,Doctor,516000,Salary,12.3
USER_2062,38,Female,Karachi,Student,31000,Salary,3.2
USER_2063,68,Male,Karachi,Doctor,305000,Salary,4.9
USER_2064,23,Male,Islamabad,Government Employee,128000,Salary,14.6
USER_2065,66,Male,Sialkot,Driver,43000,Current,7
USER_2066,26,Female,Islamabad,Driver,49000,Current,12.1
USER_2067,23,Female,Multan,Salaried Employee,122000,Current,14.2
USER_2068,32,Male,Karachi,Business Owner,829000,Salary,9.6
USER_2069,47,Male,Faisalabad,Retired,52000,Savings,6.3
USER_2070,56,Female,Islamabad,Housewife,15000,Savings,14.2
USER_2071,18,Female,Peshawar,Driver,46000,Savings,3.8
USER_2072,30,Female,Faisalabad,Retired,95000,Current,2.4
USER_2073,56,Male,Faisalabad,Retired,55000,Current,3.1
USER_2074,19,Female,Faisalabad,Government Employee,141000,Current,13.7
USER_2075,55,Female,Lahore,Student,25000,Savings,13.1
USER_2076,43,Male,Hyderabad,Retired,85000,Salary,9.2
USER_2077,24,Male,Karachi,Engineer,182000,Current,13.7
USER_2078,60,Male,Karachi,Teacher,93000,Salary,6
USER_2079,60,Female,Islamabad,Business Owner,193000,Salary,3.1
USER_2080,50,Female,Multan,Shopkeeper,115000,Savings,5.1
USER_2081,45,Female,Faisalabad,Housewife,15000,Savings,14.7
USER_2082,35,Female,Hyderabad,Teacher,119000,Current,9.4
USER_2083,51,Female,Hyderabad,Salaried Employee,111000,Salary,14.9
USER_2084,53,Female,Karachi,Government Employee,79000,Savings,3.8
USER_2085,48,Female,Islamabad,Retired,91000,Current,2.2
USER_2086,20,Female,Multan,Retired,94000,Current,7.6
USER_2087,27,Female,Multan,Housewife,5000,Current,3.1
USER_2088,65,Female,Sialkot,Driver,49000,Savings,9
USER_2089,51,Female,Hyderabad,Housewife,5000,Current,10.3
USER_2090,19,Female,Lahore,Doctor,396000,Salary,14
USER_2091,38,Female,Karachi,Housewife,25000,Salary,10.1
USER_2092,58,Female,Sialkot,Driver,30000,Current,14.6
USER_2093,57,Female,Multan,Retired,47000,Savings,13
USER_2094,36,Female,Karachi,Retired,39000,Salary,14.3
USER_2095,23,Female,Faisalabad,Salaried Employee,101000,Current,1.8
USER_2096,28,Female,Hyderabad,Teacher,102000,Salary,2.7
USER_2097,49,Female,Faisalabad,Driver,50000,Savings,5.7
USER_2098,41,Male,Peshawar,Shopkeeper,182000,Current,4.4
USER_2099,45,Male,Hyderabad,Engineer,281000,Savings,6.8
USER_2100,23,Male,Quetta,Engineer,242000,Salary,3.8
USER_2101,63,Male,Peshawar,Business Owner,810000,Salary,8.1
USER_2102,47,Female,Lahore,Shopkeeper,159000,Savings,14.8
USER_2103,37,Male,Quetta,Doctor,355000,Salary,1.2
USER_2104,20,Male,Quetta,Doctor,417000,Savings,7.2
USER_2105,54,Female,Multan,Teacher,98000,Savings,11.6
USER_2106,25,Female,Islamabad,Salaried Employee,122000,Savings,1.7
USER_2107,37,Female,Sialkot,Retired,90000,Salary,7
USER_2108,39,Male,Rawalpindi,Salaried Employee,80000,Salary,14.7
USER_2109,61,Male,Hyderabad,Business Owner,169000,Savings,6.2
USER_2110,28,Female,Peshawar,Retired,83000,Salary,14.5
USER_2111,64,Female,Faisalabad,Freelancer,393000,Current,10.5
USER_2112,61,Female,Faisalabad,Housewife,0,Savings,0.7
USER_2113,70,Male,Rawalpindi,Student,17000,Current,9.9
USER_2114,33,Female,Quetta,Government Employee,71000,Current,11.7
USER_2115,48,Female,Karachi,Housewife,0,Savings,11.2
USER_2116,49,Female,Karachi,Shopkeeper,233000,Savings,3.4
USER_2117,43,Male,Multan,Student,13000,Salary,12.8
USER_2118,44,Female,Sialkot,Freelancer,361000,Current,1
USER_2119,49,Female,Rawalpindi,Retired,38000,Salary,0.8
USER_2120,38,Male,Faisalabad,Driver,44000,Current,2.2
USER_2121,59,Female,Peshawar,Retired,87000,Savings,2.8
USER_2122,30,Female,Multan,Shopkeeper,141000,Salary,3.7
USER_2123,39,Female,Islamabad,Teacher,107000,Salary,6.2
USER_2124,61,Female,Peshawar,Salaried Employee,97000,Current,10.5
USER_2125,60,Female,Islamabad,Salaried Employee,96000,Savings,9.3
USER_2126,68,Female,Peshawar,Teacher,75000,Savings,8.6
USER_2127,40,Female,Multan,Driver,35000,Savings,12.5
USER_2128,20,Male,Multan,Doctor,260000,Salary,3.8
USER_2129,32,Female,Faisalabad,Engineer,213000,Savings,11.7
USER_2130,35,Male,Quetta,Freelancer,125000,Salary,1.2
USER_2131,69,Female,Lahore,Housewife,0,Salary,1.1
USER_2132,28,Male,Rawalpindi,Engineer,161000,Salary,4.7
USER_2133,66,Female,Lahore,Salaried Employee,118000,Current,12.4
USER_2134,30,Female,Hyderabad,Student,18000,Current,5.4
USER_2135,28,Male,Faisalabad,Engineer,229000,Current,9.6
USER_2136,27,Female,Rawalpindi,Salaried Employee,126000,Current,13.8
USER_2137,51,Female,Karachi,Shopkeeper,118000,Savings,10.9
USER_2138,22,Male,Multan,Engineer,225000,Savings,6.8
USER_2139,66,Male,Islamabad,Freelancer,100000,Salary,14.7
USER_2140,51,Female,Hyderabad,Doctor,557000,Salary,8.5
USER_2141,64,Female,Multan,Student,37000,Current,13.6
USER_2142,27,Female,Peshawar,Driver,37000,Salary,9.6
USER_2143,59,Female,Multan,Driver,43000,Savings,13.3
USER_2144,20,Female,Hyderabad,Retired,47000,Salary,14.9
USER_2145,31,Male,Quetta,Business Owner,477000,Salary,5.4
USER_2146,28,Male,Karachi,Business Owner,771000,Current,4
USER_2147,64,Female,Quetta,Housewife,0,Current,4.3
USER_2148,40,Male,Karachi,Driver,34000,Current,4.8
USER_2149,18,Female,Multan,Government Employee,166000,Salary,14.8
USER_2150,63,Male,Multan,Teacher,79000,Salary,11.9
USER_2151,54,Male,Hyderabad,Business Owner,923000,Savings,2
USER_2152,55,Male,Multan,Shopkeeper,106000,Savings,10.8
USER_2153,23,Male,Karachi,Doctor,268000,Current,3.6
USER_2154,41,Female,Sialkot,Business Owner,694000,Current,13.1
USER_2155,49,Female,Peshawar,Retired,94000,Salary,14.6
USER_2156,27,Male,Peshawar,Retired,90000,Savings,14.5
USER_2157,51,Male,Rawalpindi,Shopkeeper,204000,Savings,11.3
USER_2158,41,Male,Sialkot,Doctor,258000,Savings,5.9
USER_2159,20,Male,Lahore,Engineer,200000,Current,4.9
USER_2160,19,Male,Islamabad,Freelancer,291000,Savings,14.1
USER_2161,36,Male,Islamabad,Retired,94000,Savings,2.3
USER_2162,22,Male,Hyderabad,Shopkeeper,230000,Current,8.7
USER_2163,68,Female,Peshawar,Retired,47000,Savings,7.8
USER_2164,66,Female,Peshawar,Salaried Employee,113000,Savings,12.1
USER_2165,57,Female,Hyderabad,Government Employee,178000,Current,5.4
USER_2166,60,Female,Faisalabad,Driver,33000,Savings,10.8
USER_2167,58,Female,Quetta,Driver,34000,Salary,8.6
USER_2168,57,Male,Sialkot,Business Owner,349000,Current,7.8
USER_2169,25,Male,Karachi,Teacher,112000,Savings,4.1
USER_2170,55,Female,Lahore,Business Owner,786000,Current,6.3
USER_2171,49,Male,Multan,Doctor,295000,Current,0.8
USER_2172,38,Female,Faisalabad,Housewife,0,Savings,8.4
USER_2173,27,Female,Faisalabad,Housewife,0,Current,14.3
USER_2174,28,Male,Sialkot,Engineer,168000,Savings,10.8
USER_2175,42,Male,Multan,Salaried Employee,124000,Current,4.2
USER_2176,21,Male,Rawalpindi,Freelancer,377000,Savings,7.6
USER_2177,42,Male,Faisalabad,Student,20000,Current,8.5
USER_2178,48,Male,Hyderabad,Driver,38000,Savings,4.4
USER_2179,61,Male,Rawalpindi,Business Owner,833000,Savings,4.9
USER_2180,46,Male,Quetta,Government Employee,163000,Savings,5.9
USER_2181,68,Male,Quetta,Doctor,491000,Current,1.1
USER_2182,57,Female,Islamabad,Student,12000,Current,4.5
USER_2183,61,Female,Multan,Driver,37000,Salary,12.7
USER_2184,20,Male,Quetta,Freelancer,107000,Current,1.8
USER_2185,25,Male,Quetta,Teacher,118000,Current,3.6
USER_2186,69,Female,Multan,Driver,39000,Salary,7.1
USER_2187,60,Female,Multan,Government Employee,120000,Salary,5.3
USER_2188,26,Male,Sialkot,Shopkeeper,81000,Savings,10.3
USER_2189,53,Female,Hyderabad,Business Owner,235000,Salary,9.9
USER_2190,19,Female,Lahore,Engineer,219000,Salary,5.7
USER_2191,67,Male,Lahore,Shopkeeper,177000,Savings,6.9
USER_2192,65,Male,Faisalabad,Driver,53000,Current,3.3
USER_2193,58,Female,Rawalpindi,Government Employee,125000,Current,1
USER_2194,63,Male,Karachi,Government Employee,168000,Salary,6.2
USER_2195,54,Female,Islamabad,Business Owner,353000,Salary,11.2
USER_2196,61,Male,Lahore,Freelancer,137000,Salary,1.4
USER_2197,54,Male,Quetta,Retired,66000,Savings,12.8
USER_2198,62,Female,Quetta,Shopkeeper,81000,Current,9.8
USER_2199,21,Female,Hyderabad,Doctor,344000,Savings,10.4
USER_2200,49,Female,Quetta,Student,39000,Salary,3.8
USER_2201,44,Female,Multan,Student,23000,Savings,5.4
USER_2202,69,Male,Rawalpindi,Retired,86000,Savings,13.8
USER_2203,28,Female,Faisalabad,Housewife,0,Savings,7.5
USER_2204,55,Female,Faisalabad,Government Employee,74000,Current,4
USER_2205,21,Female,Quetta,Government Employee,70000,Salary,9.5
USER_2206,58,Female,Sialkot,Housewife,0,Savings,13.8
USER_2207,38,Male,Islamabad,Student,36000,Current,1.3
USER_2208,58,Female,Lahore,Housewife,0,Salary,1.3
USER_2209,43,Male,Sialkot,Doctor,322000,Salary,11.9
USER_2210,18,Female,Hyderabad,Shopkeeper,192000,Salary,9.5
USER_2211,59,Male,Peshawar,Business Owner,494000,Salary,3.3
USER_2212,18,Male,Sialkot,Government Employee,179000,Salary,2.3
USER_2213,34,Female,Hyderabad,Shopkeeper,243000,Current,3.2
USER_2214,69,Male,Karachi,Salaried Employee,111000,Salary,6.8
USER_2215,66,Female,Faisalabad,Freelancer,354000,Savings,2.6
USER_2216,56,Female,Faisalabad,Engineer,122000,Salary,9
USER_2217,27,Male,Rawalpindi,Business Owner,737000,Savings,6.6
USER_2218,30,Male,Lahore,Engineer,170000,Salary,7.4
USER_2219,47,Female,Sialkot,Freelancer,246000,Salary,4.8
USER_2220,28,Male,Peshawar,Student,26000,Savings,13.8
USER_2221,32,Male,Peshawar,Freelancer,182000,Savings,7.5
USER_2222,69,Female,Rawalpindi,Doctor,297000,Savings,5.8
USER_2223,40,Female,Quetta,Housewife,0,Current,6.9
USER_2224,55,Female,Karachi,Student,17000,Savings,4.6
USER_2225,34,Male,Multan,Business Owner,408000,Savings,3.3
USER_2226,34,Male,Karachi,Driver,34000,Current,10
USER_2227,39,Male,Faisalabad,Shopkeeper,143000,Current,12.2
USER_2228,28,Female,Lahore,Housewife,0,Savings,12
USER_2229,52,Female,Multan,Engineer,277000,Current,14.7
USER_2230,20,Male,Quetta,Teacher,112000,Savings,5.3
USER_2231,58,Female,Islamabad,Business Owner,762000,Current,3.5
USER_2232,68,Female,Sialkot,Housewife,0,Salary,6.1
USER_2233,66,Female,Peshawar,Business Owner,637000,Savings,5.2
USER_2234,51,Female,Peshawar,Shopkeeper,150000,Salary,6.3
USER_2235,59,Male,Rawalpindi,Government Employee,177000,Savings,7.1
USER_2236,43,Male,Faisalabad,Doctor,398000,Salary,2.8
USER_2237,34,Female,Islamabad,Housewife,10000,Current,8
USER_2238,55,Male,Peshawar,Business Owner,801000,Current,6.7
USER_2239,45,Female,Multan,Shopkeeper,163000,Current,6
USER_2240,46,Male,Faisalabad,Driver,32000,Current,13.6
USER_2241,50,Male,Faisalabad,Government Employee,73000,Savings,1.5
USER_2242,52,Male,Multan,Government Employee,148000,Current,4.1
USER_2243,70,Female,Rawalpindi,Retired,48000,Salary,11.2
USER_2244,18,Female,Faisalabad,Engineer,226000,Current,12.4
USER_2245,18,Female,Quetta,Salaried Employee,122000,Savings,3.8
USER_2246,31,Female,Rawalpindi,Business Owner,766000,Salary,11.5
USER_2247,70,Female,Multan,Housewife,15000,Savings,6.7
USER_2248,44,Male,Peshawar,Shopkeeper,226000,Savings,5.9
USER_2249,26,Female,Karachi,Shopkeeper,173000,Current,3.8
USER_2250,61,Female,Quetta,Teacher,81000,Salary,0.8
USER_2251,26,Male,Multan,Freelancer,386000,Salary,8.8
USER_2252,42,Female,Hyderabad,Housewife,20000,Savings,7.4
USER_2253,54,Female,Faisalabad,Housewife,0,Savings,10.3
USER_2254,20,Female,Karachi,Salaried Employee,96000,Savings,13.7
USER_2255,36,Male,Rawalpindi,Teacher,103000,Salary,1.5
USER_2256,41,Male,Islamabad,Engineer,228000,Current,2.8
USER_2257,26,Female,Peshawar,Retired,39000,Current,14.3
USER_2258,26,Male,Faisalabad,Doctor,572000,Salary,7.4
USER_2259,54,Female,Sialkot,Government Employee,126000,Salary,10.4
USER_2260,30,Male,Islamabad,Shopkeeper,97000,Current,9.3
USER_2261,51,Female,Sialkot,Shopkeeper,201000,Current,8.9
USER_2262,23,Female,Peshawar,Engineer,198000,Current,9.4
USER_2263,44,Male,Islamabad,Freelancer,297000,Current,6.1
USER_2264,29,Male,Hyderabad,Retired,36000,Savings,13.3
USER_2265,35,Female,Lahore,Retired,58000,Current,6.5
USER_2266,25,Female,Lahore,Housewife,15000,Current,7
USER_2267,31,Male,Peshawar,Student,12000,Salary,10.6
USER_2268,47,Female,Multan,Retired,82000,Savings,6.3
USER_2269,34,Male,Islamabad,Engineer,296000,Salary,7.2
USER_2270,22,Male,Quetta,Driver,38000,Salary,14.3
USER_2271,48,Female,Islamabad,Salaried Employee,72000,Salary,2
USER_2272,25,Female,Islamabad,Housewife,0,Salary,4.5
USER_2273,40,Male,Rawalpindi,Retired,35000,Salary,8.2
USER_2274,62,Male,Quetta,Driver,52000,Salary,10.1
USER_2275,42,Female,Peshawar,Student,30000,Savings,1.2
USER_2276,67,Male,Rawalpindi,Engineer,183000,Savings,1.8
USER_2277,19,Male,Multan,Government Employee,149000,Salary,1.4
USER_2278,69,Male,Islamabad,Student,24000,Salary,2.1
USER_2279,38,Male,Sialkot,Government Employee,131000,Current,14.1
USER_2280,32,Male,Lahore,Engineer,205000,Savings,0.7
USER_2281,38,Male,Hyderabad,Government Employee,120000,Savings,1.5
USER_2282,59,Female,Karachi,Housewife,5000,Current,4.9
USER_2283,49,Male,Quetta,Freelancer,160000,Current,14.4
USER_2284,38,Female,Islamabad,Engineer,166000,Salary,11.5
USER_2285,38,Female,Lahore,Engineer,125000,Salary,13.7
USER_2286,42,Male,Quetta,Freelancer,77000,Savings,0.8
USER_2287,37,Male,Hyderabad,Government Employee,141000,Savings,1.4
USER_2288,49,Female,Rawalpindi,Salaried Employee,119000,Savings,9.8
USER_2289,64,Female,Multan,Salaried Employee,106000,Current,9.8
USER_2290,51,Female,Faisalabad,Student,18000,Salary,5.3
USER_2291,31,Male,Rawalpindi,Driver,53000,Salary,3.7
USER_2292,51,Female,Islamabad,Shopkeeper,245000,Savings,1.4
USER_2293,22,Male,Karachi,Driver,35000,Savings,2.3
USER_2294,55,Male,Rawalpindi,Business Owner,232000,Current,11
USER_2295,28,Male,Rawalpindi,Doctor,293000,Salary,4.1
USER_2296,54,Female,Rawalpindi,Teacher,117000,Current,1.7
USER_2297,43,Female,Islamabad,Shopkeeper,196000,Current,7.8
USER_2298,45,Male,Peshawar,Student,35000,Current,6.7
USER_2299,66,Female,Sialkot,Business Owner,310000,Salary,11
USER_2300,42,Female,Faisalabad,Shopkeeper,154000,Current,8.7
USER_2301,22,Female,Islamabad,Retired,92000,Savings,2.7
USER_2302,18,Male,Quetta,Retired,79000,Current,6.4
USER_2303,43,Female,Hyderabad,Shopkeeper,161000,Salary,14.8
USER_2304,44,Male,Lahore,Doctor,497000,Savings,3.3
USER_2305,34,Female,Quetta,Retired,94000,Salary,10.5
USER_2306,21,Female,Hyderabad,Retired,62000,Savings,7.4
USER_2307,58,Male,Islamabad,Teacher,100000,Current,14.2
USER_2308,34,Male,Sialkot,Freelancer,155000,Savings,2.2
USER_2309,59,Female,Hyderabad,Retired,41000,Salary,13.7
USER_2310,28,Female,Faisalabad,Retired,70000,Salary,14.5
USER_2311,42,Female,Hyderabad,Retired,42000,Savings,9.7
USER_2312,70,Male,Faisalabad,Retired,57000,Salary,6.3
USER_2313,18,Male,Peshawar,Student,13000,Savings,11.7
USER_2314,51,Female,Faisalabad,Retired,86000,Savings,3.1
USER_2315,63,Male,Rawalpindi,Shopkeeper,128000,Salary,14.3
USER_2316,54,Male,Islamabad,Government Employee,68000,Salary,3.1
USER_2317,34,Female,Peshawar,Driver,60000,Salary,2.1
USER_2318,28,Female,Faisalabad,Housewife,20000,Savings,4.5
USER_2319,19,Male,Peshawar,Shopkeeper,106000,Savings,1.4
USER_2320,60,Male,Lahore,Government Employee,128000,Savings,5.9
USER_2321,66,Female,Peshawar,Shopkeeper,168000,Salary,6.7
USER_2322,61,Female,Multan,Government Employee,107000,Salary,6.3
USER_2323,21,Female,Multan,Housewife,0,Current,13.1
USER_2324,64,Male,Karachi,Freelancer,134000,Salary,4.6
USER_2325,66,Male,Multan,Shopkeeper,242000,Salary,10.1
USER_2326,50,Female,Rawalpindi,Student,31000,Current,0.7
USER_2327,20,Female,Peshawar,Government Employee,140000,Current,6.3
USER_2328,68,Male,Multan,Doctor,450000,Salary,12.9
USER_2329,64,Female,Faisalabad,Freelancer,172000,Salary,2.6
USER_2330,54,Male,Islamabad,Shopkeeper,103000,Current,12.6
USER_2331,47,Female,Peshawar,Housewife,25000,Salary,8.3
USER_2332,31,Female,Lahore,Housewife,20000,Salary,0.9
USER_2333,42,Female,Rawalpindi,Retired,64000,Salary,7.4
USER_2334,25,Male,Quetta,Driver,54000,Current,1.8
USER_2335,39,Male,Sialkot,Freelancer,104000,Salary,5.5
USER_2336,65,Female,Quetta,Doctor,322000,Savings,4.3
USER_2337,23,Male,Lahore,Engineer,275000,Savings,11.3
USER_2338,54,Female,Islamabad,Engineer,220000,Salary,11.2
USER_2339,21,Male,Hyderabad,Doctor,368000,Current,12.1
USER_2340,51,Male,Lahore,Doctor,205000,Salary,12.9
USER_2341,27,Female,Rawalpindi,Shopkeeper,199000,Savings,9.2
USER_2342,65,Male,Sialkot,Engineer,201000,Salary,14.9
USER_2343,35,Female,Rawalpindi,Shopkeeper,156000,Salary,14.5
USER_2344,69,Female,Islamabad,Retired,58000,Salary,14
USER_2345,62,Male,Islamabad,Shopkeeper,183000,Current,14.8
USER_2346,28,Male,Quetta,Doctor,377000,Current,10.3
USER_2347,66,Female,Hyderabad,Housewife,10000,Current,10.6
USER_2348,62,Female,Lahore,Salaried Employee,112000,Salary,13.1
USER_2349,63,Female,Peshawar,Driver,35000,Salary,2.5
USER_2350,48,Female,Islamabad,Government Employee,89000,Salary,3.3
USER_2351,18,Female,Sialkot,Housewife,0,Current,14.3
USER_2352,61,Female,Karachi,Housewife,15000,Current,3.1
USER_2353,25,Female,Sialkot,Doctor,278000,Salary,11
USER_2354,20,Male,Rawalpindi,Doctor,456000,Current,10.5
USER_2355,59,Female,Lahore,Shopkeeper,180000,Current,9.7
USER_2356,41,Female,Lahore,Housewife,0,Savings,7.6
USER_2357,50,Male,Karachi,Freelancer,370000,Salary,7.5
USER_2358,65,Male,Sialkot,Salaried Employee,120000,Current,15
USER_2359,45,Female,Sialkot,Salaried Employee,83000,Current,1.4
USER_2360,29,Female,Karachi,Doctor,492000,Salary,11.9
USER_2361,49,Male,Quetta,Freelancer,353000,Salary,12.4
USER_2362,25,Male,Lahore,Salaried Employee,149000,Salary,3.1
USER_2363,46,Female,Lahore,Student,14000,Salary,3.5
USER_2364,23,Female,Karachi,Housewife,0,Salary,4.8
USER_2365,28,Female,Karachi,Government Employee,99000,Savings,14.2
USER_2366,68,Female,Quetta,Shopkeeper,117000,Salary,7.6
USER_2367,51,Female,Sialkot,Business Owner,685000,Savings,10.5
USER_2368,70,Male,Rawalpindi,Student,16000,Savings,4.8
USER_2369,26,Male,Sialkot,Engineer,193000,Savings,11.1
USER_2370,22,Female,Faisalabad,Doctor,541000,Savings,6.3
USER_2371,34,Female,Islamabad,Business Owner,364000,Savings,9.6
USER_2372,58,Male,Multan,Freelancer,338000,Salary,2.9
USER_2373,38,Female,Hyderabad,Student,30000,Savings,1.6
USER_2374,52,Male,Quetta,Doctor,235000,Current,9.8
USER_2375,39,Female,Islamabad,Government Employee,96000,Savings,1.9
USER_2376,42,Male,Lahore,Salaried Employee,139000,Salary,13.2
USER_2377,70,Female,Lahore,Business Owner,516000,Salary,8.8
USER_2378,53,Female,Sialkot,Housewife,0,Savings,5.1
USER_2379,29,Female,Quetta,Business Owner,774000,Current,7.4
USER_2380,34,Male,Quetta,Retired,50000,Salary,2.3
USER_2381,54,Female,Karachi,Retired,79000,Salary,11.8
USER_2382,56,Female,Peshawar,Salaried Employee,128000,Current,12.1
USER_2383,36,Female,Hyderabad,Business Owner,903000,Savings,4.9
USER_2384,37,Female,Multan,Housewife,0,Savings,11.1
USER_2385,28,Male,Lahore,Retired,67000,Salary,14
USER_2386,45,Male,Peshawar,Shopkeeper,215000,Salary,15
USER_2387,62,Male,Hyderabad,Student,30000,Savings,13.7
USER_2388,18,Female,Quetta,Retired,75000,Savings,14.9
USER_2389,70,Male,Sialkot,Shopkeeper,124000,Salary,14
USER_2390,32,Male,Lahore,Engineer,155000,Salary,5.6
USER_2391,45,Female,Hyderabad,Salaried Employee,119000,Savings,5.4
USER_2392,33,Male,Faisalabad,Teacher,92000,Current,4.3
USER_2393,65,Female,Rawalpindi,Teacher,102000,Salary,12.5
USER_2394,47,Female,Karachi,Engineer,122000,Salary,7.2
USER_2395,40,Male,Karachi,Engineer,169000,Current,5.6
USER_2396,45,Female,Rawalpindi,Housewife,0,Current,2.3
USER_2397,18,Male,Faisalabad,Government Employee,122000,Current,5.9
USER_2398,45,Male,Quetta,Teacher,67000,Current,10
USER_2399,28,Male,Multan,Retired,87000,Savings,5.7
USER_2400,30,Male,Rawalpindi,Teacher,63000,Savings,6.2
USER_2401,39,Male,Islamabad,Driver,37000,Current,14.4
USER_2402,25,Female,Peshawar,Business Owner,670000,Salary,10.9
USER_2403,66,Female,Quetta,Retired,81000,Savings,2.1
USER_2404,68,Male,Islamabad,Salaried Employee,115000,Salary,0.7
USER_2405,33,Male,Multan,Doctor,513000,Salary,0.6
USER_2406,36,Female,Peshawar,Housewife,20000,Savings,9.5
USER_2407,50,Male,Rawalpindi,Teacher,110000,Savings,13
USER_2408,33,Female,Rawalpindi,Shopkeeper,107000,Salary,11.1
USER_2409,29,Male,Sialkot,Driver,51000,Savings,3.8
USER_2410,43,Male,Faisalabad,Government Employee,79000,Current,0.8
USER_2411,23,Male,Hyderabad,Doctor,475000,Current,10.7
USER_2412,32,Female,Hyderabad,Shopkeeper,96000,Salary,6.7
USER_2413,37,Male,Faisalabad,Engineer,194000,Current,10.8
USER_2414,38,Male,Islamabad,Student,10000,Savings,10.1
USER_2415,31,Female,Peshawar,Teacher,120000,Salary,2
USER_2416,34,Female,Multan,Engineer,200000,Savings,1.9
USER_2417,61,Male,Multan,Engineer,215000,Salary,11.8
USER_2418,56,Female,Rawalpindi,Driver,39000,Savings,9
USER_2419,24,Female,Sialkot,Housewife,0,Salary,14.5
USER_2420,70,Male,Rawalpindi,Retired,88000,Savings,1.6
USER_2421,57,Female,Faisalabad,Retired,92000,Savings,8.2
USER_2422,20,Male,Rawalpindi,Doctor,489000,Salary,4.2
USER_2423,40,Female,Peshawar,Driver,54000,Savings,13.7
USER_2424,48,Female,Quetta,Business Owner,979000,Savings,2.9
USER_2425,62,Male,Faisalabad,Student,29000,Savings,12
USER_2426,30,Female,Peshawar,Driver,47000,Salary,14.6
USER_2427,46,Female,Quetta,Doctor,410000,Salary,4.4
USER_2428,18,Male,Sialkot,Government Employee,138000,Salary,0.6
USER_2429,47,Female,Faisalabad,Government Employee,99000,Salary,4.4
USER_2430,28,Male,Karachi,Business Owner,400000,Current,1.1
USER_2431,35,Male,Faisalabad,Student,31000,Savings,14.8
USER_2432,52,Male,Karachi,Driver,41000,Salary,9.3
USER_2433,38,Male,Quetta,Teacher,107000,Savings,6.4
USER_2434,36,Female,Karachi,Driver,57000,Savings,12.4
USER_2435,64,Female,Islamabad,Teacher,61000,Salary,10
USER_2436,24,Female,Faisalabad,Driver,51000,Salary,8.5
USER_2437,32,Female,Faisalabad,Government Employee,136000,Salary,12.2
USER_2438,27,Female,Rawalpindi,Retired,87000,Current,2.7
USER_2439,23,Female,Islamabad,Shopkeeper,129000,Savings,3.2
USER_2440,64,Male,Faisalabad,Student,20000,Savings,13.3
USER_2441,61,Male,Lahore,Salaried Employee,79000,Current,4.1
USER_2442,43,Male,Quetta,Salaried Employee,72000,Salary,1.9
USER_2443,19,Male,Karachi,Driver,31000,Savings,4.1
USER_2444,35,Male,Sialkot,Student,36000,Savings,14.4
USER_2445,52,Female,Lahore,Government Employee,78000,Current,11.5
USER_2446,70,Male,Faisalabad,Engineer,246000,Savings,4
USER_2447,62,Female,Quetta,Housewife,0,Savings,2
USER_2448,24,Female,Islamabad,Student,40000,Savings,0.8
USER_2449,42,Male,Multan,Driver,39000,Savings,13.9
USER_2450,42,Male,Peshawar,Salaried Employee,84000,Savings,2
USER_2451,40,Male,Sialkot,Engineer,151000,Current,13.9
USER_2452,20,Male,Islamabad,Doctor,478000,Current,9.2
USER_2453,45,Male,Faisalabad,Freelancer,220000,Current,13.2
USER_2454,49,Female,Faisalabad,Retired,40000,Savings,13
USER_2455,67,Male,Multan,Salaried Employee,121000,Current,11
USER_2456,70,Male,Lahore,Freelancer,294000,Salary,4.5
USER_2457,38,Male,Islamabad,Doctor,385000,Current,7.7
USER_2458,62,Female,Sialkot,Driver,41000,Savings,12.1
USER_2459,33,Female,Hyderabad,Business Owner,671000,Salary,8.2
USER_2460,52,Female,Hyderabad,Housewife,20000,Salary,8.9
USER_2461,69,Male,Lahore,Government Employee,107000,Savings,3.4
USER_2462,41,Female,Islamabad,Housewife,0,Current,5.7
USER_2463,36,Female,Islamabad,Business Owner,592000,Savings,3.6
USER_2464,21,Male,Lahore,Retired,49000,Current,11.1
USER_2465,45,Female,Karachi,Retired,44000,Salary,8.9
USER_2466,56,Male,Karachi,Salaried Employee,118000,Savings,1.6
USER_2467,18,Female,Islamabad,Salaried Employee,132000,Salary,2.5
USER_2468,62,Female,Peshawar,Doctor,579000,Current,6.9
USER_2469,62,Female,Faisalabad,Housewife,0,Savings,13.3
USER_2470,56,Male,Quetta,Salaried Employee,71000,Current,12.6
USER_2471,47,Female,Sialkot,Business Owner,471000,Salary,3.8
USER_2472,35,Male,Quetta,Doctor,266000,Salary,3.6
USER_2473,21,Male,Hyderabad,Salaried Employee,143000,Salary,12.7
USER_2474,47,Female,Multan,Driver,51000,Current,12.5
USER_2475,21,Female,Hyderabad,Government Employee,95000,Savings,2
USER_2476,56,Female,Karachi,Government Employee,97000,Savings,8.4
USER_2477,31,Male,Faisalabad,Government Employee,132000,Savings,9.8
USER_2478,33,Female,Lahore,Freelancer,366000,Savings,8.7
USER_2479,20,Female,Multan,Housewife,10000,Savings,14.7
USER_2480,43,Male,Multan,Doctor,580000,Current,14.6
USER_2481,61,Male,Multan,Doctor,589000,Salary,2
USER_2482,19,Female,Peshawar,Freelancer,90000,Current,2.8
USER_2483,47,Male,Lahore,Retired,60000,Savings,12.2
USER_2484,27,Male,Quetta,Business Owner,914000,Salary,9.9
USER_2485,46,Male,Multan,Teacher,84000,Salary,12.9
USER_2486,20,Female,Rawalpindi,Government Employee,140000,Salary,1.6
USER_2487,54,Female,Lahore,Student,15000,Current,8.4
USER_2488,49,Male,Peshawar,Engineer,164000,Current,2.8
USER_2489,54,Female,Multan,Housewife,0,Savings,10.8
USER_2490,34,Female,Faisalabad,Shopkeeper,117000,Savings,14.6
USER_2491,20,Female,Faisalabad,Doctor,414000,Salary,13.8
USER_2492,46,Female,Quetta,Freelancer,234000,Current,1.7
USER_2493,50,Female,Faisalabad,Driver,31000,Salary,14.7
USER_2494,65,Male,Quetta,Student,15000,Savings,4.7
USER_2495,54,Female,Lahore,Government Employee,111000,Current,10.2
USER_2496,47,Female,Quetta,Shopkeeper,109000,Savings,3.1
USER_2497,43,Female,Rawalpindi,Doctor,372000,Savings,5.1
USER_2498,49,Female,Peshawar,Housewife,10000,Current,1.1
USER_2499,48,Male,Rawalpindi,Engineer,269000,Savings,14.8
USER_2500,21,Female,Hyderabad,Shopkeeper,136000,Savings,3.6
USER_2501,66,Female,Faisalabad,Teacher,102000,Savings,1.7
USER_2502,35,Female,Lahore,Teacher,117000,Salary,7
USER_2503,51,Male,Faisalabad,Salaried Employee,77000,Savings,13.5
USER_2504,39,Female,Islamabad,Government Employee,106000,Current,7.5
USER_2505,62,Male,Hyderabad,Engineer,270000,Current,12.4
USER_2506,68,Male,Lahore,Retired,49000,Current,10.1
USER_2507,65,Female,Karachi,Salaried Employee,130000,Savings,7.7
USER_2508,25,Female,Faisalabad,Business Owner,907000,Savings,14.8
USER_2509,58,Female,Sialkot,Housewife,0,Savings,11.3
USER_2510,44,Male,Sialkot,Doctor,313000,Current,3.5
USER_2511,61,Male,Multan,Engineer,124000,Current,13.5
USER_2512,70,Male,Peshawar,Driver,45000,Current,6.5
USER_2513,52,Female,Quetta,Engineer,150000,Savings,7.2
USER_2514,29,Male,Quetta,Doctor,400000,Current,12.8
USER_2515,61,Female,Faisalabad,Retired,43000,Savings,12.2
USER_2516,23,Male,Sialkot,Doctor,254000,Current,11.4
USER_2517,52,Male,Peshawar,Business Owner,759000,Savings,10.2
USER_2518,31,Male,Peshawar,Business Owner,550000,Savings,3.3
USER_2519,25,Female,Peshawar,Doctor,538000,Salary,11.9
USER_2520,18,Female,Rawalpindi,Business Owner,447000,Current,13.3
USER_2521,37,Female,Rawalpindi,Student,39000,Current,1
USER_2522,27,Female,Quetta,Retired,72000,Current,3
USER_2523,45,Male,Quetta,Doctor,301000,Salary,9.8
USER_2524,69,Female,Islamabad,Driver,43000,Salary,3
USER_2525,51,Male,Hyderabad,Government Employee,73000,Salary,12.1
USER_2526,25,Female,Faisalabad,Business Owner,317000,Current,3.5
USER_2527,19,Female,Karachi,Driver,55000,Salary,2.7
USER_2528,63,Male,Sialkot,Doctor,213000,Salary,11.1
USER_2529,58,Female,Islamabad,Government Employee,146000,Savings,4.8
USER_2530,33,Female,Faisalabad,Driver,32000,Current,1.7
USER_2531,58,Female,Sialkot,Housewife,0,Current,13.9
USER_2532,24,Male,Faisalabad,Teacher,119000,Savings,1.8
USER_2533,41,Female,Hyderabad,Housewife,25000,Savings,6.5
USER_2534,58,Male,Rawalpindi,Driver,44000,Current,13.4
USER_2535,46,Male,Islamabad,Teacher,61000,Savings,10.1
USER_2536,56,Male,Lahore,Engineer,211000,Current,14.9
USER_2537,52,Male,Islamabad,Business Owner,928000,Current,13.9
USER_2538,56,Male,Quetta,Student,27000,Salary,11.5
USER_2539,41,Male,Rawalpindi,Student,21000,Savings,3.7
USER_2540,62,Male,Faisalabad,Teacher,92000,Savings,14.3
USER_2541,63,Female,Peshawar,Retired,95000,Current,7.9
USER_2542,30,Female,Islamabad,Government Employee,150000,Salary,4.6
USER_2543,24,Female,Islamabad,Government Employee,155000,Current,6.8
USER_2544,45,Female,Multan,Freelancer,126000,Salary,6.1
USER_2545,54,Female,Multan,Driver,57000,Savings,7
USER_2546,50,Female,Sialkot,Doctor,354000,Salary,12.5
USER_2547,51,Female,Hyderabad,Student,14000,Savings,12.2
USER_2548,68,Male,Multan,Government Employee,70000,Savings,10
USER_2549,27,Female,Lahore,Student,20000,Salary,0.7
USER_2550,31,Female,Sialkot,Engineer,181000,Salary,1.5
USER_2551,56,Male,Quetta,Government Employee,73000,Salary,4.5
USER_2552,69,Male,Sialkot,Driver,44000,Salary,11.5
USER_2553,70,Female,Rawalpindi,Government Employee,67000,Current,7.7
USER_2554,44,Male,Lahore,Shopkeeper,125000,Salary,5.2
USER_2555,33,Male,Faisalabad,Student,31000,Salary,14.8
USER_2556,36,Male,Hyderabad,Student,39000,Salary,13.8
USER_2557,39,Male,Lahore,Shopkeeper,105000,Current,11
USER_2558,38,Female,Hyderabad,Housewife,15000,Current,9.4
USER_2559,37,Female,Peshawar,Driver,60000,Savings,12.7
USER_2560,24,Male,Rawalpindi,Student,37000,Savings,2.5
USER_2561,62,Female,Rawalpindi,Salaried Employee,82000,Savings,11
USER_2562,70,Male,Karachi,Teacher,118000,Savings,2.1
USER_2563,22,Female,Multan,Retired,80000,Current,10.6
USER_2564,55,Female,Lahore,Salaried Employee,112000,Savings,11.4
USER_2565,58,Female,Lahore,Business Owner,703000,Savings,8.9
USER_2566,49,Female,Multan,Retired,93000,Savings,1.8
USER_2567,63,Male,Multan,Business Owner,404000,Salary,9.9
USER_2568,62,Male,Lahore,Shopkeeper,96000,Savings,0.7
USER_2569,47,Female,Rawalpindi,Shopkeeper,107000,Current,3.5
USER_2570,66,Female,Faisalabad,Retired,90000,Salary,2.7
USER_2571,24,Male,Rawalpindi,Engineer,221000,Current,13.1
USER_2572,30,Female,Rawalpindi,Housewife,10000,Current,2.9
USER_2573,54,Male,Islamabad,Shopkeeper,108000,Salary,2.1
USER_2574,47,Male,Faisalabad,Student,26000,Salary,8.2
USER_2575,34,Female,Quetta,Housewife,15000,Current,3.6
USER_2576,50,Female,Quetta,Engineer,134000,Current,4.5
USER_2577,21,Female,Hyderabad,Government Employee,99000,Savings,6.3
USER_2578,35,Female,Quetta,Doctor,257000,Salary,1.2
USER_2579,25,Male,Lahore,Student,39000,Savings,8.8
USER_2580,22,Male,Faisalabad,Government Employee,176000,Salary,10.6
USER_2581,43,Female,Lahore,Government Employee,156000,Salary,4.4
USER_2582,28,Male,Multan,Driver,39000,Salary,9.1
USER_2583,18,Male,Islamabad,Business Owner,884000,Salary,7.4
USER_2584,62,Male,Islamabad,Engineer,299000,Savings,2.9
USER_2585,47,Male,Karachi,Driver,46000,Current,5.3
USER_2586,34,Male,Islamabad,Driver,55000,Savings,9.1
USER_2587,55,Male,Peshawar,Government Employee,122000,Savings,1.2
USER_2588,54,Female,Rawalpindi,Business Owner,678000,Savings,11.4
USER_2589,24,Female,Multan,Shopkeeper,209000,Salary,5.6
USER_2590,34,Female,Faisalabad,Engineer,240000,Savings,12.5
USER_2591,63,Female,Quetta,Driver,58000,Salary,7.5
USER_2592,61,Male,Islamabad,Doctor,315000,Salary,14.9
USER_2593,49,Male,Rawalpindi,Freelancer,296000,Current,3.5
USER_2594,30,Female,Lahore,Teacher,117000,Salary,10.3
USER_2595,51,Male,Faisalabad,Driver,41000,Current,6.2
USER_2596,35,Female,Rawalpindi,Student,29000,Salary,10.7
USER_2597,25,Female,Peshawar,Freelancer,252000,Current,2.1
USER_2598,49,Male,Peshawar,Driver,35000,Salary,14.5
USER_2599,53,Male,Faisalabad,Shopkeeper,156000,Savings,12.1
USER_2600,47,Male,Rawalpindi,Teacher,114000,Salary,2.3
USER_2601,37,Male,Hyderabad,Engineer,293000,Savings,1.2
USER_2602,40,Female,Quetta,Driver,55000,Salary,2.7
USER_2603,63,Female,Islamabad,Retired,56000,Current,9
USER_2604,36,Male,Karachi,Shopkeeper,173000,Savings,12.3
USER_2605,42,Female,Hyderabad,Housewife,10000,Current,9.2
USER_2606,54,Female,Multan,Freelancer,143000,Salary,11.6
USER_2607,26,Female,Quetta,Government Employee,99000,Current,1.7
USER_2608,58,Female,Quetta,Salaried Employee,119000,Current,1.9
USER_2609,46,Female,Quetta,Driver,53000,Current,7.3
USER_2610,47,Female,Hyderabad,Shopkeeper,87000,Salary,0.9
USER_2611,23,Male,Sialkot,Teacher,112000,Savings,8.9
USER_2612,26,Female,Karachi,Doctor,266000,Current,10.2
USER_2613,69,Female,Karachi,Housewife,0,Current,12.5
USER_2614,24,Female,Sialkot,Housewife,10000,Salary,7.5
USER_2615,21,Male,Sialkot,Driver,47000,Salary,10.9
USER_2616,31,Male,Quetta,Retired,95000,Savings,3.7
USER_2617,58,Male,Faisalabad,Driver,40000,Salary,14.8
USER_2618,69,Female,Sialkot,Retired,56000,Savings,1.5
USER_2619,56,Female,Quetta,Housewife,5000,Savings,2
USER_2620,50,Female,Hyderabad,Student,14000,Current,6.4
USER_2621,70,Male,Quetta,Teacher,114000,Salary,10.4
USER_2622,57,Male,Hyderabad,Salaried Employee,73000,Savings,2.6
USER_2623,60,Male,Islamabad,Business Owner,928000,Salary,8.4
USER_2624,48,Female,Faisalabad,Driver,33000,Salary,7.6
USER_2625,35,Female,Hyderabad,Retired,44000,Current,6.5
USER_2626,27,Male,Faisalabad,Shopkeeper,111000,Salary,6.1
USER_2627,37,Male,Sialkot,Shopkeeper,91000,Current,14.5
USER_2628,64,Female,Faisalabad,Student,15000,Current,7.8
USER_2629,31,Female,Quetta,Doctor,469000,Savings,3
USER_2630,40,Female,Peshawar,Retired,48000,Current,11.9
USER_2631,37,Female,Lahore,Driver,46000,Current,14.5
USER_2632,60,Male,Sialkot,Retired,96000,Salary,8.1
USER_2633,62,Female,Sialkot,Freelancer,253000,Salary,9.5
USER_2634,22,Male,Karachi,Retired,51000,Savings,1.9
USER_2635,49,Female,Multan,Government Employee,161000,Salary,12
USER_2636,29,Female,Hyderabad,Housewife,0,Salary,4.1
USER_2637,65,Male,Peshawar,Engineer,279000,Salary,12.7
USER_2638,38,Male,Peshawar,Doctor,270000,Salary,8.8
USER_2639,30,Female,Peshawar,Shopkeeper,155000,Savings,3.4
USER_2640,45,Male,Lahore,Freelancer,83000,Salary,14.4
USER_2641,31,Male,Islamabad,Student,22000,Current,8.7
USER_2642,39,Male,Quetta,Shopkeeper,130000,Savings,8.8
USER_2643,50,Female,Multan,Freelancer,363000,Savings,12.1
USER_2644,45,Female,Lahore,Freelancer,111000,Savings,11.8
USER_2645,24,Male,Peshawar,Government Employee,67000,Salary,8.3
USER_2646,32,Female,Faisalabad,Doctor,569000,Current,1.5
USER_2647,36,Male,Quetta,Freelancer,197000,Salary,14
USER_2648,37,Female,Sialkot,Student,28000,Salary,13.4
USER_2649,48,Female,Karachi,Student,21000,Current,4.3
USER_2650,66,Male,Islamabad,Government Employee,132000,Salary,5.3
USER_2651,21,Female,Peshawar,Housewife,0,Current,14.7
USER_2652,56,Male,Quetta,Shopkeeper,114000,Current,11
USER_2653,20,Female,Quetta,Government Employee,145000,Current,6.8
USER_2654,68,Male,Karachi,Student,11000,Savings,8.2
USER_2655,61,Male,Quetta,Shopkeeper,94000,Current,11.6
USER_2656,26,Female,Hyderabad,Business Owner,294000,Savings,6.9
USER_2657,41,Female,Rawalpindi,Engineer,234000,Savings,4
USER_2658,55,Male,Rawalpindi,Doctor,592000,Salary,8.7
USER_2659,64,Female,Karachi,Housewife,0,Savings,6.9
USER_2660,20,Female,Multan,Freelancer,198000,Current,2.4
USER_2661,48,Female,Lahore,Housewife,10000,Salary,3.5
USER_2662,65,Female,Rawalpindi,Shopkeeper,159000,Current,11.8
USER_2663,59,Male,Quetta,Teacher,81000,Salary,8.4
USER_2664,21,Female,Hyderabad,Retired,94000,Current,1.6
USER_2665,51,Male,Faisalabad,Retired,58000,Savings,5.9
USER_2666,20,Male,Peshawar,Driver,55000,Current,14.3
USER_2667,49,Male,Faisalabad,Teacher,99000,Current,4.9
USER_2668,21,Female,Sialkot,Doctor,460000,Savings,13
USER_2669,46,Male,Rawalpindi,Government Employee,110000,Savings,10.1
USER_2670,21,Female,Karachi,Business Owner,950000,Current,14.1
USER_2671,66,Female,Faisalabad,Freelancer,184000,Savings,5.4
USER_2672,45,Female,Karachi,Housewife,20000,Salary,14
USER_2673,52,Female,Hyderabad,Freelancer,368000,Salary,4.3
USER_2674,47,Male,Islamabad,Student,19000,Salary,14.3
USER_2675,33,Female,Multan,Freelancer,277000,Savings,9.4
USER_2676,35,Female,Sialkot,Student,14000,Current,8.7
USER_2677,34,Male,Peshawar,Shopkeeper,85000,Current,0.6
USER_2678,40,Female,Quetta,Government Employee,114000,Savings,8.9
USER_2679,35,Female,Lahore,Shopkeeper,127000,Current,11.6
USER_2680,34,Female,Islamabad,Government Employee,143000,Savings,2.6
USER_2681,59,Female,Rawalpindi,Housewife,0,Savings,10.4
USER_2682,55,Female,Karachi,Business Owner,902000,Savings,1.4
USER_2683,34,Female,Karachi,Driver,58000,Current,8.3
USER_2684,56,Female,Multan,Housewife,0,Salary,6.9
USER_2685,22,Male,Rawalpindi,Engineer,270000,Current,12.5
USER_2686,44,Male,Hyderabad,Teacher,69000,Savings,5.2
USER_2687,39,Female,Multan,Shopkeeper,157000,Salary,1
USER_2688,20,Female,Islamabad,Freelancer,83000,Savings,9.3
USER_2689,50,Female,Rawalpindi,Doctor,505000,Savings,10
USER_2690,42,Male,Lahore,Government Employee,134000,Salary,15
USER_2691,53,Female,Quetta,Retired,46000,Salary,12.1
USER_2692,48,Female,Multan,Teacher,73000,Salary,4.7
USER_2693,39,Male,Multan,Government Employee,120000,Current,11.3
USER_2694,62,Male,Peshawar,Retired,84000,Current,1.7
USER_2695,50,Male,Multan,Driver,46000,Salary,3.8
USER_2696,32,Male,Quetta,Government Employee,162000,Current,10.3
USER_2697,26,Female,Faisalabad,Engineer,202000,Savings,1.7
USER_2698,50,Male,Sialkot,Shopkeeper,246000,Savings,13.5
USER_2699,18,Male,Lahore,Doctor,338000,Salary,10.8
USER_2700,65,Male,Islamabad,Student,37000,Current,0.8
USER_2701,22,Male,Quetta,Business Owner,557000,Current,5.6
USER_2702,62,Female,Faisalabad,Housewife,15000,Current,9.1
USER_2703,24,Male,Lahore,Retired,77000,Current,13.7
USER_2704,46,Female,Faisalabad,Shopkeeper,115000,Salary,3.2
USER_2705,70,Male,Islamabad,Student,29000,Salary,5.9
USER_2706,47,Female,Multan,Shopkeeper,126000,Salary,11
USER_2707,67,Male,Rawalpindi,Teacher,92000,Current,1.2
USER_2708,51,Female,Faisalabad,Engineer,221000,Current,11.5
USER_2709,20,Male,Hyderabad,Business Owner,442000,Salary,13.3
USER_2711,24,Female,Faisalabad,Salaried Employee,86000,Current,4.5
USER_2712,32,Male,Faisalabad,Teacher,100000,Savings,13.9
USER_2713,35,Male,Lahore,Government Employee,132000,Salary,11.4
USER_2714,56,Male,Quetta,Business Owner,988000,Savings,0.6
USER_2715,41,Male,Faisalabad,Freelancer,294000,Salary,6.9
USER_2716,47,Female,Lahore,Retired,46000,Current,13.4
USER_2717,34,Male,Islamabad,Teacher,108000,Salary,2.2
USER_2718,69,Male,Rawalpindi,Retired,40000,Current,2.8
USER_2719,35,Female,Quetta,Driver,55000,Savings,10.7
USER_2720,20,Female,Lahore,Retired,98000,Current,3.3
USER_2721,60,Male,Karachi,Government Employee,78000,Salary,6
USER_2722,61,Male,Faisalabad,Shopkeeper,120000,Current,12.3
USER_2723,49,Female,Islamabad,Government Employee,143000,Savings,14.3
USER_2724,65,Male,Karachi,Doctor,235000,Current,8.6
USER_2725,63,Male,Karachi,Doctor,561000,Current,9.4
USER_2726,55,Male,Multan,Shopkeeper,219000,Salary,14.3
USER_2727,32,Female,Peshawar,Shopkeeper,245000,Current,9.2
USER_2728,48,Female,Lahore,Government Employee,75000,Current,6.6
USER_2729,38,Female,Hyderabad,Housewife,0,Current,14.4
USER_2730,25,Female,Hyderabad,Retired,47000,Current,12.7
USER_2731,56,Female,Rawalpindi,Student,20000,Current,7.9
USER_2732,21,Female,Faisalabad,Driver,40000,Current,6.2
USER_2733,45,Female,Faisalabad,Student,19000,Current,11.1
USER_2734,58,Male,Faisalabad,Shopkeeper,187000,Savings,8.8
USER_2735,52,Male,Lahore,Freelancer,390000,Current,2.4
USER_2736,19,Female,Hyderabad,Housewife,15000,Current,11.6
USER_2737,22,Male,Quetta,Government Employee,107000,Salary,3.4
USER_2738,52,Female,Rawalpindi,Teacher,113000,Savings,13.7
USER_2739,44,Male,Quetta,Retired,63000,Savings,1
USER_2740,66,Male,Quetta,Doctor,454000,Savings,2.8
USER_2741,19,Male,Rawalpindi,Student,19000,Salary,2.3
USER_2742,59,Female,Islamabad,Retired,65000,Savings,1.6
USER_2743,64,Female,Karachi,Student,34000,Salary,9.3
USER_2744,24,Female,Rawalpindi,Freelancer,234000,Current,6.7
USER_2745,19,Female,Faisalabad,Shopkeeper,133000,Savings,4.3
USER_2746,54,Female,Hyderabad,Teacher,88000,Savings,3.7
USER_2747,53,Female,Peshawar,Teacher,119000,Salary,8.2
USER_2748,42,Male,Peshawar,Retired,82000,Current,11.6
USER_2749,24,Female,Rawalpindi,Freelancer,83000,Current,11.7
USER_2750,41,Female,Sialkot,Housewife,10000,Current,2.6
USER_2751,23,Male,Quetta,Salaried Employee,97000,Current,9.1
USER_2752,27,Female,Sialkot,Shopkeeper,217000,Salary,12.7
USER_2753,21,Female,Faisalabad,Doctor,363000,Salary,5.4
USER_2754,20,Female,Sialkot,Freelancer,283000,Savings,4.4
USER_2755,66,Female,Quetta,Shopkeeper,162000,Salary,3.9
USER_2756,63,Female,Quetta,Business Owner,926000,Salary,1.7
USER_2757,45,Male,Hyderabad,Salaried Employee,72000,Savings,8
USER_2758,28,Female,Peshawar,Housewife,0,Current,7.7
USER_2759,69,Female,Islamabad,Retired,85000,Current,0.6
USER_2760,45,Female,Faisalabad,Business Owner,488000,Salary,13.4
USER_2761,59,Male,Islamabad,Teacher,94000,Salary,3.5
USER_2762,63,Female,Quetta,Freelancer,202000,Current,7.2
USER_2763,65,Male,Islamabad,Business Owner,900000,Current,0.6
USER_2764,29,Female,Peshawar,Housewife,0,Current,10.7
USER_2765,62,Male,Quetta,Shopkeeper,167000,Savings,1.4
USER_2766,56,Male,Lahore,Engineer,287000,Salary,13.3
USER_2767,58,Male,Rawalpindi,Teacher,79000,Current,9
USER_2768,41,Female,Faisalabad,Business Owner,717000,Salary,10.1
USER_2769,55,Male,Lahore,Retired,58000,Current,3.1
USER_2770,24,Male,Quetta,Freelancer,271000,Current,8.8
USER_2771,56,Female,Sialkot,Driver,60000,Current,3.5
USER_2772,68,Female,Rawalpindi,Housewife,0,Savings,2.9
USER_2773,38,Male,Karachi,Salaried Employee,137000,Current,6.7
USER_2774,38,Female,Quetta,Housewife,5000,Salary,6.2
USER_2775,63,Female,Multan,Teacher,115000,Salary,5.1
USER_2776,56,Male,Islamabad,Driver,57000,Current,10.8
USER_2777,53,Female,Peshawar,Retired,63000,Salary,2.2
USER_2778,59,Female,Islamabad,Student,38000,Current,12.9
USER_2779,40,Female,Rawalpindi,Freelancer,363000,Savings,6
USER_2780,65,Male,Rawalpindi,Shopkeeper,175000,Salary,3.3
USER_2781,37,Female,Lahore,Engineer,187000,Salary,13.9
USER_2782,35,Male,Faisalabad,Driver,46000,Current,1.1
USER_2783,63,Female,Faisalabad,Driver,32000,Salary,12.4
USER_2784,48,Female,Peshawar,Salaried Employee,132000,Salary,13.2
USER_2785,69,Male,Karachi,Engineer,128000,Salary,13.5
USER_2786,63,Female,Islamabad,Housewife,20000,Savings,1.3
USER_2787,63,Female,Multan,Housewife,10000,Savings,10
USER_2788,19,Female,Multan,Retired,52000,Salary,11
USER_2789,51,Male,Hyderabad,Doctor,550000,Salary,1.4
USER_2790,70,Female,Faisalabad,Housewife,0,Current,1.1
USER_2791,30,Female,Islamabad,Driver,54000,Savings,5
USER_2792,40,Male,Multan,Shopkeeper,229000,Salary,1.7
USER_2793,23,Male,Lahore,Salaried Employee,81000,Savings,5.1
USER_2794,19,Male,Karachi,Government Employee,144000,Current,7.2
USER_2795,33,Female,Rawalpindi,Retired,47000,Current,1.3
USER_2796,36,Male,Faisalabad,Salaried Employee,144000,Current,6.5
USER_2797,35,Male,Islamabad,Teacher,77000,Salary,6.9
USER_2798,49,Female,Sialkot,Engineer,211000,Salary,8.1
USER_2799,61,Male,Karachi,Freelancer,272000,Savings,8.3
USER_2800,62,Female,Multan,Driver,57000,Salary,12
USER_2801,39,Female,Lahore,Business Owner,961000,Savings,4.2
USER_2802,34,Male,Lahore,Business Owner,840000,Salary,3.2
USER_2803,47,Female,Multan,Freelancer,268000,Salary,9
USER_2804,38,Male,Multan,Student,15000,Current,7.4
USER_2805,59,Male,Islamabad,Engineer,200000,Savings,7.3
USER_2806,66,Male,Peshawar,Freelancer,309000,Salary,8.9
USER_2807,64,Female,Peshawar,Government Employee,93000,Salary,5.9
USER_2808,48,Female,Faisalabad,Student,39000,Savings,11.6
USER_2809,24,Female,Hyderabad,Teacher,98000,Current,9.1
USER_2810,50,Male,Faisalabad,Freelancer,345000,Savings,14.3
USER_2811,66,Male,Islamabad,Driver,41000,Savings,14.6
USER_2812,68,Male,Multan,Shopkeeper,184000,Savings,7.2
USER_2813,27,Male,Islamabad,Teacher,80000,Savings,3.2
USER_2814,45,Male,Rawalpindi,Salaried Employee,143000,Current,0.6
USER_2815,40,Male,Peshawar,Business Owner,870000,Current,10.6
USER_2816,60,Female,Peshawar,Retired,62000,Savings,6.1
USER_2817,66,Male,Hyderabad,Engineer,194000,Salary,11.1
USER_2818,56,Female,Quetta,Housewife,15000,Current,10.2
USER_2819,19,Male,Sialkot,Salaried Employee,101000,Current,5.8
USER_2820,70,Male,Sialkot,Freelancer,279000,Savings,9.9
USER_2821,49,Male,Karachi,Government Employee,100000,Current,1.8
USER_2822,59,Male,Hyderabad,Salaried Employee,107000,Current,6.1
USER_2823,20,Female,Hyderabad,Salaried Employee,91000,Current,10.4
USER_2824,47,Male,Multan,Driver,54000,Savings,10
USER_2825,69,Male,Islamabad,Engineer,154000,Salary,7.9
USER_2826,47,Male,Peshawar,Driver,52000,Current,6.6
USER_2827,37,Female,Faisalabad,Retired,45000,Salary,12.2
USER_2828,50,Female,Peshawar,Retired,74000,Salary,14.6
USER_2829,68,Male,Hyderabad,Business Owner,947000,Current,13.1
USER_2830,27,Male,Multan,Retired,64000,Savings,8
USER_2831,64,Female,Hyderabad,Student,25000,Current,1.1
USER_2832,47,Female,Karachi,Freelancer,264000,Current,6.7
USER_2833,36,Male,Quetta,Teacher,72000,Current,5.7
USER_2834,46,Female,Faisalabad,Driver,31000,Salary,2.1
USER_2835,20,Female,Rawalpindi,Salaried Employee,81000,Salary,1.9
USER_2836,27,Female,Hyderabad,Teacher,83000,Current,10.5
USER_2837,70,Female,Karachi,Housewife,15000,Current,1.1
USER_2838,64,Male,Hyderabad,Business Owner,911000,Savings,5.4
USER_2839,65,Female,Hyderabad,Doctor,212000,Savings,14.3
USER_2840,64,Female,Hyderabad,Housewife,5000,Salary,4.3
USER_2841,57,Male,Karachi,Engineer,270000,Current,3.6
USER_2842,35,Male,Faisalabad,Business Owner,854000,Savings,9.3
USER_2843,61,Female,Faisalabad,Student,23000,Savings,0.8
USER_2844,60,Male,Faisalabad,Teacher,90000,Salary,12
USER_2845,38,Male,Rawalpindi,Government Employee,62000,Salary,5.2
USER_2846,57,Female,Sialkot,Shopkeeper,234000,Current,9.7
USER_2847,52,Female,Peshawar,Business Owner,163000,Current,5.4
USER_2848,70,Female,Islamabad,Shopkeeper,211000,Savings,8.2
USER_2849,61,Female,Faisalabad,Doctor,217000,Salary,12.9
USER_2850,58,Female,Quetta,Engineer,142000,Savings,11.3
USER_2851,41,Female,Faisalabad,Engineer,238000,Salary,7.3
USER_2852,57,Male,Sialkot,Engineer,268000,Current,6.5
USER_2853,66,Female,Quetta,Retired,94000,Savings,5.9
USER_2854,26,Female,Sialkot,Housewife,0,Current,3.7
USER_2855,54,Female,Islamabad,Salaried Employee,123000,Salary,6.4
USER_2856,44,Female,Multan,Engineer,285000,Savings,10.1
USER_2857,58,Female,Quetta,Business Owner,708000,Current,3.8
USER_2858,49,Female,Faisalabad,Shopkeeper,121000,Savings,6.3
USER_2859,52,Female,Peshawar,Driver,36000,Salary,13.7
USER_2860,55,Female,Hyderabad,Doctor,299000,Salary,0.9
USER_2861,26,Male,Sialkot,Freelancer,284000,Savings,5.2
USER_2862,28,Female,Lahore,Engineer,126000,Salary,9.2
USER_2863,42,Male,Islamabad,Shopkeeper,177000,Salary,13.2
USER_2864,48,Male,Multan,Salaried Employee,108000,Savings,13.5
USER_2865,54,Female,Peshawar,Government Employee,150000,Salary,6.9
USER_2866,68,Male,Peshawar,Business Owner,823000,Savings,12.2
USER_2867,28,Male,Peshawar,Retired,39000,Savings,11.4
USER_2868,61,Female,Quetta,Shopkeeper,181000,Savings,11.9
USER_2869,63,Male,Sialkot,Driver,48000,Salary,0.8
USER_2870,70,Male,Faisalabad,Doctor,580000,Savings,5.8
USER_2871,50,Female,Hyderabad,Housewife,0,Savings,12.8
USER_2872,66,Male,Islamabad,Engineer,228000,Salary,5.4
USER_2873,68,Female,Rawalpindi,Teacher,66000,Current,9.8
USER_2874,47,Female,Rawalpindi,Teacher,82000,Current,10.5
USER_2875,68,Female,Faisalabad,Freelancer,214000,Salary,1
USER_2876,27,Female,Karachi,Government Employee,175000,Current,8.7
USER_2877,36,Female,Islamabad,Freelancer,230000,Current,10.8
USER_2878,36,Male,Islamabad,Salaried Employee,150000,Current,13
USER_2879,58,Male,Karachi,Government Employee,136000,Current,2.7
USER_2880,34,Female,Quetta,Retired,98000,Current,7.4
USER_2881,40,Male,Sialkot,Business Owner,480000,Salary,5.9
USER_2882,59,Male,Quetta,Shopkeeper,126000,Current,13.5
USER_2883,60,Male,Multan,Government Employee,101000,Savings,3.8
USER_2884,56,Male,Rawalpindi,Engineer,251000,Current,8.8
USER_2885,18,Male,Rawalpindi,Engineer,294000,Savings,6.3
USER_2886,39,Male,Faisalabad,Business Owner,711000,Salary,8.3
USER_2887,69,Male,Peshawar,Freelancer,344000,Savings,4
USER_2888,29,Male,Rawalpindi,Retired,90000,Savings,1.1
USER_2889,35,Female,Lahore,Retired,55000,Salary,12.5
USER_2890,26,Female,Karachi,Government Employee,90000,Savings,9
USER_2891,48,Female,Lahore,Business Owner,969000,Savings,5.1
USER_2892,22,Female,Peshawar,Housewife,25000,Savings,7.4
USER_2893,52,Male,Sialkot,Shopkeeper,159000,Salary,0.6
USER_2894,25,Female,Rawalpindi,Freelancer,392000,Current,14.9
USER_2895,66,Female,Sialkot,Teacher,92000,Salary,3.1
USER_2896,48,Female,Faisalabad,Teacher,117000,Salary,4.1
USER_2897,61,Female,Peshawar,Housewife,0,Current,0.6
USER_2898,48,Female,Islamabad,Salaried Employee,79000,Current,10.3
USER_2899,46,Female,Quetta,Salaried Employee,95000,Savings,11.6
USER_2900,37,Female,Multan,Business Owner,645000,Savings,10.4
USER_2902,31,Male,Multan,Salaried Employee,95000,Current,11.9
USER_2903,57,Male,Multan,Business Owner,647000,Salary,9.1
USER_2904,67,Female,Rawalpindi,Teacher,91000,Current,5.9
USER_2905,39,Female,Multan,Shopkeeper,161000,Current,8.7
USER_2906,18,Female,Karachi,Doctor,385000,Salary,12.2
USER_2907,67,Female,Karachi,Retired,57000,Savings,10.1
USER_2908,36,Female,Karachi,Engineer,232000,Current,5.2
USER_2909,65,Male,Rawalpindi,Freelancer,334000,Current,12.9
USER_2910,22,Male,Islamabad,Engineer,246000,Salary,9.1
USER_2911,67,Female,Peshawar,Government Employee,97000,Salary,9
USER_2912,24,Male,Multan,Teacher,95000,Current,6.9
USER_2913,25,Female,Islamabad,Retired,40000,Current,14.7
USER_2914,44,Male,Islamabad,Freelancer,227000,Salary,3.4
USER_2915,46,Male,Multan,Freelancer,357000,Salary,4.3
USER_2916,70,Female,Karachi,Salaried Employee,79000,Salary,10.8
USER_2917,41,Female,Rawalpindi,Salaried Employee,112000,Current,3.8
USER_2918,39,Male,Faisalabad,Teacher,100000,Salary,14
USER_2919,25,Female,Hyderabad,Doctor,455000,Savings,12.6
USER_2920,50,Female,Karachi,Freelancer,299000,Savings,14.4
USER_2921,68,Female,Faisalabad,Freelancer,245000,Salary,1.5
USER_2922,54,Female,Quetta,Housewife,0,Salary,12.8
USER_2923,54,Female,Sialkot,Driver,36000,Savings,11.6
USER_2924,70,Female,Peshawar,Shopkeeper,120000,Salary,5.3
USER_2925,59,Female,Peshawar,Business Owner,969000,Salary,11.2
USER_2926,19,Female,Sialkot,Teacher,60000,Salary,12.5
USER_2927,18,Male,Multan,Doctor,279000,Current,12.9
USER_2928,61,Female,Quetta,Shopkeeper,133000,Salary,13.9
USER_2929,54,Male,Rawalpindi,Salaried Employee,97000,Current,3.1
USER_2930,52,Male,Islamabad,Business Owner,515000,Savings,5.2
USER_2931,32,Male,Rawalpindi,Teacher,71000,Current,14.9
USER_2932,31,Female,Karachi,Salaried Employee,128000,Savings,12.6
USER_2933,19,Female,Rawalpindi,Doctor,226000,Current,6.9
USER_2934,31,Female,Sialkot,Housewife,0,Savings,7.8
USER_2935,64,Male,Islamabad,Government Employee,76000,Current,11.2
USER_2936,65,Female,Hyderabad,Government Employee,88000,Savings,12.1
USER_2937,48,Female,Quetta,Housewife,25000,Savings,0.6
USER_2938,43,Male,Multan,Engineer,201000,Savings,6.8
USER_2939,37,Male,Lahore,Driver,51000,Current,13.2
USER_2940,35,Female,Karachi,Salaried Employee,103000,Savings,8.7
USER_2941,51,Male,Islamabad,Retired,92000,Savings,1.4
USER_2942,65,Female,Multan,Freelancer,288000,Savings,6.6
USER_2943,51,Male,Islamabad,Engineer,149000,Savings,0.9
USER_2944,37,Female,Multan,Teacher,101000,Current,0.9
USER_2945,39,Male,Peshawar,Student,34000,Savings,13.7
USER_2946,52,Female,Sialkot,Retired,99000,Savings,2.8
USER_2947,40,Male,Lahore,Doctor,235000,Savings,14.5
USER_2948,44,Female,Islamabad,Freelancer,70000,Current,7.4
USER_2949,26,Female,Quetta,Engineer,281000,Salary,10.9
USER_2950,49,Male,Islamabad,Government Employee,127000,Savings,12.2
USER_2951,32,Male,Lahore,Retired,83000,Current,13.4
USER_2952,33,Male,Faisalabad,Salaried Employee,109000,Current,10.8
USER_2953,60,Female,Islamabad,Engineer,231000,Current,10.1
USER_2954,65,Male,Hyderabad,Driver,32000,Savings,14.7
USER_2955,27,Male,Rawalpindi,Salaried Employee,122000,Current,0.7
USER_2956,48,Female,Rawalpindi,Driver,58000,Salary,6.4
USER_2957,47,Female,Quetta,Shopkeeper,111000,Salary,4.5
USER_2958,39,Female,Islamabad,Teacher,82000,Current,11.7
USER_2959,60,Male,Multan,Business Owner,426000,Savings,11.8
USER_2960,59,Male,Quetta,Salaried Employee,82000,Savings,14.6
USER_2961,25,Female,Islamabad,Engineer,200000,Current,6.8
USER_2962,50,Male,Hyderabad,Business Owner,354000,Savings,12.7
USER_2963,67,Male,Rawalpindi,Retired,76000,Salary,9.2
USER_2964,54,Male,Quetta,Engineer,261000,Savings,10.6
USER_2965,28,Female,Islamabad,Housewife,0,Salary,9.7
USER_2966,32,Male,Quetta,Freelancer,292000,Savings,4.5
USER_2967,36,Female,Quetta,Doctor,450000,Current,5.2
USER_2968,37,Male,Lahore,Teacher,106000,Salary,10.2
USER_2969,64,Male,Karachi,Doctor,274000,Savings,7.5
USER_2970,66,Male,Hyderabad,Salaried Employee,125000,Current,9.1
USER_2971,40,Male,Rawalpindi,Teacher,69000,Current,2.3
USER_2972,55,Male,Rawalpindi,Shopkeeper,117000,Salary,4.5
USER_2973,18,Male,Quetta,Teacher,94000,Savings,11.7
USER_2974,48,Male,Peshawar,Teacher,114000,Savings,8.3
USER_2975,47,Male,Lahore,Retired,75000,Current,14.3
USER_2976,42,Female,Lahore,Driver,45000,Current,9
USER_2977,62,Female,Faisalabad,Government Employee,129000,Savings,1.8
USER_2978,56,Female,Rawalpindi,Driver,46000,Salary,14.5
USER_2979,21,Male,Faisalabad,Retired,66000,Current,9.8
USER_2980,44,Female,Multan,Housewife,0,Savings,10.8
USER_2981,33,Female,Rawalpindi,Freelancer,297000,Salary,4.4
USER_2982,49,Female,Sialkot,Business Owner,850000,Current,1.1
USER_2983,55,Female,Sialkot,Housewife,0,Savings,5.7
USER_2984,63,Female,Hyderabad,Retired,35000,Current,9.9
USER_2985,47,Male,Hyderabad,Driver,54000,Current,10.2
USER_2986,31,Male,Karachi,Driver,41000,Savings,4.7
USER_2987,69,Male,Peshawar,Teacher,84000,Salary,5.5
USER_2988,35,Female,Karachi,Engineer,240000,Salary,14.9
USER_2989,67,Male,Rawalpindi,Business Owner,958000,Salary,9.9
USER_2990,43,Female,Islamabad,Shopkeeper,103000,Current,5.6
USER_2991,65,Male,Multan,Teacher,67000,Salary,1.8
USER_2992,38,Female,Islamabad,Doctor,306000,Current,12.9
USER_2993,40,Female,Peshawar,Engineer,162000,Savings,5.2
USER_2994,30,Female,Quetta,Retired,69000,Salary,8.3
USER_2995,57,Female,Rawalpindi,Housewife,0,Salary,9.2
USER_2996,43,Female,Islamabad,Retired,75000,Salary,5.6
USER_2997,42,Male,Faisalabad,Freelancer,369000,Savings,5.2
USER_2998,46,Male,Rawalpindi,Business Owner,313000,Salary,14.9
USER_2999,49,Male,Rawalpindi,Government Employee,175000,Savings,6.9
USER_3000,27,Male,Faisalabad,Government Employee,63000,Salary,7.5
USER_3001,44,Male,Hyderabad,Salaried Employee,138000,Salary,6.3
USER_3002,42,Female,Multan,Teacher,88000,Current,5.8
USER_3003,38,Female,Lahore,Retired,48000,Current,13
USER_3004,33,Male,Lahore,Business Owner,893000,Current,8.3
USER_3005,69,Male,Multan,Retired,59000,Current,4.4
USER_3006,47,Female,Peshawar,Freelancer,299000,Savings,14.3
USER_3007,19,Female,Quetta,Driver,32000,Current,7.4
USER_3008,27,Female,Multan,Housewife,10000,Salary,4.2
USER_3009,19,Female,Hyderabad,Retired,47000,Current,3.6
USER_3010,37,Female,Multan,Government Employee,135000,Salary,14.2
USER_3011,67,Female,Karachi,Freelancer,98000,Salary,11.4
USER_3012,25,Female,Sialkot,Housewife,20000,Salary,2.8
USER_3013,33,Male,Islamabad,Student,31000,Current,11.1
USER_3014,23,Male,Hyderabad,Freelancer,273000,Current,6
USER_3015,26,Female,Islamabad,Housewife,10000,Current,3.1
USER_3016,34,Female,Lahore,Salaried Employee,104000,Current,3.4
USER_3017,59,Male,Multan,Shopkeeper,105000,Salary,4.2
USER_3018,21,Female,Multan,Housewife,0,Savings,14.5
USER_3019,18,Male,Multan,Doctor,361000,Savings,12.1
USER_3020,54,Female,Lahore,Salaried Employee,95000,Salary,9.5
USER_3021,52,Female,Multan,Housewife,0,Salary,5.9
USER_3022,46,Male,Quetta,Salaried Employee,128000,Savings,9.5
USER_3023,68,Male,Faisalabad,Teacher,67000,Current,10.4
USER_3024,51,Male,Lahore,Shopkeeper,131000,Salary,2.8
USER_3025,39,Female,Quetta,Doctor,435000,Savings,10.2
USER_3026,39,Male,Multan,Salaried Employee,101000,Current,3.2
USER_3027,20,Female,Karachi,Shopkeeper,235000,Savings,12.8
USER_3028,60,Female,Quetta,Freelancer,372000,Salary,8.2
USER_3029,66,Male,Faisalabad,Engineer,156000,Current,11.6
USER_3030,58,Female,Hyderabad,Doctor,398000,Savings,7.6
USER_3031,24,Female,Quetta,Shopkeeper,240000,Current,4.9
USER_3032,67,Male,Quetta,Student,16000,Savings,5
USER_3033,65,Male,Multan,Retired,36000,Salary,0.9
USER_3034,42,Male,Multan,Business Owner,205000,Salary,13.2
USER_3035,50,Male,Quetta,Engineer,299000,Salary,1.1
USER_3036,24,Female,Islamabad,Government Employee,153000,Current,1.6
USER_3037,49,Male,Sialkot,Driver,50000,Savings,1.2
USER_3038,31,Male,Faisalabad,Student,40000,Savings,10.1
USER_3039,29,Female,Rawalpindi,Engineer,225000,Savings,2.8
USER_3040,33,Female,Hyderabad,Driver,49000,Salary,13
USER_3041,37,Male,Faisalabad,Doctor,562000,Savings,6.5
USER_3042,42,Female,Rawalpindi,Shopkeeper,146000,Salary,0.7
USER_3043,43,Male,Peshawar,Salaried Employee,99000,Savings,9.7
USER_3044,28,Female,Lahore,Salaried Employee,140000,Current,2.9
USER_3045,34,Female,Faisalabad,Business Owner,450000,Current,12.9
USER_3046,24,Male,Hyderabad,Government Employee,71000,Salary,12.8
USER_3047,26,Male,Peshawar,Shopkeeper,109000,Savings,3.8
USER_3048,29,Male,Lahore,Government Employee,117000,Salary,5.9
USER_3049,27,Female,Sialkot,Student,32000,Salary,11.6
USER_3050,67,Male,Multan,Student,29000,Savings,14.3
USER_3051,34,Male,Multan,Shopkeeper,133000,Salary,1.3
USER_3052,27,Female,Quetta,Housewife,5000,Savings,9.6
USER_3053,60,Female,Karachi,Shopkeeper,98000,Savings,9.2
USER_3054,53,Male,Islamabad,Business Owner,483000,Savings,2.1
USER_3055,44,Male,Sialkot,Retired,52000,Salary,14
USER_3056,20,Male,Lahore,Driver,38000,Savings,6
USER_3057,21,Female,Sialkot,Housewife,5000,Salary,1
USER_3058,22,Male,Peshawar,Freelancer,272000,Current,10.4
USER_3059,46,Male,Peshawar,Freelancer,201000,Current,14.7
USER_3060,47,Female,Islamabad,Shopkeeper,221000,Current,3.7
USER_3061,58,Male,Hyderabad,Teacher,118000,Savings,5.8
USER_3062,45,Female,Islamabad,Student,25000,Current,10.8
USER_3063,32,Female,Islamabad,Driver,42000,Savings,14.2
USER_3064,44,Female,Peshawar,Shopkeeper,182000,Current,5.8
USER_3065,60,Female,Islamabad,Retired,99000,Savings,4.1
USER_3066,30,Male,Sialkot,Engineer,241000,Salary,13
USER_3067,41,Female,Rawalpindi,Doctor,274000,Current,2.1
USER_3068,46,Female,Sialkot,Doctor,227000,Savings,3.6
USER_3069,28,Female,Quetta,Doctor,295000,Current,0.8
USER_3070,42,Male,Faisalabad,Retired,50000,Salary,6.3
USER_3071,27,Female,Multan,Shopkeeper,144000,Salary,2.4
USER_3072,38,Female,Lahore,Housewife,0,Savings,0.6
USER_3073,39,Male,Multan,Engineer,173000,Salary,2.7
USER_3074,37,Male,Multan,Freelancer,235000,Salary,13.6
USER_3075,48,Female,Islamabad,Teacher,80000,Savings,12.1
USER_3076,27,Female,Hyderabad,Housewife,20000,Savings,8.6
USER_3077,48,Female,Rawalpindi,Housewife,0,Current,1.9
USER_3078,26,Female,Peshawar,Doctor,450000,Savings,11.6
USER_3079,62,Female,Peshawar,Freelancer,370000,Savings,7
USER_3080,49,Female,Multan,Housewife,15000,Savings,3.1
USER_3081,37,Female,Islamabad,Housewife,5000,Salary,5.2
USER_3082,68,Male,Multan,Freelancer,329000,Savings,9.5
USER_3083,44,Male,Multan,Teacher,73000,Salary,4.6
USER_3084,19,Female,Multan,Salaried Employee,77000,Salary,4
USER_3085,34,Female,Hyderabad,Engineer,131000,Current,11.4
USER_3086,47,Male,Multan,Business Owner,183000,Savings,13.1
USER_3087,18,Male,Faisalabad,Doctor,305000,Current,6
USER_3088,62,Female,Hyderabad,Engineer,216000,Salary,12.9
USER_3089,44,Female,Islamabad,Engineer,189000,Salary,3.3
USER_3090,35,Male,Peshawar,Driver,33000,Salary,13.7
USER_3091,25,Female,Islamabad,Housewife,5000,Savings,3.1
USER_3092,27,Female,Lahore,Housewife,0,Salary,0.7
USER_3093,57,Male,Islamabad,Freelancer,398000,Current,9.6
USER_3094,68,Female,Sialkot,Housewife,0,Salary,2.5
USER_3095,23,Male,Lahore,Retired,42000,Savings,6.8
USER_3096,32,Male,Karachi,Retired,40000,Current,5.1
USER_3097,30,Female,Rawalpindi,Retired,95000,Salary,10.7
USER_3098,36,Male,Peshawar,Salaried Employee,137000,Savings,1.7
USER_3099,34,Male,Quetta,Freelancer,169000,Salary,2.3
USER_3100,30,Male,Multan,Government Employee,81000,Current,9.7
USER_3101,36,Female,Quetta,Driver,39000,Savings,6.7
USER_3102,65,Male,Quetta,Student,31000,Salary,4.1
USER_3103,22,Male,Lahore,Shopkeeper,170000,Salary,1.4
USER_3104,23,Female,Karachi,Retired,42000,Current,9
USER_3105,62,Male,Sialkot,Teacher,108000,Current,7
USER_3106,69,Female,Multan,Shopkeeper,159000,Current,5
USER_3107,30,Male,Sialkot,Salaried Employee,76000,Salary,5.6
USER_3108,47,Female,Hyderabad,Shopkeeper,202000,Current,2.7
USER_3109,66,Female,Hyderabad,Student,39000,Savings,11.9
USER_3110,58,Male,Hyderabad,Engineer,124000,Current,12
USER_3111,29,Male,Sialkot,Salaried Employee,98000,Savings,0.7
USER_3112,27,Female,Multan,Government Employee,63000,Current,6.2
USER_3113,53,Female,Rawalpindi,Government Employee,124000,Salary,11
USER_3114,45,Male,Peshawar,Driver,32000,Current,14.4
USER_3115,38,Female,Sialkot,Teacher,69000,Savings,8
USER_3116,69,Male,Hyderabad,Shopkeeper,83000,Current,9.7
USER_3117,58,Female,Sialkot,Doctor,521000,Savings,9.2
USER_3118,36,Female,Multan,Retired,47000,Current,8.7
USER_3119,22,Male,Peshawar,Engineer,229000,Savings,3.5
USER_3120,62,Male,Multan,Driver,60000,Current,11.9
USER_3121,39,Female,Rawalpindi,Salaried Employee,112000,Salary,8.8
USER_3122,63,Male,Rawalpindi,Shopkeeper,228000,Current,13.4
USER_3123,50,Male,Hyderabad,Salaried Employee,112000,Savings,8.2
USER_3124,56,Female,Lahore,Shopkeeper,182000,Savings,12
USER_3125,63,Male,Multan,Student,26000,Savings,3.7
USER_3126,38,Female,Sialkot,Shopkeeper,227000,Savings,11.9
USER_3127,49,Female,Sialkot,Business Owner,360000,Salary,3.2
USER_3128,56,Male,Faisalabad,Retired,38000,Salary,13.3
USER_3129,69,Female,Rawalpindi,Doctor,422000,Salary,12.4
USER_3130,37,Female,Rawalpindi,Salaried Employee,109000,Savings,0.9
USER_3131,66,Female,Lahore,Engineer,242000,Savings,7
USER_3132,53,Male,Sialkot,Shopkeeper,162000,Savings,14.1
USER_3133,35,Male,Sialkot,Shopkeeper,155000,Savings,9
USER_3134,19,Male,Karachi,Engineer,265000,Current,5.8
USER_3135,64,Female,Quetta,Student,31000,Current,9.9
USER_3136,29,Female,Sialkot,Student,31000,Current,5.2
USER_3137,20,Male,Islamabad,Shopkeeper,97000,Savings,2.5
USER_3138,51,Female,Rawalpindi,Housewife,15000,Current,5.4
USER_3139,39,Male,Peshawar,Doctor,486000,Savings,8.1
USER_3140,68,Female,Islamabad,Business Owner,244000,Savings,7
USER_3141,66,Female,Rawalpindi,Government Employee,67000,Salary,10.4
USER_3142,21,Male,Peshawar,Student,11000,Savings,11.5
USER_3143,26,Female,Multan,Doctor,596000,Salary,10.2
USER_3144,50,Female,Peshawar,Student,32000,Salary,10.6
USER_3145,22,Male,Rawalpindi,Freelancer,89000,Savings,3.8
USER_3146,18,Female,Lahore,Freelancer,263000,Salary,13.5
USER_3147,43,Male,Islamabad,Business Owner,158000,Salary,11.3
USER_3148,35,Female,Quetta,Doctor,284000,Savings,11.4
USER_3149,39,Male,Multan,Teacher,86000,Savings,9.9
USER_3150,19,Female,Sialkot,Driver,52000,Salary,11.7
USER_3151,29,Male,Karachi,Doctor,256000,Salary,14
USER_3152,30,Female,Rawalpindi,Freelancer,229000,Current,7.2
USER_3153,58,Male,Sialkot,Teacher,74000,Salary,0.8
USER_3154,31,Male,Multan,Government Employee,125000,Salary,6.1
USER_3155,47,Female,Sialkot,Salaried Employee,134000,Current,8.6
USER_3156,68,Male,Lahore,Freelancer,126000,Savings,12.9
USER_3157,21,Male,Faisalabad,Student,20000,Current,6
USER_3158,28,Male,Karachi,Engineer,176000,Salary,3.3
USER_3159,65,Female,Lahore,Teacher,87000,Salary,0.8
USER_3160,25,Female,Islamabad,Teacher,90000,Savings,2.2
USER_3161,65,Male,Peshawar,Salaried Employee,72000,Savings,1.7
USER_3162,47,Female,Faisalabad,Student,33000,Salary,7.5
USER_3163,62,Female,Rawalpindi,Housewife,20000,Salary,6
USER_3164,49,Female,Peshawar,Doctor,292000,Savings,8.9
USER_3165,60,Male,Faisalabad,Retired,67000,Salary,7.4
USER_3166,19,Female,Rawalpindi,Government Employee,150000,Current,12.3
USER_3167,20,Female,Quetta,Retired,94000,Savings,10.9
USER_3168,21,Female,Multan,Housewife,15000,Current,12.4
USER_3169,28,Female,Multan,Retired,49000,Current,11.2
USER_3170,44,Male,Sialkot,Doctor,395000,Current,14.8
USER_3171,27,Female,Quetta,Doctor,389000,Current,1.8
USER_3172,26,Female,Multan,Driver,45000,Current,11.4
USER_3173,28,Male,Multan,Business Owner,805000,Savings,9.2
USER_3174,58,Male,Sialkot,Salaried Employee,97000,Salary,6.2
USER_3175,25,Female,Quetta,Housewife,0,Current,14.1
USER_3176,28,Male,Multan,Shopkeeper,111000,Current,11.1
USER_3177,53,Female,Quetta,Driver,57000,Current,3.7
USER_3178,65,Female,Lahore,Government Employee,144000,Salary,7.1
USER_3179,66,Male,Karachi,Business Owner,989000,Savings,7.7
USER_3180,62,Female,Rawalpindi,Doctor,359000,Savings,8.4
USER_3181,70,Male,Karachi,Student,11000,Current,2.3
USER_3182,70,Male,Lahore,Teacher,90000,Savings,6.6
USER_3183,60,Female,Karachi,Retired,69000,Current,6.1
USER_3184,37,Female,Sialkot,Freelancer,321000,Salary,9.4
USER_3185,61,Female,Karachi,Shopkeeper,164000,Current,1
USER_3186,48,Female,Quetta,Housewife,20000,Salary,9
USER_3187,61,Female,Karachi,Doctor,220000,Current,11.5
USER_3188,48,Female,Quetta,Housewife,0,Savings,11
USER_3189,58,Male,Peshawar,Doctor,593000,Current,4
USER_3190,20,Female,Faisalabad,Business Owner,965000,Salary,12.9
USER_3191,57,Female,Lahore,Student,32000,Savings,9.1
USER_3192,67,Male,Quetta,Shopkeeper,98000,Salary,3.1
USER_3193,62,Female,Quetta,Driver,54000,Savings,4.2
USER_3194,62,Female,Islamabad,Shopkeeper,157000,Savings,1.1
USER_3195,39,Female,Lahore,Driver,35000,Savings,3.4
USER_3196,33,Male,Hyderabad,Retired,53000,Current,1.1
USER_3197,32,Female,Sialkot,Shopkeeper,140000,Salary,6.9
USER_3198,25,Male,Islamabad,Salaried Employee,87000,Salary,14.7
USER_3199,54,Male,Peshawar,Shopkeeper,176000,Salary,6.7
USER_3200,51,Female,Quetta,Housewife,20000,Current,1
USER_3201,53,Female,Lahore,Housewife,0,Current,13.2
USER_3202,40,Female,Hyderabad,Business Owner,405000,Savings,2.3
USER_3203,23,Male,Rawalpindi,Shopkeeper,223000,Current,8.6
USER_3204,22,Male,Sialkot,Doctor,261000,Salary,1.1
USER_3205,27,Female,Islamabad,Retired,81000,Savings,5.9
USER_3206,68,Male,Lahore,Business Owner,848000,Current,9
USER_3207,37,Male,Multan,Government Employee,173000,Current,12.1
USER_3208,60,Female,Peshawar,Shopkeeper,136000,Savings,3
USER_3209,58,Male,Islamabad,Driver,34000,Salary,2.6
USER_3210,48,Male,Sialkot,Salaried Employee,102000,Salary,11.4
USER_3211,41,Male,Faisalabad,Doctor,231000,Current,1.1
USER_3212,67,Female,Karachi,Government Employee,148000,Salary,14
USER_3213,46,Male,Islamabad,Shopkeeper,241000,Salary,13.4
USER_3214,66,Male,Rawalpindi,Freelancer,343000,Current,7.7
USER_3215,45,Female,Hyderabad,Housewife,0,Salary,13.4
USER_3216,67,Male,Multan,Teacher,86000,Current,7.2
USER_3217,37,Female,Faisalabad,Shopkeeper,214000,Current,6.1
USER_3218,55,Male,Peshawar,Engineer,144000,Salary,7.6
USER_3219,52,Male,Faisalabad,Driver,39000,Current,13.2
USER_3220,50,Male,Multan,Engineer,183000,Salary,3.3
USER_3221,30,Female,Quetta,Driver,43000,Current,4.3
USER_3222,60,Male,Sialkot,Salaried Employee,109000,Savings,10.5
USER_3223,63,Female,Rawalpindi,Shopkeeper,233000,Salary,3
USER_3224,64,Female,Rawalpindi,Government Employee,138000,Salary,12.5
USER_3225,59,Female,Multan,Government Employee,111000,Current,10.9
USER_3226,47,Female,Islamabad,Teacher,100000,Savings,4.2
USER_3227,70,Female,Karachi,Housewife,5000,Current,14
USER_3228,53,Female,Quetta,Freelancer,290000,Savings,4.4
USER_3229,58,Female,Sialkot,Housewife,25000,Current,6.1
USER_3230,26,Male,Lahore,Engineer,134000,Savings,12.8
USER_3231,24,Female,Islamabad,Housewife,20000,Savings,1.1
USER_3232,54,Female,Karachi,Housewife,15000,Salary,10.9
USER_3233,45,Male,Rawalpindi,Government Employee,141000,Salary,8.8
USER_3234,53,Female,Rawalpindi,Salaried Employee,73000,Salary,9
USER_3235,28,Female,Rawalpindi,Business Owner,796000,Savings,14.3
USER_3236,54,Female,Peshawar,Housewife,0,Savings,12.8
USER_3237,33,Female,Sialkot,Salaried Employee,93000,Savings,4.6
USER_3238,33,Female,Hyderabad,Freelancer,384000,Current,7
USER_3239,24,Male,Hyderabad,Retired,88000,Current,2.7
USER_3240,57,Female,Karachi,Business Owner,952000,Current,3.5
USER_3241,49,Female,Quetta,Engineer,204000,Savings,7.7
USER_3242,42,Female,Sialkot,Government Employee,109000,Savings,10.7
USER_3243,62,Female,Islamabad,Doctor,309000,Savings,5.1
USER_3244,35,Male,Faisalabad,Government Employee,110000,Salary,13.2
USER_3245,61,Male,Lahore,Shopkeeper,86000,Current,8.8
USER_3246,42,Male,Peshawar,Doctor,580000,Current,13.7
USER_3247,45,Female,Multan,Government Employee,95000,Current,13.7
USER_3248,48,Male,Islamabad,Government Employee,172000,Salary,9.9
USER_3249,51,Male,Karachi,Doctor,391000,Savings,11.5
USER_3250,63,Male,Lahore,Freelancer,360000,Savings,4.1
USER_3251,34,Female,Islamabad,Teacher,69000,Current,4.5
USER_3252,32,Female,Faisalabad,Salaried Employee,138000,Savings,3.9
USER_3253,57,Male,Sialkot,Driver,56000,Salary,3.1
USER_3254,48,Female,Islamabad,Government Employee,62000,Savings,9.2
USER_3255,22,Male,Faisalabad,Salaried Employee,140000,Savings,11.8
USER_3256,66,Female,Islamabad,Salaried Employee,140000,Savings,4.1
USER_3257,38,Male,Faisalabad,Business Owner,172000,Salary,7.8
USER_3258,43,Male,Islamabad,Student,25000,Savings,12.8
USER_3259,56,Female,Sialkot,Teacher,90000,Savings,7.1
USER_3260,25,Male,Islamabad,Driver,50000,Savings,1.5
USER_3261,26,Male,Faisalabad,Shopkeeper,219000,Current,10.3
USER_3262,53,Female,Quetta,Shopkeeper,250000,Salary,5.6
USER_3263,54,Female,Faisalabad,Business Owner,577000,Savings,7.8
USER_3264,26,Female,Rawalpindi,Housewife,15000,Current,2.2
USER_3265,42,Female,Faisalabad,Engineer,126000,Current,7.6
USER_3266,31,Female,Islamabad,Shopkeeper,235000,Salary,2.5
USER_3267,43,Male,Islamabad,Student,40000,Savings,13.6
USER_3268,49,Female,Peshawar,Retired,91000,Current,13.3
USER_3269,26,Female,Karachi,Government Employee,79000,Salary,13.9
USER_3270,41,Male,Multan,Shopkeeper,181000,Salary,13.1
USER_3271,56,Female,Multan,Business Owner,728000,Current,1.1
USER_3272,22,Female,Multan,Government Employee,101000,Salary,2.9
USER_3273,27,Female,Karachi,Student,27000,Savings,9.6
USER_3274,19,Female,Hyderabad,Engineer,281000,Current,5.5
USER_3275,36,Female,Karachi,Business Owner,764000,Savings,13.3
USER_3276,45,Male,Quetta,Retired,96000,Savings,15
USER_3277,70,Female,Multan,Driver,53000,Current,11.1
USER_3278,35,Male,Islamabad,Government Employee,72000,Salary,6.1
USER_3279,32,Male,Karachi,Teacher,61000,Savings,3.3
USER_3280,30,Female,Islamabad,Doctor,487000,Salary,4.2
USER_3281,18,Male,Islamabad,Student,19000,Salary,7.5
USER_3282,32,Female,Islamabad,Driver,46000,Savings,1.7
USER_3283,69,Female,Sialkot,Retired,79000,Current,14.4
USER_3284,54,Female,Multan,Business Owner,313000,Salary,10.4
USER_3285,55,Female,Sialkot,Government Employee,90000,Savings,6.8
USER_3286,39,Female,Peshawar,Retired,83000,Savings,14.3
USER_3287,69,Female,Lahore,Salaried Employee,143000,Savings,12.7
USER_3288,33,Female,Islamabad,Housewife,15000,Current,11.3
USER_3289,54,Female,Faisalabad,Housewife,5000,Savings,9.5
USER_3290,22,Female,Karachi,Doctor,413000,Current,2.7
USER_3291,19,Female,Multan,Housewife,10000,Savings,7.6
USER_3292,43,Male,Hyderabad,Doctor,323000,Current,4
USER_3293,39,Male,Sialkot,Engineer,276000,Current,12.9
USER_3294,23,Male,Karachi,Salaried Employee,141000,Current,7.6
USER_3295,68,Male,Karachi,Student,25000,Savings,1
USER_3296,41,Female,Sialkot,Housewife,0,Savings,13.4
USER_3297,24,Female,Sialkot,Housewife,0,Salary,0.5
USER_3298,68,Male,Hyderabad,Shopkeeper,108000,Current,9.1
USER_3299,51,Male,Sialkot,Teacher,69000,Savings,7.2
USER_3300,28,Male,Peshawar,Freelancer,187000,Salary,4.6
USER_3301,39,Male,Peshawar,Shopkeeper,174000,Salary,4.9
USER_3302,63,Female,Hyderabad,Government Employee,164000,Current,10.2
USER_3303,33,Female,Islamabad,Retired,50000,Savings,1.7
USER_3304,25,Male,Lahore,Shopkeeper,113000,Savings,11
USER_3305,67,Female,Multan,Freelancer,195000,Salary,7.5
USER_3306,25,Female,Rawalpindi,Shopkeeper,89000,Current,2.8
USER_3307,40,Male,Karachi,Student,38000,Current,6.1
USER_3308,47,Female,Multan,Shopkeeper,115000,Current,11.3
USER_3309,45,Female,Sialkot,Retired,54000,Savings,13.1
USER_3310,34,Female,Lahore,Shopkeeper,168000,Savings,1.1
USER_3311,33,Female,Faisalabad,Government Employee,154000,Savings,6.6
USER_3312,58,Female,Multan,Freelancer,266000,Current,0.5
USER_3313,67,Male,Rawalpindi,Salaried Employee,114000,Salary,10.1
USER_3314,65,Female,Quetta,Doctor,477000,Salary,9.4
USER_3315,30,Female,Karachi,Shopkeeper,235000,Salary,4.7
USER_3316,20,Female,Multan,Student,23000,Salary,9.6
USER_3317,48,Female,Peshawar,Freelancer,370000,Savings,13.9
USER_3318,32,Female,Faisalabad,Teacher,118000,Salary,12.9
USER_3319,60,Female,Hyderabad,Teacher,60000,Salary,3.8
USER_3320,70,Female,Rawalpindi,Doctor,201000,Current,1.2
USER_3321,69,Female,Quetta,Business Owner,587000,Savings,7.8
USER_3322,68,Female,Sialkot,Driver,32000,Current,14.8
USER_3323,52,Female,Lahore,Government Employee,111000,Salary,11
USER_3324,52,Male,Karachi,Driver,44000,Savings,5.3
USER_3325,48,Male,Lahore,Salaried Employee,104000,Savings,10
USER_3326,34,Female,Islamabad,Doctor,307000,Salary,2.9
USER_3327,66,Female,Faisalabad,Business Owner,875000,Salary,9.8
USER_3328,27,Male,Karachi,Government Employee,69000,Current,14.5
USER_3329,66,Female,Multan,Housewife,25000,Salary,2.3
USER_3330,57,Female,Lahore,Engineer,144000,Current,3.1
USER_3331,52,Female,Karachi,Freelancer,115000,Savings,2.9
USER_3332,28,Male,Peshawar,Driver,42000,Savings,5.4
USER_3333,68,Female,Lahore,Business Owner,964000,Current,3.6
USER_3334,57,Female,Sialkot,Retired,39000,Salary,3.8
USER_3335,67,Female,Quetta,Shopkeeper,182000,Current,9.8
USER_3336,20,Male,Peshawar,Government Employee,60000,Salary,5.7
USER_3337,41,Female,Hyderabad,Retired,31000,Current,13
USER_3338,26,Male,Sialkot,Business Owner,739000,Savings,9.1
USER_3339,49,Female,Lahore,Freelancer,87000,Salary,5.1
USER_3340,52,Female,Faisalabad,Student,38000,Savings,1.3
USER_3341,60,Male,Faisalabad,Doctor,280000,Current,5.4
USER_3342,22,Female,Lahore,Shopkeeper,161000,Salary,4.8
USER_3343,19,Female,Multan,Salaried Employee,82000,Savings,14
USER_3344,56,Female,Multan,Housewife,0,Current,11.6
USER_3345,25,Male,Sialkot,Government Employee,136000,Savings,3.9
USER_3346,37,Male,Quetta,Freelancer,356000,Current,13.6
USER_3347,37,Male,Hyderabad,Student,20000,Current,1.8
USER_3348,35,Female,Islamabad,Housewife,0,Salary,0.6
USER_3349,20,Female,Multan,Doctor,484000,Savings,4.3
USER_3350,53,Male,Lahore,Engineer,164000,Savings,9.9
USER_3351,62,Male,Karachi,Shopkeeper,137000,Salary,10.8
USER_3352,65,Male,Hyderabad,Student,32000,Salary,13.2
USER_3353,68,Male,Peshawar,Business Owner,399000,Savings,6.7
USER_3354,60,Female,Rawalpindi,Business Owner,457000,Current,2.5
USER_3355,44,Female,Faisalabad,Government Employee,141000,Savings,10.8
USER_3356,59,Female,Karachi,Housewife,20000,Salary,3.3
USER_3357,62,Male,Sialkot,Salaried Employee,146000,Savings,14.5
USER_3358,26,Male,Rawalpindi,Government Employee,158000,Savings,11.1
USER_3359,43,Male,Rawalpindi,Teacher,67000,Salary,0.5
USER_3360,63,Male,Karachi,Doctor,256000,Current,3.5
USER_3361,27,Male,Multan,Engineer,228000,Current,10.1
USER_3362,35,Female,Rawalpindi,Driver,35000,Savings,6.1
USER_3363,60,Male,Peshawar,Shopkeeper,152000,Current,1.2
USER_3364,45,Female,Islamabad,Student,36000,Savings,11.4
USER_3365,36,Female,Hyderabad,Housewife,10000,Savings,4.6
USER_3366,45,Male,Peshawar,Business Owner,218000,Salary,7.1
USER_3367,59,Male,Peshawar,Government Employee,150000,Current,12.7
USER_3368,35,Male,Peshawar,Government Employee,117000,Savings,0.7
USER_3369,59,Female,Hyderabad,Government Employee,132000,Salary,9.8
USER_3370,25,Female,Multan,Business Owner,417000,Salary,1.9
USER_3371,51,Female,Hyderabad,Student,12000,Salary,14.4
USER_3372,33,Female,Faisalabad,Government Employee,159000,Salary,14
USER_3373,54,Male,Peshawar,Business Owner,154000,Savings,14.4
USER_3374,67,Female,Sialkot,Engineer,120000,Current,3.3
USER_3375,64,Female,Hyderabad,Teacher,106000,Current,9
USER_3376,43,Female,Lahore,Doctor,447000,Salary,3.3
USER_3377,38,Male,Multan,Engineer,244000,Savings,8.2
USER_3378,32,Female,Quetta,Student,33000,Savings,2
USER_3379,32,Female,Karachi,Government Employee,121000,Current,8.3
USER_3380,22,Male,Quetta,Shopkeeper,116000,Savings,11.2
USER_3381,41,Male,Karachi,Teacher,61000,Salary,6.4
USER_3382,59,Female,Rawalpindi,Housewife,15000,Savings,9.4
USER_3383,69,Female,Sialkot,Business Owner,933000,Salary,14.1
USER_3384,20,Female,Faisalabad,Business Owner,325000,Salary,11.5
USER_3385,18,Female,Rawalpindi,Doctor,373000,Savings,1.8
USER_3386,32,Female,Karachi,Doctor,565000,Current,14.1
USER_3387,53,Male,Karachi,Retired,43000,Salary,8.8
USER_3388,35,Male,Islamabad,Salaried Employee,101000,Salary,1.2
USER_3389,30,Male,Rawalpindi,Salaried Employee,109000,Current,1.4
USER_3390,32,Female,Karachi,Housewife,5000,Current,9.6
USER_3391,61,Female,Islamabad,Retired,38000,Savings,7.4
USER_3392,28,Female,Karachi,Business Owner,334000,Salary,12.7
USER_3393,24,Male,Islamabad,Government Employee,70000,Savings,6.5
USER_3394,32,Male,Faisalabad,Retired,98000,Salary,8.5
USER_3395,51,Female,Peshawar,Salaried Employee,148000,Salary,10.1
USER_3396,46,Female,Islamabad,Freelancer,303000,Current,5.1
USER_3397,31,Male,Rawalpindi,Doctor,355000,Current,11.7
USER_3398,23,Male,Islamabad,Student,18000,Salary,10.7
USER_3399,53,Female,Hyderabad,Driver,49000,Salary,11.2
USER_3400,21,Male,Quetta,Government Employee,165000,Savings,4
USER_3401,50,Male,Rawalpindi,Business Owner,729000,Savings,5.4
USER_3402,23,Female,Faisalabad,Engineer,264000,Savings,12.5
USER_3403,45,Female,Rawalpindi,Salaried Employee,99000,Salary,9.7
USER_3404,27,Female,Lahore,Doctor,578000,Salary,8.4
USER_3405,66,Female,Peshawar,Salaried Employee,106000,Current,0.9
USER_3406,67,Male,Karachi,Retired,34000,Savings,5.2
USER_3407,69,Male,Lahore,Retired,55000,Current,14.3
USER_3408,46,Female,Karachi,Driver,55000,Salary,0.9
USER_3409,40,Female,Hyderabad,Driver,34000,Salary,9.9
USER_3410,34,Male,Lahore,Business Owner,305000,Salary,10.2
USER_3411,48,Female,Peshawar,Business Owner,955000,Savings,2.7
USER_3412,50,Male,Multan,Doctor,446000,Savings,7.9
USER_3413,19,Male,Sialkot,Student,10000,Salary,4.3
USER_3414,42,Female,Multan,Housewife,15000,Salary,8
USER_3415,27,Female,Hyderabad,Freelancer,134000,Savings,6.5
USER_3416,50,Male,Multan,Engineer,293000,Savings,5.8
USER_3417,68,Female,Karachi,Business Owner,899000,Savings,9.6
USER_3418,44,Male,Rawalpindi,Doctor,516000,Salary,8.6
USER_3419,40,Male,Sialkot,Driver,58000,Salary,3.2
USER_3420,21,Female,Karachi,Housewife,20000,Current,12.6
USER_3421,53,Male,Faisalabad,Driver,54000,Current,14.5
USER_3422,29,Female,Peshawar,Government Employee,128000,Savings,6
USER_3423,51,Male,Hyderabad,Teacher,76000,Savings,10.3
USER_3424,62,Female,Sialkot,Driver,40000,Salary,3
USER_3425,59,Female,Hyderabad,Teacher,70000,Savings,4
USER_3426,66,Male,Multan,Retired,99000,Current,3.6
USER_3427,67,Female,Lahore,Shopkeeper,91000,Current,4.7
USER_3428,42,Male,Multan,Engineer,196000,Savings,3.2
USER_3429,64,Female,Multan,Business Owner,866000,Savings,4.8
USER_3430,19,Male,Peshawar,Doctor,361000,Current,12
USER_3431,50,Male,Rawalpindi,Retired,44000,Current,4
USER_3432,50,Male,Faisalabad,Engineer,155000,Current,9.3
USER_3433,21,Female,Karachi,Teacher,105000,Salary,1.3
USER_3434,33,Male,Rawalpindi,Government Employee,160000,Current,3.3
USER_3435,34,Female,Lahore,Doctor,582000,Savings,12.2
USER_3436,23,Male,Sialkot,Shopkeeper,218000,Current,11
USER_3437,52,Male,Sialkot,Government Employee,92000,Salary,1.8
USER_3438,30,Female,Rawalpindi,Salaried Employee,123000,Salary,5.2
USER_3439,20,Female,Karachi,Retired,40000,Savings,13.8
USER_3440,66,Female,Multan,Doctor,250000,Current,14.4
USER_3441,67,Male,Karachi,Salaried Employee,97000,Savings,15
USER_3442,55,Male,Multan,Doctor,259000,Salary,2.4
USER_3443,51,Male,Rawalpindi,Retired,79000,Current,7.3
USER_3444,49,Female,Faisalabad,Freelancer,133000,Salary,13.7
USER_3445,57,Male,Hyderabad,Engineer,280000,Current,2.4
USER_3446,22,Female,Sialkot,Housewife,0,Salary,9.8
USER_3447,36,Male,Quetta,Teacher,75000,Savings,6.3
USER_3448,39,Male,Sialkot,Salaried Employee,123000,Savings,3
USER_3449,28,Male,Sialkot,Freelancer,335000,Savings,1.6
USER_3450,35,Female,Multan,Doctor,240000,Savings,4.2
USER_3451,62,Female,Islamabad,Business Owner,712000,Current,14.1
USER_3452,41,Male,Multan,Government Employee,125000,Current,6.7
USER_3453,20,Male,Lahore,Retired,47000,Current,11.8
USER_3454,20,Male,Karachi,Business Owner,363000,Current,6.2
USER_3455,23,Male,Hyderabad,Salaried Employee,130000,Savings,5.1
USER_3456,31,Male,Islamabad,Government Employee,93000,Current,5.7
USER_3457,50,Male,Hyderabad,Freelancer,127000,Current,9.6
USER_3458,45,Male,Sialkot,Government Employee,129000,Current,4.7
USER_3459,25,Male,Faisalabad,Business Owner,155000,Salary,14.8
USER_3460,39,Female,Rawalpindi,Shopkeeper,224000,Salary,13.5
USER_3461,44,Male,Rawalpindi,Government Employee,145000,Current,9.4
USER_3462,21,Male,Multan,Shopkeeper,85000,Salary,12.4
USER_3463,41,Male,Faisalabad,Teacher,98000,Savings,14.1
USER_3464,46,Female,Sialkot,Salaried Employee,123000,Salary,10.7
USER_3465,58,Female,Sialkot,Freelancer,267000,Salary,4.8
USER_3466,59,Female,Lahore,Business Owner,460000,Savings,8.3
USER_3467,55,Female,Sialkot,Government Employee,79000,Current,8.7
USER_3468,19,Female,Sialkot,Freelancer,172000,Savings,13.4
USER_3469,29,Male,Faisalabad,Salaried Employee,126000,Current,8.7
USER_3470,44,Male,Quetta,Shopkeeper,121000,Current,9.8
USER_3471,66,Female,Karachi,Driver,44000,Savings,11.4
USER_3472,53,Male,Quetta,Freelancer,186000,Current,10.2
USER_3473,41,Male,Quetta,Salaried Employee,144000,Savings,12.6
USER_3474,70,Male,Multan,Doctor,548000,Savings,14.7
USER_3475,54,Female,Multan,Student,28000,Savings,6.4
USER_3476,52,Male,Hyderabad,Driver,39000,Savings,11.9
USER_3477,54,Female,Multan,Doctor,530000,Savings,13.9
USER_3478,18,Female,Hyderabad,Housewife,0,Savings,12.2
USER_3479,54,Female,Lahore,Teacher,115000,Savings,11.8
USER_3480,52,Male,Rawalpindi,Freelancer,233000,Salary,4.4
USER_3481,19,Male,Peshawar,Government Employee,60000,Savings,10.2
USER_3482,45,Female,Hyderabad,Housewife,0,Savings,12.6
USER_3483,50,Female,Lahore,Housewife,5000,Salary,5.4
USER_3484,21,Male,Hyderabad,Business Owner,209000,Salary,9.9
USER_3485,36,Male,Multan,Student,25000,Current,11.7
USER_3486,51,Male,Sialkot,Shopkeeper,248000,Current,9.6
USER_3487,64,Female,Rawalpindi,Driver,39000,Current,0.7
USER_3488,46,Female,Sialkot,Teacher,86000,Savings,1.3
USER_3489,26,Female,Hyderabad,Driver,34000,Salary,2.5
USER_3490,53,Male,Peshawar,Retired,92000,Current,13.9
USER_3491,54,Male,Faisalabad,Student,23000,Salary,10.3
USER_3492,22,Male,Rawalpindi,Government Employee,119000,Savings,1.8
USER_3493,38,Female,Islamabad,Government Employee,105000,Current,2.1
USER_3494,23,Female,Karachi,Government Employee,171000,Savings,10.3
USER_3495,56,Male,Karachi,Doctor,259000,Savings,11.4
USER_3496,70,Female,Islamabad,Shopkeeper,210000,Salary,8.8
USER_3497,42,Male,Rawalpindi,Government Employee,119000,Savings,13.4
USER_3498,36,Female,Faisalabad,Freelancer,96000,Salary,14.4
USER_3499,38,Male,Islamabad,Doctor,354000,Salary,1.1
USER_3500,45,Female,Faisalabad,Student,18000,Current,3.5
USER_3501,24,Female,Peshawar,Business Owner,264000,Savings,13.6
USER_3502,68,Female,Quetta,Salaried Employee,94000,Savings,0.7
USER_3503,58,Male,Peshawar,Freelancer,351000,Savings,2
USER_3504,34,Female,Islamabad,Freelancer,356000,Current,11.2
USER_3505,68,Female,Rawalpindi,Doctor,321000,Salary,4
USER_3506,50,Male,Quetta,Driver,40000,Current,0.9
USER_3507,54,Female,Karachi,Shopkeeper,234000,Salary,10.9
USER_3508,43,Male,Peshawar,Shopkeeper,96000,Current,13
USER_3509,33,Female,Quetta,Salaried Employee,72000,Current,11.6
USER_3510,52,Male,Lahore,Driver,58000,Savings,3.1
USER_3511,40,Female,Islamabad,Housewife,20000,Salary,13.2
USER_3512,18,Female,Quetta,Shopkeeper,107000,Salary,4.3
USER_3513,27,Male,Quetta,Driver,55000,Savings,1.6
USER_3514,26,Female,Sialkot,Doctor,439000,Salary,14.3
USER_3515,55,Female,Rawalpindi,Doctor,527000,Salary,8.4
USER_3516,19,Male,Islamabad,Student,38000,Current,12.1
USER_3517,62,Male,Quetta,Doctor,577000,Salary,10.9
USER_3518,50,Female,Islamabad,Teacher,118000,Salary,5.4
USER_3519,57,Male,Lahore,Teacher,83000,Current,9.6
USER_3520,47,Female,Peshawar,Housewife,15000,Savings,3.9
USER_3521,43,Female,Hyderabad,Shopkeeper,131000,Salary,11.7
USER_3522,29,Male,Sialkot,Shopkeeper,152000,Current,11.8
USER_3523,22,Female,Peshawar,Freelancer,349000,Current,6.1
USER_3524,57,Female,Quetta,Shopkeeper,120000,Savings,5.1
USER_3525,30,Female,Karachi,Driver,47000,Current,10.4
USER_3526,43,Male,Rawalpindi,Engineer,134000,Salary,4.4
USER_3528,60,Female,Hyderabad,Doctor,582000,Salary,5.3
USER_3529,54,Male,Karachi,Driver,34000,Savings,4.6
USER_3530,29,Female,Multan,Teacher,76000,Savings,14
USER_3531,47,Female,Rawalpindi,Salaried Employee,116000,Salary,4.8
USER_3532,33,Male,Quetta,Retired,65000,Current,12.5
USER_3533,30,Male,Multan,Doctor,286000,Current,1.7
USER_3534,38,Male,Quetta,Engineer,247000,Savings,13.8
USER_3535,42,Male,Sialkot,Salaried Employee,123000,Salary,3.7
USER_3536,32,Female,Quetta,Freelancer,264000,Savings,3.7
USER_3537,24,Female,Multan,Engineer,127000,Salary,7.6
USER_3538,42,Female,Karachi,Freelancer,238000,Current,11.7
USER_3539,70,Female,Rawalpindi,Student,16000,Current,9.6
USER_3540,61,Male,Lahore,Shopkeeper,237000,Current,2.9
USER_3541,51,Female,Sialkot,Government Employee,95000,Savings,1.7
USER_3542,31,Female,Faisalabad,Housewife,15000,Current,7.1
USER_3543,70,Female,Rawalpindi,Housewife,5000,Salary,3
USER_3544,31,Female,Peshawar,Retired,99000,Savings,4
USER_3545,46,Female,Karachi,Student,30000,Current,14.3
USER_3546,62,Female,Faisalabad,Housewife,0,Current,3.1
USER_3547,57,Male,Sialkot,Business Owner,646000,Salary,1.4
USER_3548,26,Female,Karachi,Teacher,84000,Savings,3.9
USER_3549,51,Female,Hyderabad,Salaried Employee,88000,Current,8.6
USER_3550,44,Male,Multan,Freelancer,336000,Current,12
USER_3551,52,Female,Faisalabad,Teacher,117000,Savings,2.5
USER_3552,39,Female,Faisalabad,Business Owner,813000,Current,11.1
USER_3553,41,Female,Sialkot,Teacher,72000,Salary,2.4
USER_3554,25,Male,Hyderabad,Engineer,127000,Savings,14
USER_3555,20,Male,Islamabad,Teacher,84000,Salary,3.8
USER_3556,32,Male,Rawalpindi,Salaried Employee,85000,Current,13.1
USER_3557,31,Male,Multan,Engineer,246000,Savings,8.1
USER_3558,58,Female,Quetta,Retired,54000,Salary,2
USER_3559,36,Female,Hyderabad,Freelancer,395000,Salary,7.6
USER_3560,62,Male,Hyderabad,Shopkeeper,247000,Current,10.9
USER_3561,59,Female,Islamabad,Retired,31000,Savings,5.8
USER_3562,65,Male,Multan,Teacher,74000,Savings,8.1
USER_3563,63,Male,Islamabad,Government Employee,170000,Savings,2.3
USER_3564,27,Male,Faisalabad,Freelancer,119000,Savings,6
USER_3565,23,Male,Hyderabad,Teacher,92000,Savings,3.5
USER_3566,47,Female,Karachi,Business Owner,323000,Current,6.4
USER_3567,23,Female,Islamabad,Salaried Employee,116000,Current,7.2
USER_3568,65,Female,Quetta,Driver,39000,Current,2.5
USER_3569,54,Male,Multan,Salaried Employee,82000,Salary,12.3
USER_3570,65,Female,Hyderabad,Driver,48000,Savings,11.1
USER_3571,21,Female,Peshawar,Housewife,25000,Savings,1.4
USER_3572,31,Male,Peshawar,Retired,58000,Salary,10
USER_3573,19,Female,Islamabad,Salaried Employee,90000,Salary,14.4
USER_3574,31,Female,Islamabad,Housewife,20000,Current,10
USER_3575,22,Female,Rawalpindi,Business Owner,727000,Savings,3.9
USER_3576,38,Female,Rawalpindi,Freelancer,353000,Savings,5.1
USER_3577,35,Female,Lahore,Shopkeeper,249000,Current,11.2
USER_3578,32,Male,Hyderabad,Teacher,76000,Savings,8.8
USER_3579,34,Female,Sialkot,Retired,45000,Savings,13.5
USER_3580,70,Female,Karachi,Salaried Employee,145000,Savings,6.9
USER_3581,21,Female,Rawalpindi,Driver,60000,Salary,7.3
USER_3582,49,Male,Rawalpindi,Shopkeeper,166000,Savings,8.9
USER_3583,51,Male,Islamabad,Salaried Employee,74000,Salary,11.4
USER_3584,26,Female,Hyderabad,Retired,37000,Salary,3.2
USER_3585,20,Female,Quetta,Shopkeeper,239000,Salary,13.3
USER_3586,50,Female,Multan,Driver,37000,Salary,11.2
USER_3587,41,Female,Islamabad,Government Employee,144000,Salary,6.2
USER_3588,69,Male,Rawalpindi,Student,19000,Current,3.9
USER_3589,59,Male,Sialkot,Freelancer,238000,Savings,7.2
USER_3590,28,Female,Sialkot,Housewife,0,Savings,9.8
USER_3591,67,Female,Karachi,Housewife,10000,Savings,7.4
USER_3592,65,Male,Karachi,Freelancer,173000,Savings,8.9
USER_3593,23,Male,Sialkot,Shopkeeper,104000,Salary,14.5
USER_3594,43,Male,Islamabad,Retired,50000,Savings,3.5
USER_3595,61,Female,Hyderabad,Shopkeeper,117000,Savings,2.2
USER_3596,61,Female,Lahore,Housewife,20000,Current,2
USER_3597,20,Male,Sialkot,Retired,34000,Current,2.5
USER_3598,60,Female,Rawalpindi,Government Employee,142000,Salary,11.1
USER_3599,36,Male,Hyderabad,Doctor,377000,Savings,8.3
USER_3600,29,Female,Faisalabad,Business Owner,259000,Savings,11.6
USER_3601,29,Male,Lahore,Teacher,61000,Salary,10.4
USER_3602,51,Male,Multan,Student,29000,Salary,5.2
USER_3603,27,Female,Hyderabad,Salaried Employee,72000,Salary,3.3
USER_3604,40,Female,Lahore,Retired,30000,Savings,10.9
USER_3605,56,Female,Islamabad,Retired,95000,Savings,11.8
USER_3606,47,Male,Islamabad,Teacher,73000,Current,14.1
USER_3607,38,Female,Hyderabad,Teacher,110000,Savings,3.6
USER_3608,34,Male,Islamabad,Student,15000,Current,14
USER_3609,25,Female,Sialkot,Salaried Employee,133000,Savings,8.6
USER_3610,21,Male,Sialkot,Freelancer,102000,Current,10.9
USER_3611,45,Female,Sialkot,Student,24000,Savings,2.4
USER_3612,51,Male,Multan,Engineer,188000,Savings,12.5
USER_3613,58,Male,Rawalpindi,Retired,67000,Savings,4.1
USER_3614,19,Female,Hyderabad,Shopkeeper,228000,Salary,7
USER_3615,68,Female,Sialkot,Housewife,15000,Current,9.1
USER_3616,41,Female,Hyderabad,Salaried Employee,102000,Current,7.5
USER_3617,26,Female,Peshawar,Doctor,201000,Savings,1.1
USER_3618,67,Female,Quetta,Housewife,0,Savings,0.9
USER_3619,68,Female,Quetta,Government Employee,73000,Current,6.3
USER_3620,49,Male,Hyderabad,Business Owner,195000,Salary,0.7
USER_3621,69,Female,Peshawar,Housewife,0,Salary,0.9
USER_3622,24,Female,Karachi,Shopkeeper,102000,Savings,7.9
USER_3623,46,Male,Rawalpindi,Student,25000,Salary,3.8
USER_3624,21,Female,Multan,Business Owner,439000,Current,4.9
USER_3625,29,Male,Rawalpindi,Student,11000,Salary,6.8
USER_3626,52,Female,Peshawar,Doctor,569000,Current,9.1
USER_3627,19,Male,Lahore,Business Owner,156000,Current,3.4
USER_3628,69,Male,Sialkot,Doctor,282000,Current,13.9
USER_3629,43,Female,Islamabad,Housewife,15000,Salary,1.4
USER_3630,26,Female,Karachi,Student,12000,Current,6.3
USER_3631,24,Female,Multan,Driver,49000,Savings,11.4
USER_3632,21,Female,Sialkot,Shopkeeper,203000,Savings,13.8
USER_3633,19,Female,Sialkot,Government Employee,131000,Salary,1.5
USER_3634,54,Female,Sialkot,Student,20000,Savings,10.2
USER_3635,22,Female,Islamabad,Student,18000,Salary,9.3
USER_3636,69,Female,Sialkot,Shopkeeper,184000,Salary,8.2
USER_3637,58,Male,Lahore,Government Employee,121000,Salary,6.9
USER_3638,70,Female,Hyderabad,Freelancer,362000,Salary,4.7
USER_3639,42,Male,Islamabad,Government Employee,124000,Current,14.3
USER_3640,48,Female,Rawalpindi,Government Employee,169000,Savings,11.6
USER_3641,29,Male,Quetta,Driver,49000,Salary,4.7
USER_3642,25,Female,Karachi,Housewife,10000,Savings,13.3
USER_3643,26,Male,Rawalpindi,Shopkeeper,93000,Salary,7.2
USER_3644,28,Male,Lahore,Doctor,229000,Savings,10.1
USER_3645,19,Female,Lahore,Business Owner,988000,Savings,3.9
USER_3646,62,Female,Islamabad,Housewife,0,Current,14.5
USER_3647,52,Female,Quetta,Student,37000,Savings,14.6
USER_3648,34,Female,Quetta,Salaried Employee,91000,Savings,7
USER_3649,51,Male,Sialkot,Shopkeeper,213000,Current,6.8
USER_3650,52,Male,Karachi,Student,19000,Salary,1.2
USER_3651,38,Female,Lahore,Salaried Employee,95000,Current,8.7
USER_3652,56,Female,Lahore,Driver,52000,Savings,14
USER_3653,49,Female,Islamabad,Freelancer,292000,Salary,13.6
USER_3654,47,Female,Sialkot,Driver,58000,Current,10.1
USER_3655,35,Male,Sialkot,Engineer,180000,Salary,2.2
USER_3656,68,Female,Lahore,Engineer,232000,Savings,7.7
USER_3657,59,Male,Islamabad,Shopkeeper,154000,Salary,13.5
USER_3658,53,Male,Multan,Retired,79000,Current,2.1
USER_3659,55,Female,Islamabad,Teacher,102000,Savings,13.3
USER_3660,62,Female,Sialkot,Doctor,401000,Salary,4.1
USER_3661,57,Female,Karachi,Teacher,90000,Salary,5
USER_3662,46,Male,Islamabad,Business Owner,504000,Savings,6.1
USER_3663,40,Male,Hyderabad,Teacher,96000,Salary,2.3
USER_3664,54,Male,Faisalabad,Business Owner,570000,Salary,10.6
USER_3665,57,Male,Hyderabad,Salaried Employee,104000,Current,7.5
USER_3666,46,Male,Hyderabad,Student,30000,Savings,1.8
USER_3667,31,Male,Sialkot,Retired,63000,Current,10.1
USER_3668,58,Male,Rawalpindi,Retired,83000,Savings,3.9
USER_3669,64,Female,Karachi,Engineer,169000,Savings,1.1
USER_3670,38,Male,Hyderabad,Engineer,126000,Savings,5.7
USER_3671,66,Female,Peshawar,Salaried Employee,104000,Savings,9.4
USER_3672,38,Male,Rawalpindi,Retired,68000,Current,0.9
USER_3673,44,Female,Lahore,Shopkeeper,207000,Salary,1.4
USER_3674,26,Female,Sialkot,Business Owner,751000,Salary,9.6
USER_3675,52,Male,Hyderabad,Shopkeeper,224000,Savings,1.9
USER_3676,46,Female,Hyderabad,Business Owner,260000,Savings,12.7
USER_3677,29,Female,Hyderabad,Teacher,96000,Current,9.4
USER_3678,57,Male,Sialkot,Doctor,565000,Salary,8.5
USER_3679,50,Female,Sialkot,Teacher,105000,Savings,5.2
USER_3680,34,Female,Karachi,Housewife,0,Salary,2.5
USER_3681,61,Male,Karachi,Driver,56000,Current,14.9
USER_3682,62,Female,Karachi,Engineer,150000,Savings,7.4
USER_3683,61,Male,Rawalpindi,Freelancer,352000,Salary,12.2
USER_3684,44,Female,Rawalpindi,Doctor,572000,Salary,2.3
USER_3685,55,Female,Multan,Engineer,277000,Savings,6
USER_3686,21,Male,Sialkot,Driver,51000,Salary,4.9
USER_3687,37,Female,Islamabad,Student,20000,Current,15
USER_3688,35,Female,Hyderabad,Shopkeeper,188000,Savings,5.2
USER_3689,34,Male,Karachi,Teacher,81000,Current,13
USER_3690,66,Female,Multan,Business Owner,181000,Salary,7
USER_3691,67,Female,Rawalpindi,Government Employee,162000,Salary,12.2
USER_3692,45,Male,Rawalpindi,Engineer,188000,Current,13.2
USER_3693,58,Male,Hyderabad,Engineer,196000,Savings,2.1
USER_3694,39,Female,Rawalpindi,Student,10000,Salary,14
USER_3695,28,Male,Lahore,Salaried Employee,90000,Current,3.1
USER_3696,45,Female,Peshawar,Teacher,86000,Savings,11.6
USER_3697,22,Female,Karachi,Housewife,0,Savings,4.6
USER_3698,23,Female,Quetta,Teacher,95000,Salary,9.8
USER_3699,18,Male,Lahore,Shopkeeper,234000,Salary,14.7
USER_3700,63,Female,Quetta,Salaried Employee,96000,Savings,3
USER_3701,40,Female,Karachi,Teacher,89000,Savings,14.9
USER_3702,68,Female,Islamabad,Driver,57000,Current,1.6
USER_3703,25,Male,Karachi,Government Employee,129000,Current,3.8
USER_3704,39,Male,Hyderabad,Engineer,274000,Salary,6.1
USER_3705,21,Female,Quetta,Engineer,287000,Savings,5.8
USER_3706,50,Male,Faisalabad,Salaried Employee,86000,Salary,8.6
USER_3707,50,Female,Faisalabad,Engineer,190000,Savings,1
USER_3708,34,Female,Multan,Teacher,103000,Current,5.4
USER_3709,30,Male,Lahore,Salaried Employee,95000,Savings,14.1
USER_3710,36,Female,Sialkot,Retired,41000,Current,6.9
USER_3711,66,Male,Rawalpindi,Driver,40000,Salary,9.8
USER_3712,28,Female,Islamabad,Student,16000,Salary,8.3
USER_3713,28,Male,Peshawar,Engineer,123000,Salary,8.4
USER_3714,56,Female,Rawalpindi,Student,18000,Current,10.9
USER_3715,20,Female,Sialkot,Government Employee,103000,Salary,8.4
USER_3716,35,Male,Multan,Government Employee,175000,Current,0.7
USER_3717,68,Female,Quetta,Housewife,20000,Current,7.4
USER_3718,50,Male,Hyderabad,Engineer,165000,Current,4.2
USER_3719,41,Female,Faisalabad,Doctor,228000,Salary,3.5
USER_3720,41,Male,Peshawar,Freelancer,395000,Savings,7
USER_3721,24,Male,Multan,Government Employee,144000,Salary,2.3
USER_3722,47,Female,Quetta,Retired,81000,Salary,8.7
USER_3723,55,Male,Sialkot,Student,20000,Current,7.5
USER_3724,26,Female,Lahore,Teacher,115000,Current,10.4
USER_3725,42,Female,Karachi,Housewife,20000,Salary,4.2
USER_3726,26,Male,Quetta,Driver,37000,Salary,7
USER_3727,33,Female,Sialkot,Housewife,0,Savings,14.8
USER_3728,53,Female,Karachi,Doctor,282000,Salary,3.5
USER_3729,51,Male,Sialkot,Business Owner,372000,Savings,2.6
USER_3730,70,Male,Karachi,Salaried Employee,100000,Savings,13.4
USER_3731,22,Female,Peshawar,Doctor,399000,Savings,1.2
USER_3732,50,Female,Hyderabad,Housewife,0,Salary,1.7
USER_3733,30,Female,Hyderabad,Housewife,10000,Savings,13.8
USER_3734,53,Female,Multan,Driver,38000,Salary,14.2
USER_3735,50,Male,Peshawar,Teacher,88000,Salary,9.8
USER_3736,38,Female,Hyderabad,Freelancer,236000,Salary,12
USER_3737,18,Male,Karachi,Shopkeeper,186000,Savings,0.6
USER_3738,39,Female,Peshawar,Housewife,15000,Savings,13.6
USER_3739,45,Female,Hyderabad,Doctor,341000,Savings,1.6
USER_3740,43,Female,Faisalabad,Housewife,0,Salary,12.7
USER_3741,36,Male,Peshawar,Business Owner,490000,Savings,6.3
USER_3742,35,Female,Karachi,Business Owner,795000,Savings,5.8
USER_3743,66,Male,Hyderabad,Doctor,487000,Savings,4.8
USER_3744,42,Female,Islamabad,Doctor,518000,Current,11.9
USER_3745,32,Female,Quetta,Business Owner,695000,Salary,8.7
USER_3746,51,Female,Sialkot,Housewife,15000,Savings,5.9
USER_3747,45,Male,Multan,Shopkeeper,100000,Salary,7.1
USER_3748,19,Male,Islamabad,Student,13000,Savings,6.8
USER_3749,66,Female,Peshawar,Driver,47000,Salary,8.6
USER_3750,42,Female,Faisalabad,Housewife,0,Salary,5.8
USER_3751,22,Female,Multan,Engineer,254000,Current,14.6
USER_3752,47,Female,Peshawar,Teacher,106000,Savings,10.2
USER_3753,49,Female,Hyderabad,Freelancer,167000,Savings,1.9
USER_3754,69,Female,Faisalabad,Housewife,20000,Savings,6.8
USER_3755,28,Male,Sialkot,Shopkeeper,168000,Salary,9
USER_3756,21,Female,Multan,Teacher,69000,Savings,12.4
USER_3757,61,Female,Multan,Shopkeeper,92000,Current,6.8
USER_3758,26,Male,Sialkot,Salaried Employee,87000,Current,7.7
USER_3759,63,Female,Karachi,Housewife,20000,Savings,13.9
USER_3760,44,Female,Karachi,Shopkeeper,125000,Savings,12.5
USER_3761,48,Male,Quetta,Salaried Employee,143000,Salary,5.3
USER_3762,68,Female,Karachi,Student,13000,Current,8
USER_3763,29,Male,Faisalabad,Retired,89000,Savings,1.8
USER_3764,22,Female,Quetta,Engineer,122000,Current,1.5
USER_3765,53,Female,Lahore,Housewife,15000,Savings,9.4
USER_3766,69,Male,Lahore,Engineer,169000,Current,1.7
USER_3767,65,Female,Rawalpindi,Shopkeeper,94000,Salary,2.5
USER_3768,20,Female,Lahore,Doctor,511000,Current,10.4
USER_3769,48,Female,Lahore,Business Owner,752000,Current,8.6
USER_3770,62,Female,Rawalpindi,Driver,35000,Salary,8.1
USER_3771,55,Male,Hyderabad,Engineer,154000,Salary,4.2
USER_3772,67,Male,Hyderabad,Retired,42000,Salary,12
USER_3773,27,Female,Rawalpindi,Teacher,113000,Salary,1.7
USER_3774,67,Male,Karachi,Teacher,82000,Savings,2.7
USER_3775,60,Female,Rawalpindi,Driver,36000,Savings,7.3
USER_3776,31,Female,Peshawar,Teacher,94000,Savings,5.4
USER_3777,44,Male,Hyderabad,Teacher,96000,Current,1.1
USER_3778,46,Male,Sialkot,Business Owner,380000,Salary,14.9
USER_3779,52,Male,Quetta,Teacher,72000,Current,12.1
USER_3780,69,Female,Hyderabad,Salaried Employee,141000,Savings,5.3
USER_3781,46,Female,Faisalabad,Retired,37000,Current,5.7
USER_3782,39,Female,Lahore,Engineer,224000,Savings,3.5
USER_3783,64,Male,Sialkot,Student,28000,Current,13.6
USER_3784,24,Male,Peshawar,Driver,53000,Current,11.1
USER_3785,56,Female,Rawalpindi,Housewife,0,Savings,7.2
USER_3786,42,Male,Sialkot,Driver,31000,Savings,5.3
USER_3787,63,Female,Hyderabad,Student,33000,Salary,3.1
USER_3788,19,Female,Sialkot,Engineer,181000,Current,12.4
USER_3789,62,Male,Islamabad,Student,39000,Savings,10.2
USER_3790,46,Female,Sialkot,Engineer,136000,Savings,2.8
USER_3791,66,Male,Lahore,Engineer,149000,Current,3.6
USER_3792,29,Female,Sialkot,Teacher,89000,Salary,13.4
USER_3793,20,Female,Faisalabad,Student,37000,Current,1.9
USER_3794,63,Male,Islamabad,Shopkeeper,236000,Salary,1.2
USER_3795,63,Female,Karachi,Government Employee,147000,Savings,1.2
USER_3796,36,Male,Faisalabad,Retired,32000,Savings,10.5
USER_3797,25,Male,Faisalabad,Engineer,153000,Savings,13.2
USER_3798,20,Female,Lahore,Housewife,10000,Salary,9.4
USER_3799,32,Female,Sialkot,Freelancer,161000,Salary,5.7
USER_3800,41,Female,Islamabad,Student,22000,Current,1.5
USER_3801,44,Female,Sialkot,Freelancer,77000,Salary,0.8
USER_3802,45,Male,Lahore,Business Owner,556000,Salary,6.9
USER_3803,20,Male,Peshawar,Business Owner,430000,Salary,10.4
USER_3804,31,Male,Sialkot,Teacher,80000,Salary,10.6
USER_3805,32,Male,Karachi,Doctor,457000,Current,6
USER_3806,39,Female,Karachi,Government Employee,81000,Salary,5.5
USER_3807,22,Female,Rawalpindi,Doctor,364000,Current,2.4
USER_3808,29,Female,Lahore,Shopkeeper,221000,Current,3.2
USER_3809,58,Male,Sialkot,Retired,50000,Savings,11.9
USER_3810,39,Male,Lahore,Student,34000,Savings,8.8
USER_3811,44,Male,Multan,Government Employee,61000,Salary,11.6
USER_3812,53,Female,Quetta,Teacher,76000,Savings,2.7
USER_3813,23,Female,Hyderabad,Shopkeeper,138000,Savings,9.4
USER_3814,36,Female,Peshawar,Engineer,267000,Salary,12
USER_3815,46,Female,Sialkot,Salaried Employee,81000,Savings,9.1
USER_3816,67,Female,Faisalabad,Salaried Employee,122000,Savings,3.8
USER_3817,44,Male,Karachi,Retired,49000,Current,5.9
USER_3818,29,Male,Faisalabad,Shopkeeper,201000,Savings,10.6
USER_3819,18,Female,Lahore,Housewife,15000,Savings,3.8
USER_3820,18,Male,Rawalpindi,Doctor,567000,Savings,1.9
USER_3821,64,Male,Lahore,Engineer,257000,Savings,8.1
USER_3822,64,Male,Multan,Freelancer,120000,Current,2
USER_3823,50,Female,Rawalpindi,Business Owner,539000,Current,8.5
USER_3824,64,Female,Sialkot,Retired,91000,Salary,14.6
USER_3825,63,Male,Hyderabad,Business Owner,692000,Savings,10.8
USER_3826,33,Female,Quetta,Retired,58000,Savings,8.4
USER_3827,56,Male,Quetta,Freelancer,321000,Savings,12.2
USER_3828,39,Female,Karachi,Driver,33000,Salary,2.5
USER_3829,66,Female,Islamabad,Student,12000,Savings,8.5
USER_3830,36,Male,Rawalpindi,Salaried Employee,90000,Savings,4.2
USER_3831,35,Female,Faisalabad,Driver,37000,Salary,2.4
USER_3832,51,Male,Lahore,Doctor,389000,Salary,9.2
USER_3833,62,Male,Islamabad,Retired,32000,Savings,1
USER_3834,21,Female,Islamabad,Government Employee,172000,Savings,2.4
USER_3835,49,Female,Islamabad,Retired,44000,Savings,5.9
USER_3836,20,Female,Quetta,Housewife,20000,Current,13.4
USER_3837,34,Female,Rawalpindi,Student,32000,Savings,5.5
USER_3838,32,Female,Peshawar,Shopkeeper,173000,Current,13.6
USER_3839,57,Female,Islamabad,Housewife,0,Salary,2.8
USER_3840,23,Female,Lahore,Shopkeeper,158000,Current,13
USER_3841,28,Male,Lahore,Student,19000,Savings,12.7
USER_3842,52,Female,Lahore,Freelancer,273000,Current,2.9
USER_3843,23,Male,Lahore,Doctor,455000,Savings,7.8
USER_3844,43,Female,Hyderabad,Doctor,441000,Savings,6.1
USER_3845,43,Male,Lahore,Freelancer,339000,Current,5.7
USER_3846,37,Female,Faisalabad,Teacher,103000,Savings,6.9
USER_3847,43,Male,Faisalabad,Freelancer,169000,Salary,3.8
USER_3848,40,Male,Faisalabad,Driver,50000,Current,2.9
USER_3849,26,Male,Hyderabad,Salaried Employee,127000,Savings,1.8
USER_3850,34,Male,Hyderabad,Driver,35000,Salary,5.5
USER_3851,53,Female,Faisalabad,Driver,35000,Savings,10.3
USER_3852,58,Male,Quetta,Retired,95000,Salary,14.3
USER_3853,24,Female,Islamabad,Driver,38000,Salary,5
USER_3854,23,Female,Faisalabad,Government Employee,86000,Salary,5.4
USER_3855,26,Female,Peshawar,Salaried Employee,118000,Salary,1.3
USER_3856,33,Male,Rawalpindi,Teacher,73000,Savings,12.2
USER_3857,22,Male,Multan,Driver,47000,Current,6.4
USER_3858,64,Female,Multan,Shopkeeper,182000,Salary,8.7
USER_3859,49,Female,Peshawar,Doctor,508000,Salary,13.5
USER_3860,64,Female,Rawalpindi,Engineer,183000,Current,5.9
USER_3861,35,Female,Hyderabad,Retired,96000,Current,14.5
USER_3862,45,Male,Faisalabad,Salaried Employee,80000,Savings,5.5
USER_3863,19,Male,Sialkot,Engineer,282000,Current,7.9
USER_3864,29,Female,Sialkot,Salaried Employee,112000,Current,8.8
USER_3865,37,Female,Islamabad,Housewife,5000,Savings,7.1
USER_3866,26,Male,Multan,Retired,46000,Current,3.1
USER_3867,70,Female,Karachi,Driver,39000,Salary,8.4
USER_3868,33,Female,Hyderabad,Housewife,10000,Current,13.3
USER_3869,63,Male,Peshawar,Freelancer,286000,Savings,10
USER_3870,32,Male,Karachi,Student,28000,Salary,10.5
USER_3871,49,Female,Islamabad,Salaried Employee,86000,Savings,5.8
USER_3872,46,Male,Quetta,Teacher,81000,Savings,3.5
USER_3873,35,Male,Hyderabad,Business Owner,986000,Current,4.3
USER_3874,59,Female,Karachi,Housewife,25000,Savings,9.8
USER_3875,59,Male,Quetta,Doctor,379000,Salary,12.4
USER_3876,46,Female,Peshawar,Salaried Employee,146000,Current,6.3
USER_3877,44,Male,Rawalpindi,Shopkeeper,81000,Savings,4.5
USER_3878,59,Male,Multan,Salaried Employee,128000,Salary,1.4
USER_3879,38,Male,Karachi,Student,15000,Current,12.9
USER_3880,64,Male,Lahore,Teacher,72000,Current,7.2
USER_3881,25,Female,Karachi,Freelancer,228000,Savings,14.5
USER_3882,68,Male,Rawalpindi,Doctor,477000,Salary,10.6
USER_3883,28,Female,Rawalpindi,Housewife,5000,Current,9.5
USER_3884,63,Male,Quetta,Doctor,292000,Salary,0.9
USER_3886,29,Female,Rawalpindi,Engineer,154000,Salary,5.9
USER_3887,40,Male,Rawalpindi,Salaried Employee,92000,Savings,9.8
USER_3888,32,Male,Quetta,Freelancer,389000,Savings,0.5
USER_3889,48,Male,Multan,Government Employee,77000,Savings,6.6
USER_3890,50,Female,Karachi,Shopkeeper,184000,Savings,13.7
USER_3891,47,Male,Quetta,Salaried Employee,121000,Salary,7.7
USER_3892,66,Male,Rawalpindi,Doctor,220000,Savings,0.7
USER_3894,27,Female,Lahore,Engineer,289000,Salary,3.7
USER_3895,61,Male,Lahore,Shopkeeper,245000,Current,13.9
USER_3896,52,Female,Hyderabad,Shopkeeper,133000,Current,6.9
USER_3897,26,Male,Rawalpindi,Government Employee,151000,Savings,2.6
USER_3898,63,Male,Lahore,Freelancer,223000,Current,15
USER_3899,53,Male,Islamabad,Salaried Employee,116000,Current,1.3
USER_3900,70,Female,Rawalpindi,Engineer,292000,Savings,13.6
USER_3901,58,Female,Rawalpindi,Housewife,0,Salary,1.3
USER_3902,61,Female,Faisalabad,Housewife,5000,Savings,7.5
USER_3903,32,Female,Lahore,Driver,48000,Current,2.7
USER_3904,22,Male,Hyderabad,Salaried Employee,123000,Salary,1.3
USER_3905,60,Female,Rawalpindi,Freelancer,318000,Salary,5.8
USER_3906,38,Female,Peshawar,Student,22000,Current,4.1
USER_3907,69,Male,Lahore,Engineer,143000,Current,14.7
USER_3908,22,Male,Sialkot,Driver,41000,Current,6.7
USER_3909,54,Male,Sialkot,Retired,79000,Salary,14.8
USER_3910,38,Female,Quetta,Shopkeeper,174000,Savings,1.4
USER_3911,69,Male,Karachi,Teacher,71000,Current,14.7
USER_3912,18,Male,Sialkot,Driver,46000,Savings,2.5
USER_3913,23,Female,Faisalabad,Housewife,5000,Salary,4
USER_3914,45,Female,Peshawar,Business Owner,744000,Salary,7.1
USER_3915,54,Female,Rawalpindi,Housewife,0,Current,7.6
USER_3916,32,Male,Sialkot,Salaried Employee,87000,Current,10
USER_3917,66,Male,Peshawar,Engineer,271000,Salary,8.3
USER_3918,59,Female,Multan,Government Employee,170000,Salary,14.1
USER_3919,61,Female,Rawalpindi,Housewife,0,Salary,11.7
USER_3920,37,Male,Karachi,Business Owner,855000,Salary,11.9
USER_3921,39,Female,Rawalpindi,Housewife,0,Savings,2.8
USER_3922,22,Female,Karachi,Engineer,247000,Current,4.4
USER_3923,54,Female,Faisalabad,Shopkeeper,82000,Salary,1.2
USER_3924,44,Female,Hyderabad,Teacher,80000,Salary,10.1
USER_3925,49,Female,Faisalabad,Freelancer,305000,Salary,7
USER_3926,23,Female,Rawalpindi,Doctor,382000,Current,10.5
USER_3927,34,Female,Karachi,Student,23000,Savings,5.6
USER_3928,32,Female,Rawalpindi,Student,29000,Salary,6.1
USER_3929,54,Female,Sialkot,Salaried Employee,131000,Current,1.6
USER_3930,54,Female,Islamabad,Freelancer,269000,Savings,5.2
USER_3931,62,Female,Sialkot,Shopkeeper,82000,Savings,5.8
USER_3932,28,Male,Peshawar,Doctor,554000,Savings,6.7
USER_3933,23,Female,Sialkot,Teacher,94000,Salary,12.8
USER_3934,66,Female,Sialkot,Doctor,383000,Current,6.5
USER_3935,33,Female,Multan,Teacher,117000,Current,11.3
USER_3936,63,Female,Lahore,Teacher,100000,Savings,6.2
USER_3937,55,Male,Sialkot,Government Employee,169000,Salary,14.2
USER_3938,35,Female,Faisalabad,Government Employee,135000,Current,13.2
USER_3939,19,Male,Islamabad,Government Employee,66000,Salary,5.3
USER_3940,26,Female,Rawalpindi,Freelancer,350000,Salary,11.7
USER_3941,55,Female,Lahore,Government Employee,81000,Savings,14.5
USER_3942,46,Male,Karachi,Retired,53000,Savings,13
USER_3943,48,Female,Faisalabad,Business Owner,515000,Savings,4.7
USER_3944,68,Female,Multan,Engineer,244000,Salary,2.4
USER_3945,20,Male,Karachi,Student,20000,Current,8.7
USER_3946,42,Male,Islamabad,Retired,59000,Salary,1.3
USER_3947,27,Female,Lahore,Salaried Employee,85000,Savings,11.1
USER_3948,39,Female,Multan,Business Owner,891000,Salary,6.2
USER_3949,55,Female,Peshawar,Student,28000,Current,14.6
USER_3950,54,Male,Lahore,Teacher,106000,Current,8.5
USER_3951,34,Female,Hyderabad,Doctor,316000,Savings,1.6
USER_3952,53,Female,Karachi,Government Employee,99000,Savings,3.3
USER_3953,28,Male,Karachi,Government Employee,86000,Current,7.1
USER_3954,34,Female,Rawalpindi,Driver,34000,Savings,4.9
USER_3955,46,Female,Quetta,Retired,82000,Salary,12.6
USER_3956,53,Female,Islamabad,Freelancer,217000,Current,11.4
USER_3957,27,Male,Peshawar,Shopkeeper,155000,Savings,7.3
USER_3958,20,Female,Rawalpindi,Engineer,135000,Savings,3.8
USER_3959,21,Male,Islamabad,Business Owner,789000,Current,6.6
USER_3960,29,Female,Multan,Retired,51000,Savings,3.4
USER_3961,27,Male,Karachi,Salaried Employee,72000,Savings,5.3
USER_3962,24,Male,Rawalpindi,Student,18000,Savings,3.7
USER_3963,44,Female,Peshawar,Housewife,0,Salary,13.6
USER_3964,41,Male,Peshawar,Doctor,274000,Current,9.3
USER_3965,66,Female,Rawalpindi,Retired,37000,Savings,4.5
USER_3966,31,Male,Lahore,Salaried Employee,100000,Salary,8.9
USER_3967,70,Female,Islamabad,Government Employee,64000,Savings,4.4
USER_3968,20,Male,Quetta,Teacher,90000,Savings,14.2
USER_3969,69,Male,Lahore,Shopkeeper,123000,Savings,10.1
USER_3970,36,Male,Multan,Student,24000,Salary,6.5
USER_3971,60,Female,Lahore,Shopkeeper,248000,Salary,10.5
USER_3972,70,Female,Hyderabad,Housewife,0,Current,1.2
USER_3973,58,Male,Quetta,Shopkeeper,120000,Salary,7.3
USER_3974,39,Male,Islamabad,Salaried Employee,112000,Salary,1.1
USER_3975,68,Female,Hyderabad,Doctor,598000,Salary,4.6
USER_3976,50,Male,Rawalpindi,Shopkeeper,145000,Salary,3.2
USER_3977,67,Female,Islamabad,Housewife,0,Savings,1.7
USER_3978,25,Female,Quetta,Student,18000,Salary,5.5
USER_3979,53,Female,Sialkot,Student,32000,Savings,7.1
USER_3980,70,Female,Faisalabad,Retired,35000,Salary,14
USER_3981,27,Female,Lahore,Freelancer,395000,Salary,4.2
USER_3982,29,Female,Lahore,Shopkeeper,107000,Savings,3
USER_3983,42,Female,Rawalpindi,Government Employee,133000,Current,3.1
USER_3984,41,Female,Islamabad,Salaried Employee,85000,Current,3.1
USER_3985,38,Female,Sialkot,Driver,43000,Savings,13.7
USER_3986,65,Male,Quetta,Government Employee,87000,Current,4.8
USER_3987,19,Female,Quetta,Business Owner,673000,Salary,9.2
USER_3988,18,Female,Peshawar,Student,36000,Savings,0.6
USER_3989,57,Female,Quetta,Driver,41000,Savings,9.4
USER_3990,30,Female,Peshawar,Teacher,101000,Salary,13.6
USER_3991,45,Male,Islamabad,Freelancer,236000,Current,3.9
USER_3993,46,Female,Peshawar,Engineer,165000,Savings,13.7
USER_3994,27,Female,Hyderabad,Housewife,20000,Current,8.4
USER_3995,69,Male,Karachi,Driver,42000,Salary,11
USER_3996,27,Female,Lahore,Housewife,15000,Current,3.7
USER_3997,55,Female,Multan,Driver,53000,Salary,6.3
USER_3998,33,Female,Islamabad,Driver,43000,Savings,12.5
USER_3999,36,Male,Karachi,Doctor,398000,Savings,5.4
USER_4000,57,Male,Quetta,Engineer,145000,Savings,3.5
USER_4001,32,Male,Karachi,Teacher,98000,Salary,12.8
USER_4002,63,Male,Lahore,Driver,33000,Savings,12.8
USER_4003,29,Male,Multan,Retired,69000,Salary,10.1
USER_4004,63,Female,Quetta,Salaried Employee,127000,Salary,6.5
USER_4005,43,Female,Karachi,Housewife,0,Salary,5.2
USER_4006,52,Male,Hyderabad,Teacher,80000,Savings,12.6
USER_4007,18,Male,Hyderabad,Salaried Employee,145000,Salary,13.8
USER_4008,46,Female,Rawalpindi,Engineer,257000,Current,11.8
USER_4009,58,Female,Faisalabad,Doctor,593000,Current,11.7
USER_4010,56,Female,Islamabad,Government Employee,99000,Salary,3.1
USER_4011,27,Female,Islamabad,Salaried Employee,80000,Savings,3.2
USER_4012,62,Male,Karachi,Teacher,71000,Salary,4.2
USER_4013,68,Male,Faisalabad,Retired,94000,Salary,13.8
USER_4014,67,Male,Lahore,Shopkeeper,241000,Current,2.7
USER_4015,55,Female,Sialkot,Retired,99000,Savings,9.9
USER_4016,62,Male,Lahore,Retired,33000,Savings,3.7
USER_4017,45,Female,Karachi,Retired,52000,Salary,0.5
USER_4018,40,Male,Islamabad,Business Owner,503000,Savings,8.4
USER_4019,24,Male,Multan,Driver,32000,Current,12.2
USER_4020,33,Male,Quetta,Retired,30000,Current,8.5
USER_4021,44,Male,Sialkot,Freelancer,103000,Savings,7
USER_4022,62,Female,Islamabad,Shopkeeper,194000,Savings,12.9
USER_4023,53,Male,Quetta,Freelancer,272000,Salary,11.9
USER_4024,31,Female,Hyderabad,Retired,41000,Salary,5.4
USER_4025,58,Female,Islamabad,Doctor,438000,Savings,4.1
USER_4026,37,Female,Karachi,Housewife,5000,Savings,10.1
USER_4027,30,Male,Sialkot,Salaried Employee,83000,Salary,8.3
USER_4028,64,Male,Multan,Salaried Employee,130000,Salary,9.2
USER_4029,51,Female,Multan,Retired,33000,Current,14.3
USER_4030,49,Female,Lahore,Driver,31000,Current,11.5
USER_4031,41,Male,Karachi,Driver,59000,Salary,8.1
USER_4032,70,Female,Rawalpindi,Housewife,0,Current,9.3
USER_4033,25,Female,Quetta,Retired,45000,Current,14.6
USER_4034,55,Male,Quetta,Retired,69000,Current,10.1
USER_4035,65,Male,Islamabad,Retired,81000,Current,5.8
USER_4036,52,Female,Islamabad,Freelancer,256000,Salary,12.5
USER_4037,38,Female,Rawalpindi,Teacher,100000,Salary,9.1
USER_4038,39,Female,Rawalpindi,Freelancer,213000,Salary,6.8
USER_4039,18,Female,Faisalabad,Salaried Employee,146000,Salary,0.8
USER_4040,58,Female,Islamabad,Freelancer,286000,Current,9.1
USER_4041,22,Female,Sialkot,Freelancer,278000,Current,0.8
USER_4042,53,Female,Faisalabad,Driver,52000,Current,4.2
USER_4043,61,Female,Hyderabad,Teacher,65000,Salary,3.3
USER_4044,69,Female,Lahore,Doctor,442000,Savings,4.7
USER_4045,51,Female,Rawalpindi,Doctor,584000,Salary,8.3
USER_4046,24,Female,Faisalabad,Freelancer,350000,Savings,4.3
USER_4047,18,Male,Quetta,Doctor,205000,Current,14.5
USER_4048,20,Male,Hyderabad,Salaried Employee,130000,Savings,6.3
USER_4049,53,Male,Karachi,Business Owner,338000,Current,8.3
USER_4050,40,Male,Rawalpindi,Student,28000,Salary,8.8
USER_4051,60,Male,Multan,Shopkeeper,160000,Salary,12.3
USER_4052,33,Female,Faisalabad,Retired,44000,Salary,5.5
USER_4054,18,Male,Peshawar,Engineer,123000,Savings,0.5
USER_4055,61,Female,Hyderabad,Driver,43000,Savings,9.1
USER_4056,40,Male,Karachi,Engineer,222000,Current,1.9
USER_4057,67,Male,Peshawar,Business Owner,847000,Current,6.8
USER_4058,21,Female,Karachi,Driver,34000,Salary,7.3
USER_4059,59,Female,Karachi,Housewife,5000,Current,5.9
USER_4060,25,Male,Rawalpindi,Teacher,79000,Current,14.3
USER_4061,26,Male,Hyderabad,Shopkeeper,152000,Salary,5.5
USER_4062,53,Female,Multan,Salaried Employee,109000,Savings,6
USER_4063,25,Female,Multan,Freelancer,383000,Current,13.1
USER_4064,38,Female,Islamabad,Salaried Employee,94000,Savings,9.3
USER_4065,33,Male,Faisalabad,Shopkeeper,88000,Current,7.7
USER_4066,42,Female,Quetta,Teacher,105000,Current,5.9
USER_4067,56,Female,Multan,Salaried Employee,83000,Savings,8.2
USER_4068,18,Female,Lahore,Salaried Employee,108000,Current,11.1
USER_4069,24,Male,Sialkot,Student,10000,Salary,4.1
USER_4070,60,Female,Lahore,Housewife,25000,Savings,13.9
USER_4071,27,Female,Peshawar,Salaried Employee,126000,Current,8.3
USER_4072,64,Male,Sialkot,Engineer,266000,Current,10.8
USER_4073,53,Female,Islamabad,Salaried Employee,147000,Salary,4.9
USER_4074,40,Female,Multan,Housewife,20000,Savings,14.7
USER_4075,49,Female,Sialkot,Housewife,25000,Savings,1.3
USER_4076,51,Male,Multan,Teacher,99000,Savings,4.2
USER_4077,37,Female,Peshawar,Government Employee,160000,Current,9.8
USER_4078,67,Male,Faisalabad,Shopkeeper,219000,Salary,11.3
USER_4079,36,Female,Peshawar,Housewife,15000,Salary,4.9
USER_4080,47,Male,Faisalabad,Teacher,116000,Salary,3.4
USER_4081,32,Female,Quetta,Business Owner,182000,Savings,3.3
USER_4082,31,Female,Lahore,Housewife,5000,Savings,12.5
USER_4083,56,Male,Hyderabad,Student,27000,Current,7.8
USER_4084,69,Male,Multan,Salaried Employee,133000,Salary,7.4
USER_4085,36,Female,Islamabad,Engineer,299000,Savings,5
USER_4086,46,Female,Hyderabad,Engineer,293000,Savings,13.9
USER_4087,32,Female,Quetta,Student,13000,Salary,8.7
USER_4088,40,Female,Peshawar,Government Employee,98000,Current,13.1
USER_4089,23,Female,Peshawar,Retired,80000,Savings,9.1
USER_4090,55,Male,Faisalabad,Government Employee,88000,Current,2.5
USER_4091,54,Female,Hyderabad,Driver,56000,Current,4.3
USER_4092,21,Female,Karachi,Housewife,0,Salary,9.1
USER_4093,48,Male,Sialkot,Student,27000,Savings,12.6
USER_4094,63,Female,Islamabad,Housewife,0,Salary,9.1
USER_4095,51,Female,Faisalabad,Salaried Employee,109000,Current,4.5
USER_4096,67,Female,Sialkot,Driver,50000,Salary,7.1
USER_4097,46,Male,Quetta,Engineer,249000,Current,9.7
USER_4098,40,Male,Quetta,Retired,45000,Salary,1.2
USER_4099,22,Female,Sialkot,Shopkeeper,221000,Salary,10.1
USER_4100,58,Male,Islamabad,Teacher,95000,Salary,3.2
USER_4101,46,Male,Peshawar,Student,21000,Salary,8.2
USER_4102,39,Male,Faisalabad,Government Employee,116000,Current,11.5
USER_4103,51,Female,Quetta,Housewife,0,Savings,11
USER_4104,19,Male,Quetta,Business Owner,508000,Current,12.8
USER_4105,67,Male,Sialkot,Government Employee,140000,Current,12.6
USER_4106,35,Female,Sialkot,Student,39000,Savings,11.2
USER_4107,60,Male,Lahore,Shopkeeper,203000,Salary,1.2
USER_4108,27,Female,Hyderabad,Freelancer,179000,Savings,12.4
USER_4109,23,Female,Quetta,Business Owner,937000,Savings,11.4
USER_4110,65,Male,Multan,Government Employee,77000,Salary,6.2
USER_4111,65,Male,Lahore,Freelancer,196000,Salary,1.7
USER_4112,52,Male,Sialkot,Shopkeeper,161000,Savings,9.9
USER_4113,40,Male,Rawalpindi,Retired,86000,Savings,8.8
USER_4114,51,Female,Quetta,Housewife,0,Savings,4.6
USER_4115,26,Female,Rawalpindi,Retired,90000,Savings,6.3
USER_4116,62,Female,Rawalpindi,Doctor,597000,Current,2.5
USER_4117,23,Male,Multan,Business Owner,906000,Salary,6.3
USER_4118,31,Female,Rawalpindi,Freelancer,102000,Salary,0.6
USER_4119,52,Female,Hyderabad,Housewife,15000,Salary,14.4
USER_4120,60,Male,Lahore,Driver,41000,Current,12.4
USER_4121,55,Female,Sialkot,Salaried Employee,117000,Current,12
USER_4122,24,Female,Faisalabad,Government Employee,111000,Salary,9.4
USER_4123,26,Male,Peshawar,Shopkeeper,128000,Current,0.9
USER_4124,52,Female,Hyderabad,Doctor,202000,Current,13.8
USER_4125,29,Male,Hyderabad,Teacher,77000,Savings,12.3
USER_4126,44,Female,Karachi,Housewife,25000,Current,9.7
USER_4127,39,Female,Hyderabad,Teacher,63000,Current,14.5
USER_4128,30,Male,Islamabad,Shopkeeper,136000,Savings,4.3
USER_4129,44,Male,Hyderabad,Salaried Employee,137000,Savings,4.3
USER_4130,61,Female,Peshawar,Housewife,5000,Salary,5.1
USER_4131,19,Female,Sialkot,Student,24000,Current,6.3
USER_4132,66,Male,Sialkot,Salaried Employee,93000,Salary,8.3
USER_4133,57,Female,Faisalabad,Engineer,212000,Savings,12.9
USER_4134,67,Female,Quetta,Retired,89000,Savings,12.8
USER_4135,47,Female,Rawalpindi,Student,31000,Current,12.2
USER_4136,25,Male,Hyderabad,Teacher,111000,Salary,11.6
USER_4137,30,Female,Rawalpindi,Freelancer,334000,Salary,13.6
USER_4138,49,Male,Quetta,Shopkeeper,196000,Salary,11.3
USER_4139,32,Male,Rawalpindi,Doctor,349000,Current,7
USER_4140,24,Male,Karachi,Freelancer,77000,Salary,13.7
USER_4141,30,Female,Karachi,Salaried Employee,141000,Savings,6.2
USER_4142,34,Male,Karachi,Teacher,64000,Salary,12.8
USER_4143,23,Male,Multan,Shopkeeper,201000,Savings,0.6
USER_4144,22,Male,Karachi,Retired,95000,Salary,9.1
USER_4145,35,Male,Sialkot,Government Employee,81000,Current,5.9
USER_4146,53,Male,Karachi,Freelancer,323000,Salary,9.4
USER_4147,58,Male,Islamabad,Teacher,96000,Current,0.9
USER_4148,65,Female,Islamabad,Retired,81000,Current,13.1
USER_4149,44,Male,Islamabad,Salaried Employee,119000,Savings,14.9
USER_4150,68,Male,Islamabad,Teacher,61000,Current,12.6
USER_4151,59,Male,Islamabad,Doctor,252000,Savings,8.2
USER_4152,21,Male,Rawalpindi,Teacher,85000,Salary,6.8
USER_4153,42,Male,Karachi,Shopkeeper,83000,Savings,8.4
USER_4154,62,Male,Karachi,Salaried Employee,75000,Savings,9.1
USER_4155,43,Female,Islamabad,Housewife,15000,Savings,6.4
USER_4156,55,Male,Karachi,Engineer,242000,Current,9.3
USER_4157,21,Male,Peshawar,Government Employee,78000,Current,14.4
USER_4158,18,Male,Peshawar,Government Employee,141000,Current,1.8
USER_4159,59,Female,Islamabad,Salaried Employee,82000,Savings,3.5
USER_4160,54,Male,Quetta,Shopkeeper,100000,Salary,6.2
USER_4161,29,Male,Karachi,Teacher,81000,Salary,11.7
USER_4162,44,Female,Peshawar,Housewife,0,Salary,12.2
USER_4163,48,Male,Peshawar,Teacher,80000,Savings,6.4
USER_4164,70,Male,Faisalabad,Teacher,116000,Savings,3.2
USER_4165,23,Female,Karachi,Salaried Employee,115000,Savings,3.6
USER_4166,35,Male,Islamabad,Retired,32000,Salary,4.4
USER_4167,70,Female,Peshawar,Salaried Employee,119000,Salary,0.8
USER_4168,29,Female,Multan,Engineer,145000,Savings,13.9
USER_4169,44,Male,Peshawar,Freelancer,227000,Salary,8.6
USER_4170,26,Female,Multan,Retired,77000,Salary,8.3
USER_4171,42,Female,Islamabad,Housewife,0,Salary,10.2
USER_4172,52,Male,Islamabad,Doctor,483000,Current,14.9
USER_4173,36,Female,Faisalabad,Shopkeeper,226000,Current,12
USER_4174,61,Female,Islamabad,Government Employee,121000,Current,15
USER_4175,50,Female,Faisalabad,Shopkeeper,148000,Savings,7.9
USER_4176,46,Female,Sialkot,Housewife,0,Current,4.7
USER_4177,26,Male,Hyderabad,Teacher,63000,Savings,6.4
USER_4178,64,Male,Hyderabad,Freelancer,398000,Savings,12.6
USER_4179,32,Female,Quetta,Teacher,93000,Current,4.4
USER_4180,50,Male,Lahore,Government Employee,135000,Salary,6.4
USER_4181,45,Male,Islamabad,Retired,31000,Savings,1.5
USER_4182,30,Female,Islamabad,Student,22000,Current,0.5
USER_4183,66,Male,Karachi,Student,11000,Savings,8.5
USER_4184,33,Female,Hyderabad,Shopkeeper,143000,Salary,2.1
USER_4185,18,Male,Lahore,Teacher,68000,Current,12.1
USER_4186,55,Male,Hyderabad,Freelancer,399000,Savings,12.4
USER_4187,61,Female,Rawalpindi,Shopkeeper,233000,Salary,8.2
USER_4188,64,Female,Sialkot,Student,23000,Savings,8.4
USER_4189,39,Female,Quetta,Housewife,20000,Current,15
USER_4190,33,Male,Karachi,Student,30000,Salary,8
USER_4191,32,Female,Hyderabad,Housewife,0,Salary,12.6
USER_4192,23,Female,Quetta,Housewife,15000,Savings,10.1
USER_4193,59,Female,Faisalabad,Engineer,251000,Savings,11.5
USER_4194,27,Male,Rawalpindi,Driver,39000,Salary,0.7
USER_4195,31,Female,Rawalpindi,Teacher,87000,Current,0.9
USER_4196,42,Female,Faisalabad,Freelancer,213000,Current,6.8
USER_4197,63,Male,Lahore,Student,28000,Savings,4.4
USER_4198,64,Male,Islamabad,Retired,42000,Salary,7.9
USER_4199,59,Male,Quetta,Shopkeeper,236000,Current,14.5
USER_4200,43,Male,Karachi,Business Owner,513000,Salary,13.4
USER_4201,34,Female,Islamabad,Shopkeeper,140000,Current,9.7
USER_4202,44,Female,Islamabad,Government Employee,105000,Current,0.8
USER_4203,23,Female,Sialkot,Housewife,0,Salary,10.7
USER_4204,53,Female,Hyderabad,Housewife,0,Salary,14.6
USER_4205,54,Male,Faisalabad,Driver,58000,Current,2.2
USER_4206,21,Female,Sialkot,Salaried Employee,99000,Savings,4.3
USER_4207,19,Male,Lahore,Salaried Employee,144000,Savings,8.1
USER_4208,23,Male,Lahore,Retired,53000,Savings,14.8
USER_4209,54,Female,Lahore,Engineer,143000,Savings,0.9
USER_4210,52,Female,Karachi,Shopkeeper,193000,Current,11.4
USER_4211,70,Female,Faisalabad,Doctor,580000,Savings,14.6
USER_4212,59,Male,Islamabad,Shopkeeper,190000,Savings,12.9
USER_4213,42,Male,Lahore,Freelancer,116000,Current,3.9
USER_4214,49,Male,Faisalabad,Shopkeeper,119000,Current,3.9
USER_4215,44,Male,Peshawar,Doctor,480000,Savings,2.9
USER_4216,66,Male,Islamabad,Shopkeeper,128000,Current,7.1
USER_4217,50,Female,Hyderabad,Retired,81000,Current,14
USER_4218,27,Female,Faisalabad,Housewife,25000,Current,12.9
USER_4219,50,Female,Sialkot,Teacher,91000,Current,12.5
USER_4220,28,Male,Rawalpindi,Engineer,124000,Savings,6.5
USER_4221,69,Female,Quetta,Freelancer,323000,Current,14.6
USER_4222,33,Female,Faisalabad,Government Employee,100000,Savings,5
USER_4223,65,Female,Quetta,Salaried Employee,84000,Savings,1.8
USER_4224,45,Female,Sialkot,Retired,77000,Savings,5.7
USER_4225,68,Male,Karachi,Doctor,546000,Salary,4.5
USER_4226,59,Female,Lahore,Housewife,25000,Savings,8.4
USER_4227,51,Male,Peshawar,Government Employee,60000,Salary,6.7
USER_4228,32,Female,Sialkot,Teacher,93000,Salary,12.2
USER_4229,22,Female,Sialkot,Doctor,481000,Savings,14.9
USER_4230,34,Female,Multan,Housewife,0,Savings,3.1
USER_4231,70,Female,Faisalabad,Government Employee,146000,Salary,4.5
USER_4232,29,Female,Karachi,Housewife,20000,Savings,5
USER_4233,51,Female,Karachi,Government Employee,125000,Savings,2
USER_4234,59,Female,Karachi,Student,17000,Savings,1.4
USER_4235,30,Male,Sialkot,Shopkeeper,224000,Salary,9.5
USER_4236,23,Male,Faisalabad,Student,10000,Savings,4.8
USER_4237,70,Female,Rawalpindi,Housewife,25000,Salary,1.9
USER_4238,66,Female,Karachi,Retired,44000,Salary,11.5
USER_4239,66,Female,Sialkot,Student,34000,Salary,4.2
USER_4240,59,Female,Peshawar,Business Owner,495000,Current,13.9
USER_4241,25,Male,Rawalpindi,Shopkeeper,169000,Savings,5.4
USER_4242,63,Male,Karachi,Shopkeeper,124000,Salary,8.2
USER_4243,51,Male,Peshawar,Salaried Employee,131000,Salary,11.5
USER_4244,32,Female,Lahore,Doctor,255000,Current,0.9
USER_4245,50,Male,Sialkot,Shopkeeper,121000,Savings,13.5
USER_4246,56,Female,Faisalabad,Shopkeeper,209000,Savings,8.3
USER_4247,39,Male,Karachi,Shopkeeper,190000,Salary,13
USER_4248,29,Female,Quetta,Student,32000,Salary,10.9
USER_4249,68,Female,Peshawar,Business Owner,183000,Savings,3
USER_4250,60,Female,Rawalpindi,Salaried Employee,98000,Current,14.5
USER_4251,70,Male,Hyderabad,Freelancer,90000,Current,9.2
USER_4252,53,Female,Peshawar,Teacher,86000,Salary,7.3
USER_4253,69,Female,Multan,Housewife,20000,Salary,10.5
USER_4254,54,Female,Islamabad,Housewife,15000,Savings,11.2
USER_4255,37,Female,Hyderabad,Housewife,0,Current,14
USER_4256,30,Female,Karachi,Driver,47000,Current,13.4
USER_4257,36,Male,Lahore,Freelancer,352000,Savings,8.9
USER_4258,52,Female,Quetta,Housewife,5000,Savings,0.6
USER_4259,65,Female,Sialkot,Housewife,0,Current,12.9
USER_4260,27,Female,Multan,Housewife,20000,Current,10.9
USER_4261,53,Female,Faisalabad,Doctor,574000,Savings,3.9
USER_4262,39,Male,Faisalabad,Business Owner,245000,Savings,0.5
USER_4263,70,Male,Faisalabad,Shopkeeper,190000,Current,11.6
USER_4264,49,Female,Lahore,Engineer,244000,Savings,8.5
USER_4265,65,Male,Islamabad,Business Owner,958000,Savings,13.6
USER_4266,39,Male,Islamabad,Government Employee,138000,Current,11.6
USER_4267,50,Male,Multan,Engineer,188000,Savings,6
USER_4268,20,Female,Islamabad,Government Employee,156000,Current,0.8
USER_4269,68,Female,Hyderabad,Retired,78000,Current,6.6
USER_4270,47,Male,Karachi,Engineer,137000,Current,2
USER_4271,31,Male,Quetta,Shopkeeper,112000,Current,6.1
USER_4272,66,Female,Quetta,Driver,55000,Savings,7.5
USER_4273,21,Male,Lahore,Shopkeeper,163000,Current,14.7
USER_4274,19,Male,Peshawar,Teacher,114000,Savings,12.7
USER_4275,38,Female,Islamabad,Doctor,226000,Savings,8.7
USER_4276,34,Female,Quetta,Doctor,277000,Current,3.2
USER_4277,37,Male,Peshawar,Doctor,425000,Current,2.5
USER_4278,59,Female,Rawalpindi,Salaried Employee,133000,Savings,13
USER_4279,31,Female,Rawalpindi,Retired,83000,Current,6.6
USER_4280,40,Male,Rawalpindi,Business Owner,602000,Salary,7.8
USER_4281,56,Male,Hyderabad,Driver,53000,Savings,12.1
USER_4282,51,Female,Sialkot,Driver,38000,Savings,1.3
USER_4283,67,Female,Rawalpindi,Teacher,60000,Current,11.9
USER_4284,51,Male,Peshawar,Government Employee,136000,Current,11.3
USER_4285,56,Female,Hyderabad,Teacher,111000,Savings,5.1
USER_4286,59,Female,Hyderabad,Shopkeeper,95000,Salary,7.4
USER_4287,47,Female,Multan,Engineer,187000,Savings,6.8
USER_4288,55,Male,Rawalpindi,Business Owner,422000,Savings,12.8
USER_4289,31,Female,Islamabad,Shopkeeper,134000,Savings,1.4
USER_4290,29,Female,Peshawar,Housewife,0,Savings,12.6
USER_4291,59,Female,Hyderabad,Freelancer,133000,Current,2
USER_4292,21,Female,Islamabad,Freelancer,355000,Current,2.2
USER_4293,53,Female,Sialkot,Business Owner,394000,Savings,5.9
USER_4294,45,Male,Rawalpindi,Freelancer,164000,Savings,0.9
USER_4295,65,Female,Sialkot,Business Owner,165000,Savings,15
USER_4296,29,Female,Faisalabad,Shopkeeper,100000,Savings,6.6
USER_4297,22,Female,Peshawar,Student,17000,Savings,6.3
USER_4298,46,Male,Multan,Driver,30000,Savings,4.7
USER_4299,31,Male,Hyderabad,Shopkeeper,128000,Current,13.8
USER_4300,54,Male,Lahore,Shopkeeper,122000,Salary,4.5
USER_4301,45,Male,Quetta,Student,28000,Savings,14.4
USER_4302,65,Female,Multan,Teacher,64000,Savings,13.3
USER_4303,64,Female,Lahore,Retired,59000,Salary,9.3
USER_4304,47,Male,Peshawar,Salaried Employee,141000,Savings,2.8
USER_4305,25,Female,Rawalpindi,Engineer,291000,Savings,4.8
USER_4306,70,Female,Karachi,Salaried Employee,126000,Salary,6.6
USER_4307,59,Female,Islamabad,Shopkeeper,124000,Salary,9.8
USER_4308,31,Female,Faisalabad,Freelancer,399000,Salary,5.9
USER_4309,64,Male,Quetta,Business Owner,606000,Current,12.3
USER_4310,65,Female,Multan,Doctor,211000,Savings,1.1
USER_4311,60,Male,Sialkot,Salaried Employee,148000,Savings,2.9
USER_4312,41,Female,Rawalpindi,Freelancer,87000,Current,4.3
USER_4313,20,Male,Islamabad,Salaried Employee,116000,Savings,4.1
USER_4314,18,Male,Rawalpindi,Engineer,138000,Savings,2.7
USER_4315,59,Female,Multan,Student,14000,Salary,13.3
USER_4316,39,Female,Multan,Retired,34000,Savings,12.9
USER_4317,50,Female,Rawalpindi,Freelancer,172000,Savings,3.3
USER_4318,36,Male,Hyderabad,Salaried Employee,148000,Current,2.4
USER_4319,19,Female,Sialkot,Retired,60000,Savings,2.3
USER_4320,66,Female,Lahore,Salaried Employee,146000,Savings,6.9
USER_4321,66,Female,Multan,Freelancer,385000,Salary,2.4
USER_4322,25,Male,Rawalpindi,Shopkeeper,185000,Savings,1.6
USER_4323,37,Female,Faisalabad,Salaried Employee,79000,Savings,6.1
USER_4324,67,Female,Lahore,Freelancer,177000,Current,5.5
USER_4325,55,Male,Islamabad,Doctor,434000,Savings,10.7
USER_4326,48,Female,Rawalpindi,Retired,83000,Savings,14.2
USER_4327,48,Female,Islamabad,Driver,58000,Salary,9.6
USER_4328,34,Female,Lahore,Salaried Employee,73000,Salary,6.7
USER_4329,69,Male,Karachi,Student,29000,Salary,2.8
USER_4330,52,Female,Multan,Salaried Employee,105000,Savings,3.3
USER_4331,24,Male,Multan,Retired,60000,Current,5.6
USER_4332,24,Female,Rawalpindi,Retired,48000,Savings,8.9
USER_4333,37,Male,Karachi,Business Owner,613000,Current,13.8
USER_4334,58,Male,Faisalabad,Shopkeeper,239000,Savings,5.9
USER_4335,34,Female,Islamabad,Housewife,5000,Salary,12.4
USER_4336,69,Female,Quetta,Housewife,0,Salary,14
USER_4337,37,Female,Peshawar,Student,24000,Current,9.7
USER_4338,30,Male,Rawalpindi,Salaried Employee,147000,Salary,14.8
USER_4339,40,Male,Multan,Freelancer,100000,Savings,5.4
USER_4340,52,Female,Hyderabad,Teacher,64000,Salary,5.3
USER_4341,68,Female,Quetta,Business Owner,351000,Salary,8.4
USER_4342,62,Female,Peshawar,Salaried Employee,123000,Savings,0.8
USER_4343,35,Female,Peshawar,Salaried Employee,147000,Savings,5.8
USER_4344,67,Female,Multan,Housewife,20000,Savings,8.6
USER_4345,29,Female,Karachi,Housewife,0,Current,11.1
USER_4346,58,Female,Islamabad,Teacher,89000,Savings,8.5
USER_4347,55,Female,Islamabad,Driver,30000,Savings,12.8
USER_4348,68,Male,Rawalpindi,Teacher,66000,Current,8.8
USER_4349,56,Male,Karachi,Freelancer,289000,Current,3
USER_4350,46,Male,Islamabad,Doctor,409000,Savings,4.3
USER_4351,70,Male,Sialkot,Engineer,233000,Savings,3.2
USER_4352,36,Male,Karachi,Retired,60000,Salary,1.6
USER_4353,66,Male,Sialkot,Government Employee,92000,Current,11.6
USER_4354,57,Male,Islamabad,Salaried Employee,109000,Current,1.9
USER_4355,32,Female,Karachi,Retired,36000,Current,14.5
USER_4356,27,Female,Peshawar,Driver,31000,Current,6.3
USER_4357,25,Female,Karachi,Shopkeeper,194000,Savings,6.2
USER_4358,63,Female,Karachi,Student,29000,Current,3.8
USER_4359,30,Female,Hyderabad,Housewife,25000,Current,10.1
USER_4360,61,Male,Rawalpindi,Government Employee,163000,Current,2.2
USER_4361,68,Female,Faisalabad,Retired,42000,Current,4.8
USER_4362,63,Male,Hyderabad,Engineer,192000,Current,2.2
USER_4363,30,Female,Islamabad,Shopkeeper,203000,Salary,13.5
USER_4364,41,Female,Hyderabad,Student,24000,Salary,3.5
USER_4365,56,Female,Islamabad,Freelancer,94000,Current,13.3
USER_4366,48,Female,Multan,Housewife,25000,Savings,15
USER_4367,57,Male,Islamabad,Teacher,106000,Savings,1.1
USER_4368,36,Male,Peshawar,Teacher,77000,Current,1.6
USER_4369,28,Male,Faisalabad,Engineer,232000,Current,12
USER_4370,70,Female,Sialkot,Teacher,89000,Salary,11.5
USER_4371,28,Female,Faisalabad,Business Owner,538000,Salary,3.8
USER_4372,44,Male,Faisalabad,Retired,91000,Savings,3.4
USER_4373,64,Female,Lahore,Driver,30000,Savings,9.1
USER_4374,50,Female,Multan,Shopkeeper,150000,Savings,1.8
USER_4375,35,Male,Multan,Freelancer,386000,Savings,12.6
USER_4376,55,Male,Peshawar,Business Owner,231000,Current,10.2
USER_4377,37,Female,Hyderabad,Retired,42000,Current,3.7
USER_4378,51,Female,Faisalabad,Government Employee,120000,Savings,6.2
USER_4379,23,Female,Multan,Doctor,334000,Current,12.8
USER_4380,61,Female,Rawalpindi,Doctor,490000,Savings,5.8
USER_4381,62,Male,Quetta,Engineer,256000,Salary,9.3
USER_4382,21,Male,Peshawar,Shopkeeper,124000,Salary,12.7
USER_4383,67,Female,Multan,Student,33000,Current,9.9
USER_4384,42,Male,Faisalabad,Government Employee,108000,Current,11.4
USER_4385,20,Female,Karachi,Government Employee,153000,Savings,6.9
USER_4386,55,Male,Rawalpindi,Student,23000,Current,9.8
USER_4387,31,Male,Hyderabad,Shopkeeper,112000,Salary,14
USER_4388,65,Male,Hyderabad,Doctor,449000,Salary,9.8
USER_4389,57,Male,Quetta,Shopkeeper,213000,Salary,7.9
USER_4390,31,Female,Sialkot,Student,23000,Current,11.4
USER_4391,44,Male,Faisalabad,Driver,57000,Savings,10.6
USER_4392,57,Female,Hyderabad,Student,34000,Current,12.1
USER_4393,38,Male,Faisalabad,Freelancer,142000,Savings,12.5
USER_4394,47,Male,Faisalabad,Driver,58000,Salary,6.6
USER_4395,66,Male,Quetta,Doctor,558000,Salary,6.9
USER_4396,43,Male,Islamabad,Student,35000,Savings,6.3
USER_4397,54,Male,Peshawar,Government Employee,166000,Salary,8.9
USER_4398,57,Male,Sialkot,Business Owner,317000,Current,2.2
USER_4399,44,Female,Rawalpindi,Government Employee,121000,Savings,7.1
USER_4400,52,Female,Faisalabad,Freelancer,208000,Savings,6.4
USER_4401,28,Male,Rawalpindi,Retired,61000,Savings,10.3
USER_4402,38,Female,Sialkot,Retired,33000,Savings,4.6
USER_4403,57,Female,Peshawar,Student,22000,Salary,3.1
USER_4404,39,Female,Rawalpindi,Student,22000,Current,14.9
USER_4405,28,Female,Rawalpindi,Business Owner,688000,Salary,11.7
USER_4406,68,Male,Karachi,Retired,49000,Salary,10.3
USER_4407,22,Female,Quetta,Housewife,20000,Current,7.8
USER_4408,42,Female,Faisalabad,Driver,37000,Salary,2.2
USER_4409,51,Male,Lahore,Doctor,541000,Current,13.3
USER_4410,64,Female,Quetta,Housewife,15000,Savings,3.4
USER_4411,67,Male,Lahore,Shopkeeper,94000,Salary,14.7
USER_4412,58,Female,Karachi,Shopkeeper,93000,Savings,1
USER_4413,52,Male,Quetta,Driver,59000,Savings,7.1
USER_4414,27,Male,Sialkot,Doctor,488000,Savings,9.9
USER_4415,37,Female,Karachi,Driver,58000,Savings,7.1
USER_4416,50,Female,Sialkot,Salaried Employee,131000,Salary,4.5
USER_4417,44,Male,Hyderabad,Freelancer,129000,Salary,9.2
USER_4418,25,Male,Peshawar,Doctor,405000,Savings,0.7
USER_4419,51,Male,Karachi,Government Employee,142000,Savings,7.1
USER_4420,66,Male,Hyderabad,Government Employee,148000,Current,4.6
USER_4421,38,Female,Islamabad,Driver,38000,Current,15
USER_4422,70,Female,Karachi,Housewife,0,Savings,11.2
USER_4423,69,Male,Faisalabad,Salaried Employee,119000,Savings,6.4
USER_4424,55,Male,Islamabad,Government Employee,120000,Current,4.1
USER_4426,53,Female,Sialkot,Shopkeeper,186000,Salary,1.4
USER_4427,42,Female,Karachi,Salaried Employee,108000,Savings,5.9
USER_4428,66,Female,Karachi,Engineer,213000,Savings,10.6
USER_4429,34,Male,Quetta,Shopkeeper,176000,Current,10.4
USER_4430,43,Female,Quetta,Business Owner,304000,Savings,5.6
USER_4431,54,Female,Peshawar,Government Employee,128000,Current,4.5
USER_4432,43,Female,Islamabad,Government Employee,77000,Savings,6.7
USER_4433,43,Female,Sialkot,Freelancer,347000,Current,4.6
USER_4434,26,Female,Sialkot,Teacher,97000,Current,14.5
USER_4435,29,Male,Karachi,Teacher,72000,Salary,8.1
USER_4436,28,Female,Sialkot,Freelancer,138000,Savings,6.1
USER_4437,22,Female,Sialkot,Freelancer,284000,Savings,3.2
USER_4438,42,Male,Sialkot,Retired,62000,Savings,5.1
USER_4439,65,Female,Hyderabad,Business Owner,690000,Current,10.8
USER_4440,57,Male,Multan,Doctor,206000,Current,2.3
USER_4441,51,Male,Karachi,Business Owner,997000,Current,13.5
USER_4442,24,Female,Rawalpindi,Freelancer,347000,Salary,3.2
USER_4443,23,Male,Islamabad,Doctor,205000,Savings,0.6
USER_4444,36,Female,Karachi,Driver,52000,Salary,7.3
USER_4445,27,Male,Faisalabad,Retired,60000,Savings,13.1
USER_4446,54,Male,Rawalpindi,Teacher,68000,Savings,3.5
USER_4447,49,Female,Islamabad,Driver,58000,Salary,7.3
USER_4448,55,Female,Multan,Driver,43000,Current,2.8
USER_4449,62,Male,Faisalabad,Student,21000,Salary,14.6
USER_4450,27,Male,Quetta,Salaried Employee,101000,Current,12.6
USER_4451,54,Female,Hyderabad,Doctor,519000,Savings,9.5
USER_4452,53,Female,Islamabad,Freelancer,356000,Savings,9.9
USER_4453,43,Female,Karachi,Housewife,25000,Salary,5.8
USER_4454,18,Female,Sialkot,Doctor,414000,Savings,14.1
USER_4455,54,Female,Peshawar,Salaried Employee,108000,Savings,5
USER_4456,49,Female,Lahore,Retired,51000,Current,3.8
USER_4457,60,Male,Peshawar,Driver,50000,Current,12.8
USER_4458,18,Male,Peshawar,Shopkeeper,210000,Savings,9.8
USER_4459,49,Female,Karachi,Government Employee,115000,Savings,11.5
USER_4460,29,Male,Islamabad,Retired,74000,Salary,11.3
USER_4461,56,Male,Sialkot,Government Employee,128000,Current,3.3
USER_4462,20,Male,Faisalabad,Retired,54000,Current,12.9
USER_4463,35,Female,Faisalabad,Business Owner,789000,Savings,11.8
USER_4464,45,Male,Peshawar,Retired,85000,Savings,11.7
USER_4465,22,Male,Peshawar,Doctor,368000,Savings,11.8
USER_4466,22,Female,Karachi,Retired,77000,Savings,7.5
USER_4467,60,Male,Quetta,Freelancer,252000,Savings,4.4
USER_4468,30,Female,Karachi,Freelancer,108000,Salary,12
USER_4469,18,Female,Multan,Business Owner,928000,Savings,11.1
USER_4470,38,Female,Faisalabad,Teacher,107000,Salary,6.2
USER_4471,33,Male,Hyderabad,Student,31000,Current,12.4
USER_4472,21,Female,Karachi,Freelancer,199000,Savings,10.9
USER_4473,37,Male,Quetta,Teacher,61000,Savings,9.3
USER_4474,52,Female,Islamabad,Housewife,0,Salary,3.5
USER_4475,43,Male,Karachi,Government Employee,127000,Current,13.8
USER_4476,53,Female,Faisalabad,Driver,53000,Salary,0.8
USER_4477,52,Male,Islamabad,Doctor,369000,Savings,9.3
USER_4478,23,Female,Faisalabad,Retired,87000,Salary,9.2
USER_4479,64,Male,Multan,Retired,85000,Savings,3.4
USER_4480,56,Female,Faisalabad,Teacher,116000,Savings,7.8
USER_4481,21,Female,Peshawar,Student,27000,Salary,14.5
USER_4482,48,Male,Sialkot,Salaried Employee,75000,Salary,10.9
USER_4483,62,Male,Quetta,Retired,67000,Savings,1.6
USER_4484,61,Male,Hyderabad,Doctor,253000,Savings,5.4
USER_4485,53,Female,Quetta,Student,21000,Savings,12.1
USER_4486,29,Male,Lahore,Freelancer,281000,Savings,4.8
USER_4487,69,Male,Islamabad,Student,20000,Savings,9.2
USER_4488,61,Male,Peshawar,Shopkeeper,151000,Current,10.8
USER_4489,48,Male,Quetta,Driver,59000,Salary,11.7
USER_4490,30,Female,Peshawar,Housewife,10000,Current,11.3
USER_4491,54,Female,Rawalpindi,Freelancer,213000,Current,13.2
USER_4492,69,Female,Hyderabad,Salaried Employee,123000,Savings,4.1
USER_4493,66,Female,Karachi,Engineer,181000,Savings,2.5
USER_4494,22,Female,Karachi,Salaried Employee,119000,Current,12.3
USER_4495,18,Male,Hyderabad,Business Owner,571000,Savings,5.3
USER_4496,43,Male,Karachi,Doctor,408000,Savings,6.8
USER_4497,41,Male,Islamabad,Retired,100000,Salary,1.8
USER_4498,45,Female,Karachi,Freelancer,356000,Salary,2.2
USER_4499,55,Female,Sialkot,Housewife,0,Savings,12.2
USER_4500,58,Male,Islamabad,Engineer,155000,Savings,9.3
USER_4501,28,Male,Peshawar,Engineer,269000,Current,10.6
USER_4503,32,Male,Sialkot,Driver,57000,Savings,14.6
USER_4504,21,Female,Karachi,Salaried Employee,131000,Current,13.8
USER_4505,36,Female,Faisalabad,Teacher,101000,Salary,14.3
USER_4506,38,Female,Quetta,Freelancer,218000,Salary,4.6
USER_4507,32,Male,Lahore,Business Owner,167000,Salary,8.6
USER_4508,53,Female,Multan,Driver,41000,Salary,3.6
USER_4509,66,Female,Hyderabad,Doctor,282000,Savings,9.2
USER_4510,41,Male,Lahore,Shopkeeper,242000,Current,1.3
USER_4511,44,Female,Karachi,Government Employee,166000,Current,2
USER_4512,26,Female,Quetta,Doctor,216000,Current,0.7
USER_4513,58,Male,Hyderabad,Doctor,208000,Savings,3.4
USER_4514,41,Female,Karachi,Housewife,15000,Savings,10.4
USER_4515,46,Male,Lahore,Doctor,461000,Savings,5.1
USER_4516,40,Female,Sialkot,Student,22000,Savings,3.1
USER_4517,22,Male,Rawalpindi,Freelancer,241000,Current,6.9
USER_4518,21,Female,Faisalabad,Retired,78000,Savings,1.9
USER_4519,62,Female,Sialkot,Student,20000,Salary,7.2
USER_4520,65,Male,Quetta,Driver,49000,Salary,6.3
USER_4521,37,Female,Sialkot,Government Employee,116000,Current,6.1
USER_4522,53,Male,Rawalpindi,Engineer,279000,Current,4.3
USER_4523,53,Female,Hyderabad,Business Owner,157000,Current,10.5
USER_4524,67,Male,Rawalpindi,Retired,93000,Current,12.1
USER_4525,52,Female,Rawalpindi,Student,36000,Salary,2
USER_4526,28,Male,Sialkot,Engineer,233000,Current,4
USER_4527,70,Male,Sialkot,Retired,93000,Savings,11.9
USER_4528,31,Female,Faisalabad,Teacher,63000,Savings,13.1
USER_4529,38,Male,Islamabad,Doctor,441000,Current,9.5
USER_4530,59,Male,Faisalabad,Salaried Employee,128000,Current,13.8
USER_4531,63,Male,Rawalpindi,Retired,74000,Salary,2.5
USER_4532,33,Male,Karachi,Freelancer,119000,Current,10.5
USER_4533,22,Female,Sialkot,Government Employee,90000,Savings,8
USER_4534,26,Male,Faisalabad,Shopkeeper,99000,Salary,9.1
USER_4535,56,Male,Peshawar,Engineer,204000,Savings,5.3
USER_4536,62,Female,Islamabad,Doctor,230000,Current,5.2
USER_4537,62,Male,Rawalpindi,Business Owner,382000,Savings,0.9
USER_4538,43,Female,Rawalpindi,Government Employee,148000,Savings,3.2
USER_4539,58,Male,Islamabad,Shopkeeper,198000,Current,7.3
USER_4540,22,Female,Quetta,Retired,34000,Current,6.3
USER_4541,64,Female,Karachi,Shopkeeper,81000,Savings,8.6
USER_4542,33,Female,Karachi,Engineer,281000,Current,3
USER_4543,68,Female,Islamabad,Driver,39000,Savings,11.1
USER_4544,58,Female,Faisalabad,Retired,37000,Savings,13.5
USER_4545,19,Female,Peshawar,Engineer,253000,Savings,6.7
USER_4546,26,Female,Sialkot,Student,38000,Current,12.5
USER_4547,20,Male,Hyderabad,Government Employee,165000,Salary,10.1
USER_4548,58,Female,Faisalabad,Doctor,582000,Savings,4.6
USER_4549,35,Female,Sialkot,Shopkeeper,249000,Salary,3.5
USER_4550,31,Female,Sialkot,Business Owner,892000,Current,12.7
USER_4551,68,Male,Faisalabad,Freelancer,335000,Current,1
USER_4552,57,Female,Multan,Student,38000,Current,9.2
USER_4553,31,Male,Hyderabad,Doctor,356000,Savings,2.3
USER_4554,32,Female,Hyderabad,Housewife,0,Savings,2.8
USER_4555,55,Male,Lahore,Engineer,281000,Current,8.7
USER_4556,32,Female,Karachi,Student,33000,Savings,3.1
USER_4557,45,Male,Islamabad,Government Employee,167000,Salary,14.6
USER_4558,37,Female,Faisalabad,Salaried Employee,91000,Current,6.3
USER_4559,65,Female,Lahore,Business Owner,962000,Salary,8.1
USER_4560,31,Female,Quetta,Driver,48000,Salary,7.5
USER_4561,60,Female,Lahore,Doctor,474000,Savings,6.1
USER_4562,64,Male,Faisalabad,Freelancer,264000,Current,4.9
USER_4563,54,Female,Hyderabad,Student,35000,Salary,5.2
USER_4564,61,Female,Sialkot,Teacher,97000,Current,3.3
USER_4565,52,Male,Karachi,Freelancer,303000,Savings,3.4
USER_4566,21,Male,Sialkot,Salaried Employee,125000,Savings,6.1
USER_4567,18,Male,Hyderabad,Engineer,213000,Current,11.1
USER_4568,50,Female,Faisalabad,Engineer,251000,Salary,13.9
USER_4569,38,Female,Multan,Shopkeeper,172000,Savings,14.9
USER_4570,34,Female,Hyderabad,Teacher,60000,Savings,1.3
USER_4571,46,Female,Quetta,Doctor,478000,Savings,4.7
USER_4572,40,Male,Hyderabad,Doctor,385000,Current,5.2
USER_4573,29,Female,Faisalabad,Teacher,65000,Salary,9
USER_4574,36,Male,Islamabad,Government Employee,86000,Salary,6.4
USER_4575,45,Male,Quetta,Government Employee,170000,Current,12.4
USER_4576,64,Male,Peshawar,Student,18000,Current,3.3
USER_4577,37,Female,Islamabad,Government Employee,127000,Salary,6.5
USER_4578,20,Female,Karachi,Business Owner,791000,Salary,8.3
USER_4579,56,Female,Lahore,Government Employee,95000,Salary,8.9
USER_4580,67,Female,Lahore,Freelancer,319000,Salary,7.5
USER_4581,49,Male,Faisalabad,Engineer,160000,Salary,4.4
USER_4582,41,Female,Sialkot,Teacher,95000,Savings,4.8
USER_4583,47,Male,Multan,Doctor,594000,Salary,7.6
USER_4584,18,Female,Peshawar,Driver,51000,Savings,8.8
USER_4585,19,Female,Sialkot,Driver,55000,Salary,1.2
USER_4586,45,Male,Islamabad,Retired,63000,Current,2.6
USER_4587,69,Male,Lahore,Engineer,259000,Salary,14.6
USER_4588,39,Female,Sialkot,Student,25000,Savings,12.7
USER_4589,20,Male,Lahore,Freelancer,301000,Salary,7.2
USER_4590,52,Female,Peshawar,Engineer,280000,Current,14.4
USER_4591,60,Female,Lahore,Business Owner,596000,Salary,4.4
USER_4592,51,Male,Rawalpindi,Student,26000,Salary,11.4
USER_4593,56,Female,Quetta,Doctor,565000,Salary,12.2
USER_4594,24,Female,Islamabad,Government Employee,145000,Savings,2.9
USER_4595,19,Female,Quetta,Doctor,576000,Salary,11.5
USER_4596,47,Female,Peshawar,Teacher,94000,Savings,1.9
USER_4597,30,Male,Hyderabad,Doctor,295000,Salary,3.6
USER_4598,61,Female,Multan,Housewife,0,Current,8.3
USER_4599,36,Male,Hyderabad,Engineer,209000,Salary,5
USER_4600,53,Male,Hyderabad,Salaried Employee,101000,Savings,7.2
USER_4601,32,Female,Lahore,Shopkeeper,244000,Salary,14.2
USER_4602,27,Male,Rawalpindi,Shopkeeper,230000,Savings,1
USER_4603,38,Female,Quetta,Driver,51000,Current,1.3
USER_4604,35,Female,Peshawar,Freelancer,239000,Salary,4.3
USER_4605,68,Female,Hyderabad,Shopkeeper,162000,Current,3.4
USER_4606,22,Male,Peshawar,Retired,58000,Current,8
USER_4607,55,Male,Multan,Shopkeeper,238000,Savings,8.6
USER_4608,41,Female,Islamabad,Doctor,488000,Savings,7.8
USER_4609,50,Female,Hyderabad,Government Employee,129000,Savings,13
USER_4610,61,Female,Hyderabad,Housewife,0,Savings,9.1
USER_4611,24,Male,Lahore,Driver,56000,Salary,9.2
USER_4612,39,Male,Quetta,Business Owner,255000,Savings,14
USER_4613,68,Female,Lahore,Business Owner,954000,Savings,12.3
USER_4614,59,Female,Karachi,Doctor,403000,Salary,11.5
USER_4615,20,Male,Karachi,Shopkeeper,234000,Savings,3.7
USER_4616,55,Male,Hyderabad,Business Owner,786000,Savings,3.7
USER_4617,50,Female,Faisalabad,Freelancer,308000,Savings,4
USER_4618,20,Female,Peshawar,Engineer,241000,Salary,9.4
USER_4619,68,Male,Rawalpindi,Engineer,213000,Salary,7
USER_4620,46,Male,Lahore,Salaried Employee,99000,Savings,5.2
USER_4621,58,Male,Multan,Shopkeeper,89000,Current,2.3
USER_4622,51,Female,Sialkot,Freelancer,187000,Salary,4.5
USER_4623,34,Male,Faisalabad,Engineer,253000,Salary,3.5
USER_4624,37,Male,Faisalabad,Shopkeeper,93000,Salary,13.8
USER_4625,66,Male,Rawalpindi,Driver,56000,Current,12.8
USER_4626,43,Female,Lahore,Engineer,285000,Current,12.4
USER_4627,56,Male,Karachi,Freelancer,300000,Current,9.5
USER_4628,21,Male,Rawalpindi,Driver,40000,Salary,4.4
USER_4629,50,Female,Faisalabad,Doctor,448000,Salary,12.2
USER_4630,66,Male,Hyderabad,Retired,86000,Current,12.3
USER_4631,45,Male,Islamabad,Freelancer,237000,Current,3.7
USER_4632,50,Male,Lahore,Engineer,273000,Current,5.8
USER_4633,28,Male,Peshawar,Government Employee,74000,Salary,6.2
USER_4634,67,Male,Karachi,Salaried Employee,144000,Savings,5.3
USER_4635,63,Female,Islamabad,Government Employee,90000,Savings,4.9
USER_4636,65,Female,Lahore,Business Owner,514000,Salary,11.2
USER_4637,33,Female,Hyderabad,Student,25000,Savings,4.8
USER_4638,48,Female,Hyderabad,Salaried Employee,86000,Current,11.3
USER_4639,40,Female,Lahore,Driver,46000,Current,11.2
USER_4640,25,Female,Lahore,Shopkeeper,81000,Current,0.7
USER_4641,28,Male,Quetta,Driver,33000,Current,8.7
USER_4642,59,Female,Lahore,Government Employee,163000,Current,12.6
USER_4643,48,Female,Karachi,Retired,63000,Salary,3.4
USER_4644,69,Female,Faisalabad,Student,34000,Savings,9.1
USER_4645,26,Female,Faisalabad,Driver,51000,Savings,14.6
USER_4646,69,Male,Hyderabad,Driver,41000,Salary,0.9
USER_4647,59,Female,Islamabad,Housewife,5000,Current,6
USER_4648,25,Female,Hyderabad,Doctor,428000,Savings,0.5
USER_4649,65,Female,Rawalpindi,Teacher,71000,Savings,2.4
USER_4650,26,Male,Faisalabad,Freelancer,378000,Salary,1.1
USER_4651,64,Female,Hyderabad,Business Owner,381000,Current,7.6
USER_4652,65,Male,Lahore,Shopkeeper,199000,Salary,1.5
USER_4653,58,Female,Faisalabad,Doctor,263000,Current,4.8
USER_4654,28,Male,Rawalpindi,Engineer,136000,Current,4.9
USER_4655,41,Female,Faisalabad,Salaried Employee,119000,Savings,2.1
USER_4656,33,Female,Islamabad,Doctor,314000,Savings,8.7
USER_4657,65,Female,Sialkot,Driver,41000,Current,8.9
USER_4658,58,Male,Peshawar,Driver,44000,Current,12.8
USER_4659,69,Male,Faisalabad,Freelancer,94000,Savings,3.6
USER_4660,38,Male,Islamabad,Retired,74000,Current,1.4
USER_4661,31,Female,Faisalabad,Driver,38000,Salary,6.3
USER_4662,29,Male,Sialkot,Student,20000,Current,11.4
USER_4663,22,Female,Multan,Teacher,85000,Salary,11.2
USER_4664,41,Female,Faisalabad,Freelancer,174000,Savings,5.7
USER_4665,34,Female,Quetta,Business Owner,639000,Salary,12.4
USER_4666,22,Male,Karachi,Teacher,61000,Salary,5.2
USER_4667,46,Female,Hyderabad,Doctor,250000,Salary,3.3
USER_4668,51,Female,Quetta,Student,12000,Savings,11
USER_4669,48,Male,Lahore,Teacher,74000,Salary,1.7
USER_4670,22,Female,Rawalpindi,Doctor,452000,Salary,6.5
USER_4671,24,Male,Peshawar,Business Owner,231000,Salary,7.1
USER_4672,57,Female,Quetta,Engineer,231000,Current,2.4
USER_4673,21,Female,Quetta,Driver,57000,Savings,2.6
USER_4674,70,Male,Rawalpindi,Retired,39000,Current,14.2
USER_4675,63,Male,Karachi,Doctor,217000,Savings,3.2
USER_4676,29,Female,Multan,Driver,53000,Current,13.7
USER_4677,61,Female,Islamabad,Salaried Employee,108000,Salary,1.9
USER_4678,68,Male,Karachi,Doctor,414000,Current,1
USER_4679,22,Female,Multan,Retired,49000,Savings,1.9
USER_4680,45,Male,Rawalpindi,Retired,98000,Savings,2.4
USER_4681,35,Male,Karachi,Engineer,181000,Salary,2.4
USER_4682,29,Male,Multan,Doctor,273000,Salary,0.9
USER_4683,65,Female,Lahore,Housewife,5000,Current,8.2
USER_4684,32,Male,Rawalpindi,Government Employee,144000,Savings,5.8
USER_4685,42,Male,Rawalpindi,Salaried Employee,102000,Salary,9.2
USER_4686,44,Female,Multan,Salaried Employee,98000,Current,3.2
USER_4687,37,Female,Sialkot,Shopkeeper,192000,Savings,3
USER_4688,50,Female,Hyderabad,Government Employee,95000,Savings,11.3
USER_4689,69,Female,Rawalpindi,Doctor,593000,Current,9.7
USER_4690,58,Male,Faisalabad,Driver,49000,Salary,9.7
USER_4691,29,Female,Rawalpindi,Engineer,226000,Savings,5.4
USER_4692,42,Female,Multan,Engineer,268000,Savings,4.4
USER_4693,28,Female,Rawalpindi,Driver,47000,Savings,9.5
USER_4694,44,Female,Lahore,Teacher,91000,Current,3.7
USER_4695,55,Female,Islamabad,Teacher,118000,Current,11.8
USER_4696,66,Female,Hyderabad,Retired,72000,Salary,3.9
USER_4697,53,Female,Islamabad,Driver,59000,Salary,8.5
USER_4698,65,Male,Islamabad,Teacher,73000,Salary,11.4
USER_4699,49,Female,Faisalabad,Housewife,15000,Current,1.7
USER_4700,47,Female,Rawalpindi,Retired,59000,Current,4.4
USER_4701,36,Female,Quetta,Engineer,251000,Salary,6.7
USER_4702,54,Female,Hyderabad,Housewife,20000,Salary,8.3
USER_4703,54,Female,Sialkot,Driver,38000,Salary,9.3
USER_4704,68,Female,Hyderabad,Housewife,15000,Savings,10.3
USER_4705,23,Male,Hyderabad,Business Owner,838000,Savings,10.6
USER_4706,19,Male,Karachi,Shopkeeper,135000,Current,2.4
USER_4708,48,Female,Karachi,Housewife,10000,Salary,9.4
USER_4709,53,Male,Quetta,Salaried Employee,121000,Salary,4.5
USER_4710,25,Male,Lahore,Teacher,86000,Savings,9.1
USER_4711,68,Female,Hyderabad,Salaried Employee,112000,Salary,4.5
USER_4712,65,Male,Hyderabad,Retired,69000,Current,11.4
USER_4713,70,Female,Sialkot,Housewife,25000,Savings,11.3
USER_4714,69,Female,Karachi,Government Employee,112000,Salary,4.3
USER_4715,23,Male,Islamabad,Driver,44000,Salary,13.7
USER_4716,36,Female,Lahore,Freelancer,285000,Current,14.8
USER_4717,44,Male,Rawalpindi,Engineer,178000,Salary,2.1
USER_4718,42,Male,Islamabad,Engineer,270000,Savings,2.1
USER_4719,33,Female,Sialkot,Student,35000,Savings,3.3
USER_4720,35,Female,Rawalpindi,Shopkeeper,190000,Current,10
USER_4721,61,Female,Quetta,Housewife,10000,Savings,12.5
USER_4722,69,Female,Lahore,Retired,38000,Savings,13
USER_4723,56,Female,Karachi,Housewife,10000,Salary,1.8
USER_4724,18,Female,Sialkot,Driver,53000,Salary,10.1
USER_4725,67,Male,Karachi,Teacher,103000,Savings,13.5
USER_4726,27,Female,Hyderabad,Housewife,20000,Salary,15
USER_4727,22,Male,Rawalpindi,Teacher,69000,Savings,14.3
USER_4728,34,Female,Faisalabad,Business Owner,424000,Savings,14.9
USER_4729,38,Male,Lahore,Doctor,232000,Salary,7.4
USER_4730,24,Female,Sialkot,Housewife,5000,Salary,6
USER_4731,38,Female,Lahore,Retired,41000,Current,2.2
USER_4732,68,Male,Sialkot,Driver,40000,Savings,14.9
USER_4733,47,Male,Islamabad,Business Owner,733000,Salary,1.8
USER_4734,25,Male,Quetta,Shopkeeper,246000,Current,5.1
USER_4735,62,Male,Sialkot,Government Employee,117000,Current,12.8
USER_4736,49,Female,Faisalabad,Doctor,298000,Salary,1.5
USER_4737,68,Male,Karachi,Driver,46000,Current,9.4
USER_4738,60,Female,Lahore,Freelancer,220000,Savings,4.1
USER_4739,25,Female,Faisalabad,Student,12000,Salary,3.9
USER_4740,31,Female,Karachi,Doctor,513000,Salary,6.8
USER_4741,29,Female,Lahore,Doctor,487000,Current,12.3
USER_4742,28,Female,Islamabad,Driver,46000,Salary,5
USER_4743,18,Male,Multan,Teacher,92000,Salary,12.2
USER_4744,47,Female,Quetta,Business Owner,526000,Current,6.2
USER_4745,50,Male,Karachi,Student,22000,Savings,9.1
USER_4746,62,Female,Hyderabad,Shopkeeper,171000,Salary,13.8
USER_4747,41,Female,Quetta,Teacher,118000,Savings,12.9
USER_4748,46,Male,Peshawar,Salaried Employee,121000,Current,2.4
USER_4749,41,Female,Multan,Student,18000,Current,13.2
USER_4750,19,Male,Lahore,Teacher,116000,Salary,13.9
USER_4751,32,Male,Hyderabad,Business Owner,830000,Current,13
USER_4752,20,Female,Lahore,Student,10000,Salary,14.7
USER_4753,44,Female,Faisalabad,Housewife,25000,Savings,8.3
USER_4754,48,Female,Islamabad,Government Employee,126000,Salary,2.1
USER_4755,68,Male,Islamabad,Government Employee,79000,Salary,2.6
USER_4756,53,Male,Faisalabad,Student,28000,Current,7.3
USER_4757,51,Male,Multan,Freelancer,380000,Salary,4.8
USER_4758,35,Male,Karachi,Retired,65000,Current,9.3
USER_4759,32,Female,Lahore,Retired,45000,Savings,5.5
USER_4760,70,Female,Rawalpindi,Engineer,236000,Savings,2.9
USER_4761,51,Male,Karachi,Doctor,352000,Savings,9.8
USER_4762,41,Female,Quetta,Student,30000,Current,8.1
USER_4763,26,Male,Lahore,Student,39000,Current,2
USER_4764,63,Female,Rawalpindi,Teacher,65000,Salary,5.3
USER_4765,68,Male,Faisalabad,Teacher,91000,Salary,6.4
USER_4766,36,Male,Quetta,Student,16000,Savings,9.8
USER_4767,53,Male,Karachi,Doctor,316000,Current,7.7
USER_4768,59,Male,Rawalpindi,Shopkeeper,226000,Salary,11.7
USER_4769,27,Male,Rawalpindi,Driver,50000,Salary,13.6
USER_4770,34,Male,Hyderabad,Freelancer,372000,Savings,5.1
USER_4771,53,Female,Multan,Shopkeeper,178000,Salary,8.8
USER_4772,67,Male,Quetta,Teacher,72000,Salary,13.5
USER_4773,44,Female,Sialkot,Driver,32000,Salary,4.8
USER_4774,51,Female,Karachi,Doctor,235000,Salary,1.2
USER_4775,44,Female,Rawalpindi,Government Employee,119000,Current,5.9
USER_4776,23,Female,Multan,Salaried Employee,128000,Current,1.9
USER_4777,44,Male,Faisalabad,Freelancer,359000,Savings,2.5
USER_4778,58,Male,Quetta,Teacher,73000,Current,11
USER_4779,57,Male,Sialkot,Doctor,355000,Current,4.9
USER_4780,29,Female,Karachi,Business Owner,446000,Salary,3.2
USER_4781,27,Female,Islamabad,Government Employee,100000,Salary,0.6
USER_4782,35,Male,Peshawar,Retired,47000,Current,2.1
USER_4783,39,Male,Hyderabad,Freelancer,127000,Current,8.3
USER_4784,47,Female,Sialkot,Student,23000,Savings,12.6
USER_4785,69,Female,Karachi,Salaried Employee,106000,Savings,5.8
USER_4786,33,Male,Rawalpindi,Driver,35000,Salary,12
USER_4787,56,Female,Multan,Salaried Employee,99000,Savings,5.2
USER_4788,69,Male,Quetta,Doctor,319000,Savings,4.6
USER_4789,56,Female,Hyderabad,Salaried Employee,149000,Savings,6.9
USER_4790,49,Female,Islamabad,Freelancer,143000,Savings,0.9
USER_4791,44,Female,Quetta,Salaried Employee,86000,Current,10.4
USER_4792,29,Female,Hyderabad,Freelancer,180000,Current,12.9
USER_4793,43,Male,Islamabad,Engineer,129000,Savings,2.3
USER_4794,55,Male,Quetta,Student,20000,Salary,11.8
USER_4795,18,Male,Islamabad,Student,24000,Savings,10.2
USER_4796,24,Male,Rawalpindi,Government Employee,109000,Salary,3.8
USER_4797,49,Male,Sialkot,Student,10000,Savings,9.9
USER_4798,63,Female,Hyderabad,Housewife,20000,Savings,3.2
USER_4799,42,Female,Peshawar,Housewife,15000,Current,14.6
USER_4800,18,Female,Sialkot,Freelancer,145000,Savings,0.5
USER_4801,64,Male,Islamabad,Retired,61000,Savings,14.5
USER_4802,58,Female,Peshawar,Business Owner,956000,Savings,4.6
USER_4803,36,Female,Faisalabad,Government Employee,118000,Savings,11.8
USER_4804,57,Female,Multan,Government Employee,149000,Salary,10.6
USER_4805,23,Female,Peshawar,Doctor,421000,Salary,6.7
USER_4806,40,Male,Peshawar,Driver,59000,Current,1.5
USER_4807,68,Female,Quetta,Housewife,15000,Current,8.4
USER_4808,60,Male,Sialkot,Student,15000,Savings,4.1
USER_4809,25,Female,Peshawar,Driver,48000,Salary,13.9
USER_4810,42,Female,Hyderabad,Government Employee,104000,Savings,2.5
USER_4811,61,Female,Lahore,Business Owner,523000,Salary,2.8
USER_4812,42,Female,Quetta,Engineer,229000,Savings,13.7
USER_4813,23,Female,Islamabad,Freelancer,233000,Savings,0.8
USER_4814,65,Male,Peshawar,Engineer,184000,Salary,11.4
USER_4815,62,Male,Rawalpindi,Retired,40000,Savings,2.6
USER_4816,40,Female,Hyderabad,Freelancer,179000,Savings,14.6
USER_4817,63,Female,Lahore,Shopkeeper,225000,Savings,12.1
USER_4818,44,Female,Sialkot,Housewife,15000,Savings,13.8
USER_4819,20,Male,Lahore,Teacher,104000,Savings,12.3
USER_4820,28,Female,Hyderabad,Teacher,72000,Current,7
USER_4821,41,Male,Islamabad,Shopkeeper,128000,Current,5.1
USER_4822,32,Male,Peshawar,Engineer,296000,Current,5.1
USER_4823,57,Female,Hyderabad,Teacher,95000,Current,7.9
USER_4824,45,Male,Islamabad,Teacher,113000,Salary,4.7
USER_4825,25,Male,Faisalabad,Doctor,528000,Savings,5.1
USER_4826,55,Male,Sialkot,Doctor,371000,Current,8.2
USER_4827,25,Male,Karachi,Doctor,266000,Current,13.2
USER_4828,49,Male,Sialkot,Government Employee,157000,Current,10.7
USER_4829,46,Male,Faisalabad,Driver,59000,Current,13.1
USER_4830,26,Male,Faisalabad,Doctor,544000,Current,13.6
USER_4831,27,Male,Faisalabad,Shopkeeper,201000,Salary,14.8
USER_4832,62,Male,Faisalabad,Engineer,249000,Salary,8.7
USER_4833,41,Male,Quetta,Teacher,106000,Salary,1.3
USER_4834,31,Male,Sialkot,Business Owner,290000,Savings,4.7
USER_4835,61,Male,Rawalpindi,Government Employee,118000,Salary,11.1
USER_4836,62,Male,Sialkot,Retired,65000,Current,1.4
USER_4837,49,Female,Peshawar,Student,23000,Savings,6.4
USER_4838,60,Male,Quetta,Doctor,305000,Savings,2.1
USER_4839,68,Male,Karachi,Student,39000,Salary,10.3
USER_4840,50,Female,Islamabad,Doctor,333000,Salary,3.5
USER_4841,45,Female,Sialkot,Doctor,212000,Salary,2.9
USER_4842,52,Female,Peshawar,Retired,41000,Salary,3.5
USER_4843,39,Female,Sialkot,Teacher,118000,Current,13.2
USER_4844,26,Male,Quetta,Engineer,230000,Current,8.7
USER_4845,25,Male,Islamabad,Teacher,101000,Current,11.6
USER_4846,54,Male,Multan,Student,37000,Salary,14.6
USER_4847,22,Male,Multan,Teacher,86000,Savings,7.4
USER_4848,63,Male,Quetta,Student,17000,Salary,11.1
USER_4849,58,Male,Faisalabad,Teacher,102000,Savings,1.4
USER_4850,35,Male,Lahore,Engineer,226000,Current,13.5
USER_4851,22,Male,Multan,Government Employee,128000,Salary,10
USER_4852,50,Male,Peshawar,Teacher,90000,Current,5.6
USER_4853,30,Male,Sialkot,Driver,30000,Savings,13.9
USER_4854,38,Female,Faisalabad,Shopkeeper,109000,Current,12.7
USER_4855,53,Female,Karachi,Housewife,0,Savings,13.4
USER_4856,24,Female,Sialkot,Business Owner,878000,Salary,9.9
USER_4857,48,Female,Hyderabad,Housewife,0,Current,8
USER_4858,45,Female,Lahore,Housewife,25000,Current,6.9
USER_4859,65,Male,Rawalpindi,Salaried Employee,124000,Savings,7.4
USER_4860,64,Female,Karachi,Engineer,261000,Savings,5.9
USER_4861,40,Male,Sialkot,Engineer,231000,Current,6.9
USER_4862,52,Female,Rawalpindi,Engineer,183000,Savings,8.9
USER_4863,67,Male,Faisalabad,Salaried Employee,121000,Current,10.1
USER_4864,47,Female,Multan,Business Owner,195000,Savings,10.4
USER_4865,70,Female,Hyderabad,Doctor,487000,Current,9.3
USER_4866,18,Male,Karachi,Salaried Employee,138000,Current,3.5
USER_4867,29,Female,Hyderabad,Doctor,511000,Salary,12.3
USER_4868,34,Female,Lahore,Driver,42000,Salary,10.8
USER_4869,38,Male,Quetta,Engineer,199000,Current,2
USER_4870,18,Female,Rawalpindi,Student,28000,Salary,13.9
USER_4871,64,Male,Peshawar,Government Employee,133000,Salary,12.7
USER_4872,68,Female,Peshawar,Shopkeeper,110000,Savings,13.2
USER_4873,36,Male,Multan,Salaried Employee,133000,Salary,7.8
USER_4874,30,Male,Sialkot,Student,10000,Current,13.7
USER_4875,22,Male,Islamabad,Retired,67000,Savings,3.3
USER_4876,36,Female,Rawalpindi,Driver,32000,Current,11.2
USER_4877,70,Female,Peshawar,Housewife,20000,Savings,10.3
USER_4878,58,Female,Lahore,Doctor,391000,Salary,9.3
USER_4879,67,Female,Hyderabad,Shopkeeper,187000,Current,1.1
USER_4880,64,Female,Quetta,Government Employee,86000,Current,11.8
USER_4881,19,Female,Islamabad,Salaried Employee,107000,Savings,14.8
USER_4882,61,Female,Rawalpindi,Shopkeeper,244000,Savings,14.4
USER_4883,26,Female,Sialkot,Housewife,10000,Savings,14.8
USER_4884,18,Female,Karachi,Engineer,195000,Current,10.2
USER_4885,21,Male,Multan,Shopkeeper,248000,Salary,2.2
USER_4886,20,Female,Karachi,Housewife,20000,Salary,12.5
USER_4887,44,Male,Karachi,Business Owner,184000,Savings,6.3
USER_4888,54,Male,Faisalabad,Shopkeeper,168000,Salary,7.1
USER_4889,31,Male,Multan,Teacher,93000,Salary,10.8
USER_4890,49,Male,Sialkot,Salaried Employee,84000,Current,8.8
USER_4891,54,Male,Faisalabad,Doctor,327000,Salary,7.8
USER_4892,58,Female,Faisalabad,Driver,57000,Savings,12.3
USER_4893,31,Male,Peshawar,Retired,48000,Salary,6.4
USER_4894,27,Male,Faisalabad,Doctor,482000,Current,4.3
USER_4895,28,Female,Islamabad,Teacher,60000,Savings,12.3
USER_4896,65,Male,Karachi,Business Owner,560000,Salary,1.2
USER_4897,60,Female,Karachi,Engineer,143000,Salary,0.8
USER_4898,35,Male,Islamabad,Shopkeeper,110000,Current,14.3
USER_4899,64,Male,Rawalpindi,Government Employee,102000,Current,12.8
USER_4900,42,Female,Karachi,Housewife,0,Savings,11
USER_4901,21,Male,Lahore,Business Owner,615000,Salary,2.2
USER_4902,69,Female,Quetta,Student,16000,Salary,9.8
USER_4903,39,Female,Lahore,Engineer,263000,Salary,11.5
USER_4904,61,Male,Sialkot,Retired,60000,Savings,13.9
USER_4905,32,Female,Hyderabad,Doctor,246000,Savings,11.7
USER_4906,28,Female,Quetta,Housewife,0,Savings,10.3
USER_4907,51,Male,Multan,Freelancer,229000,Current,13.5
USER_4908,67,Female,Karachi,Engineer,178000,Savings,14.9
USER_4909,20,Female,Quetta,Government Employee,148000,Salary,4
USER_4910,45,Female,Rawalpindi,Freelancer,305000,Salary,7.8
USER_4911,24,Male,Faisalabad,Salaried Employee,125000,Salary,3.9
USER_4912,64,Female,Karachi,Retired,44000,Current,12.3
USER_4913,48,Male,Quetta,Shopkeeper,205000,Current,13.1
USER_4914,60,Male,Hyderabad,Government Employee,117000,Salary,8.1
USER_4915,60,Female,Karachi,Housewife,20000,Salary,2.8
USER_4916,29,Male,Islamabad,Doctor,427000,Current,6.9
USER_4917,50,Male,Sialkot,Retired,56000,Current,9.8
USER_4918,43,Female,Islamabad,Salaried Employee,142000,Salary,9.2
USER_4919,52,Male,Peshawar,Teacher,98000,Salary,4
USER_4920,54,Male,Islamabad,Engineer,209000,Salary,7.4
USER_4921,27,Female,Multan,Freelancer,330000,Current,4.8
USER_4922,30,Female,Quetta,Student,20000,Savings,13.9
USER_4923,36,Female,Peshawar,Housewife,20000,Current,7.5
USER_4924,30,Male,Islamabad,Freelancer,255000,Current,5.6
USER_4925,52,Female,Lahore,Driver,34000,Current,8.1
USER_4926,21,Female,Karachi,Student,34000,Salary,3.2
USER_4927,56,Male,Quetta,Shopkeeper,227000,Current,5.6
USER_4928,21,Male,Karachi,Salaried Employee,147000,Savings,0.8
USER_4929,64,Male,Multan,Driver,30000,Savings,9.8
USER_4930,58,Male,Peshawar,Teacher,71000,Salary,11.4
USER_4931,43,Female,Islamabad,Salaried Employee,91000,Savings,12.8
USER_4932,56,Male,Lahore,Driver,48000,Savings,6.1
USER_4933,18,Female,Rawalpindi,Student,14000,Current,11.9
USER_4934,59,Female,Islamabad,Teacher,106000,Salary,7
USER_4935,48,Female,Karachi,Retired,73000,Current,13.3
USER_4936,23,Female,Faisalabad,Doctor,548000,Salary,5.8
USER_4937,61,Female,Faisalabad,Student,34000,Current,8.4
USER_4938,68,Male,Multan,Driver,40000,Current,14.1
USER_4939,34,Female,Lahore,Teacher,85000,Salary,6.7
USER_4940,52,Female,Multan,Business Owner,358000,Salary,11.3
USER_4941,50,Male,Faisalabad,Business Owner,927000,Savings,10.1
USER_4942,59,Female,Islamabad,Doctor,459000,Savings,6.8
USER_4943,37,Female,Rawalpindi,Salaried Employee,74000,Salary,12.3
USER_4944,41,Female,Karachi,Business Owner,789000,Current,4
USER_4945,44,Male,Faisalabad,Teacher,76000,Salary,6.7
USER_4946,62,Female,Quetta,Student,22000,Savings,11.6
USER_4947,38,Male,Multan,Retired,34000,Salary,3
USER_4948,43,Female,Islamabad,Retired,31000,Savings,7.1
USER_4949,29,Male,Sialkot,Student,33000,Current,7
USER_4950,49,Male,Sialkot,Engineer,191000,Salary,11.9
USER_4951,60,Male,Rawalpindi,Business Owner,180000,Savings,6.6
USER_4952,53,Female,Lahore,Engineer,130000,Salary,2.4
USER_4953,58,Male,Faisalabad,Engineer,126000,Salary,3.2
USER_4954,24,Female,Rawalpindi,Engineer,180000,Savings,2.5
USER_4955,56,Female,Rawalpindi,Government Employee,158000,Current,9.5
USER_4956,30,Female,Lahore,Housewife,0,Savings,10
USER_4957,19,Female,Islamabad,Doctor,388000,Savings,13.3
USER_4958,27,Female,Hyderabad,Salaried Employee,115000,Savings,10.5
USER_4959,41,Female,Rawalpindi,Business Owner,352000,Salary,10.9
USER_4960,40,Female,Multan,Housewife,10000,Salary,11.5
USER_4961,69,Male,Sialkot,Government Employee,102000,Savings,1.6
USER_4962,37,Female,Multan,Engineer,299000,Savings,10.5
USER_4963,20,Female,Islamabad,Shopkeeper,129000,Salary,12.8
USER_4964,47,Male,Rawalpindi,Shopkeeper,146000,Current,1.9
USER_4965,23,Female,Peshawar,Engineer,231000,Salary,11
USER_4966,28,Female,Faisalabad,Housewife,0,Current,0.9
USER_4967,51,Male,Quetta,Driver,44000,Current,2.8
USER_4968,57,Male,Hyderabad,Freelancer,193000,Savings,9.3
USER_4969,33,Male,Rawalpindi,Freelancer,383000,Current,14.3
USER_4970,65,Female,Karachi,Teacher,82000,Savings,10.8
USER_4971,57,Male,Islamabad,Driver,53000,Salary,6.6
USER_4972,61,Male,Islamabad,Government Employee,97000,Savings,12.5
USER_4973,53,Male,Faisalabad,Business Owner,511000,Savings,10
USER_4974,27,Male,Islamabad,Engineer,279000,Savings,6.3
USER_4975,20,Male,Quetta,Salaried Employee,101000,Savings,4.1
USER_4976,48,Female,Multan,Shopkeeper,179000,Current,3.2
USER_4977,22,Male,Multan,Teacher,99000,Savings,11.4
USER_4978,34,Male,Lahore,Business Owner,892000,Savings,9.9
USER_4979,45,Female,Rawalpindi,Housewife,0,Salary,10
USER_4980,60,Female,Peshawar,Housewife,0,Current,0.7
USER_4981,61,Male,Peshawar,Freelancer,136000,Current,13.6
USER_4982,69,Male,Peshawar,Government Employee,172000,Savings,7.9
USER_4983,27,Male,Karachi,Retired,96000,Current,3.8
USER_4984,27,Male,Lahore,Freelancer,358000,Savings,6.3
USER_4985,68,Female,Peshawar,Government Employee,149000,Current,6.8
USER_4986,25,Male,Multan,Salaried Employee,144000,Salary,10.4
USER_4987,18,Female,Faisalabad,Engineer,276000,Salary,9.5
USER_4988,23,Female,Rawalpindi,Student,18000,Current,5.1
USER_4989,69,Male,Karachi,Salaried Employee,119000,Salary,12.2
USER_4990,53,Female,Quetta,Freelancer,88000,Savings,11.3
USER_4991,58,Female,Karachi,Salaried Employee,148000,Current,7.8
USER_4992,66,Female,Karachi,Government Employee,145000,Savings,4.4
USER_4993,67,Male,Faisalabad,Doctor,559000,Salary,7.2
USER_4994,37,Male,Quetta,Retired,49000,Savings,11.9
USER_4995,50,Female,Karachi,Housewife,5000,Salary,10.1
USER_4996,29,Male,Karachi,Engineer,146000,Savings,4
USER_4997,21,Male,Quetta,Teacher,70000,Savings,0.5
USER_4998,52,Male,Multan,Government Employee,83000,Savings,11.7
USER_4999,30,Male,Hyderabad,Business Owner,277000,Salary,11.8
USER_5000,32,Female,Karachi,Government Employee,130000,Salary,10.3
USER_5001,23,Female,Rawalpindi,Retired,80000,Salary,0.7
USER_5002,50,Female,Peshawar,Doctor,453000,Savings,1.2
USER_5003,40,Male,Lahore,Teacher,106000,Salary,1.9
USER_5004,48,Female,Peshawar,Housewife,20000,Savings,4.4
USER_5005,68,Male,Quetta,Freelancer,238000,Savings,3.1
USER_5006,18,Female,Lahore,Housewife,0,Salary,4.3
USER_5007,37,Female,Faisalabad,Engineer,230000,Salary,7.4
USER_5008,43,Female,Multan,Doctor,260000,Salary,3.2
USER_5009,49,Male,Rawalpindi,Shopkeeper,197000,Salary,10.4
USER_5010,62,Female,Islamabad,Doctor,326000,Salary,5.6
USER_5011,26,Female,Hyderabad,Shopkeeper,223000,Savings,14.1
USER_5012,41,Female,Rawalpindi,Shopkeeper,106000,Savings,8.4
USER_5013,48,Female,Karachi,Salaried Employee,88000,Savings,10.5
USER_5014,66,Female,Hyderabad,Housewife,10000,Current,11.9
USER_5015,29,Female,Hyderabad,Government Employee,155000,Savings,0.5
USER_5016,25,Male,Peshawar,Doctor,251000,Salary,4.8
USER_5017,60,Male,Multan,Salaried Employee,109000,Salary,3.8
USER_5018,43,Female,Rawalpindi,Doctor,337000,Current,0.9
USER_5019,42,Female,Hyderabad,Business Owner,743000,Current,9.1
USER_5020,19,Male,Hyderabad,Business Owner,736000,Savings,0.5
USER_5021,52,Male,Peshawar,Driver,50000,Salary,3.8
USER_5022,32,Male,Multan,Freelancer,165000,Salary,14.3
USER_5023,56,Male,Islamabad,Shopkeeper,95000,Current,5.3
USER_5024,35,Male,Karachi,Teacher,63000,Current,11.3
USER_5025,27,Male,Lahore,Business Owner,624000,Savings,2.4
USER_5026,35,Female,Lahore,Business Owner,352000,Savings,1.8
USER_5027,46,Female,Karachi,Shopkeeper,168000,Salary,7
USER_5029,64,Female,Sialkot,Shopkeeper,155000,Salary,9.4
USER_5030,56,Male,Multan,Salaried Employee,88000,Savings,7.6
USER_5031,35,Female,Multan,Doctor,387000,Salary,11.2
USER_5032,57,Male,Karachi,Doctor,240000,Current,3.6
USER_5033,63,Female,Hyderabad,Government Employee,72000,Current,3.4
USER_5034,28,Female,Multan,Engineer,238000,Savings,11.3
USER_5035,24,Female,Sialkot,Teacher,100000,Current,3.7
USER_5036,50,Male,Lahore,Freelancer,181000,Salary,12.9
USER_5037,55,Male,Hyderabad,Business Owner,325000,Salary,1.2
USER_5038,59,Female,Peshawar,Housewife,20000,Current,5.5
USER_5039,62,Male,Lahore,Doctor,316000,Salary,3.3
USER_5040,69,Male,Lahore,Shopkeeper,241000,Salary,5.3
USER_5041,20,Male,Faisalabad,Retired,37000,Savings,7.4
USER_5042,56,Female,Faisalabad,Engineer,255000,Current,7.8
USER_5043,62,Female,Rawalpindi,Driver,50000,Salary,8.4
USER_5044,27,Female,Faisalabad,Retired,59000,Salary,9.7
USER_5045,38,Female,Lahore,Shopkeeper,151000,Savings,12.6
USER_5046,65,Male,Multan,Business Owner,220000,Salary,11.2
USER_5047,49,Female,Islamabad,Housewife,0,Salary,3.2
USER_5048,25,Female,Rawalpindi,Freelancer,384000,Current,5.7
USER_5049,70,Male,Quetta,Teacher,81000,Savings,1.9
USER_5050,31,Male,Sialkot,Government Employee,61000,Current,9.2
USER_5051,60,Female,Sialkot,Student,31000,Salary,6.7
USER_5052,37,Female,Sialkot,Business Owner,637000,Savings,9.6
USER_5053,20,Male,Lahore,Shopkeeper,207000,Salary,11.8
USER_5054,39,Male,Hyderabad,Doctor,466000,Savings,1.5
USER_5055,31,Female,Rawalpindi,Doctor,437000,Savings,7.4
USER_5056,25,Female,Rawalpindi,Retired,68000,Savings,10.7
USER_5057,37,Male,Islamabad,Driver,36000,Salary,12.8
USER_5058,24,Male,Karachi,Doctor,553000,Savings,3.2
USER_5059,45,Female,Faisalabad,Student,13000,Salary,1.9
USER_5060,36,Female,Islamabad,Teacher,110000,Salary,13.2
USER_5061,27,Male,Islamabad,Retired,67000,Savings,12.2
USER_5062,18,Female,Peshawar,Doctor,384000,Salary,13.5
USER_5063,25,Female,Lahore,Engineer,229000,Current,0.6
USER_5064,36,Male,Faisalabad,Shopkeeper,172000,Savings,9.5
USER_5065,63,Male,Rawalpindi,Shopkeeper,90000,Current,5
USER_5066,26,Female,Multan,Housewife,0,Salary,13.7
USER_5067,42,Male,Lahore,Student,31000,Savings,5.1
USER_5068,57,Female,Islamabad,Retired,53000,Savings,9.7
USER_5069,33,Female,Hyderabad,Retired,80000,Current,9
USER_5070,56,Male,Islamabad,Freelancer,252000,Savings,3.9
USER_5071,23,Female,Lahore,Housewife,5000,Salary,10.3
USER_5072,68,Male,Faisalabad,Salaried Employee,107000,Salary,9.6
USER_5073,36,Male,Hyderabad,Doctor,553000,Savings,7.9
USER_5074,35,Female,Rawalpindi,Government Employee,166000,Current,10.3
USER_5075,56,Male,Rawalpindi,Teacher,74000,Current,5.9
USER_5076,51,Female,Hyderabad,Freelancer,203000,Salary,1
USER_5077,67,Female,Faisalabad,Salaried Employee,107000,Savings,11
USER_5078,42,Male,Quetta,Engineer,210000,Savings,7
USER_5079,39,Male,Sialkot,Engineer,163000,Salary,9.7
USER_5080,69,Female,Sialkot,Teacher,118000,Current,12.7
USER_5081,33,Female,Sialkot,Doctor,349000,Current,3.5
USER_5082,24,Female,Hyderabad,Engineer,132000,Current,7.1
USER_5083,51,Male,Karachi,Student,35000,Salary,12.1
USER_5084,35,Male,Quetta,Business Owner,627000,Savings,14.1
USER_5085,65,Female,Hyderabad,Business Owner,605000,Current,7
USER_5086,57,Female,Peshawar,Student,23000,Salary,2
USER_5087,59,Male,Hyderabad,Freelancer,97000,Savings,12.8
USER_5088,46,Male,Lahore,Student,35000,Savings,12.1
USER_5089,68,Female,Lahore,Engineer,223000,Current,12.5
USER_5090,45,Female,Karachi,Driver,41000,Savings,8.4
USER_5091,45,Male,Lahore,Doctor,458000,Salary,4.7
USER_5092,64,Male,Rawalpindi,Teacher,106000,Savings,14.6
USER_5093,57,Female,Sialkot,Business Owner,494000,Savings,13.3
USER_5094,38,Male,Multan,Doctor,414000,Salary,8.9
USER_5095,49,Female,Faisalabad,Student,14000,Salary,11.4
USER_5096,29,Female,Lahore,Shopkeeper,221000,Salary,2.9
USER_5097,69,Female,Lahore,Teacher,62000,Savings,5.3
USER_5098,33,Female,Peshawar,Doctor,590000,Savings,11.5
USER_5099,50,Male,Hyderabad,Government Employee,128000,Salary,4.7
USER_5100,66,Female,Quetta,Student,32000,Current,3.3
USER_5101,40,Male,Karachi,Retired,41000,Savings,11.7
USER_5102,46,Female,Sialkot,Engineer,142000,Salary,9.9
USER_5103,66,Female,Quetta,Engineer,159000,Salary,7.6
USER_5104,51,Female,Peshawar,Student,39000,Savings,6.1
USER_5105,27,Male,Rawalpindi,Retired,85000,Savings,4.2
USER_5106,36,Male,Sialkot,Teacher,86000,Salary,11.8
USER_5107,65,Female,Rawalpindi,Housewife,0,Salary,14.5
USER_5108,32,Female,Peshawar,Driver,44000,Savings,7.4
USER_5109,21,Female,Rawalpindi,Housewife,25000,Current,4.6
USER_5110,47,Female,Hyderabad,Salaried Employee,124000,Savings,6.1
USER_5111,46,Female,Karachi,Business Owner,794000,Salary,13.8
USER_5112,49,Female,Faisalabad,Shopkeeper,178000,Salary,4.5
USER_5113,59,Male,Faisalabad,Business Owner,897000,Current,2.5
USER_5114,30,Female,Peshawar,Teacher,118000,Savings,14.5
USER_5115,48,Female,Peshawar,Doctor,492000,Current,4.6
USER_5116,27,Male,Peshawar,Doctor,445000,Current,1.7
USER_5117,46,Female,Rawalpindi,Teacher,66000,Savings,5.1
USER_5118,67,Male,Rawalpindi,Student,30000,Salary,1.3
USER_5119,59,Male,Sialkot,Teacher,108000,Savings,12
USER_5120,43,Female,Quetta,Salaried Employee,102000,Salary,4.7
USER_5121,39,Male,Quetta,Engineer,292000,Salary,6.6
USER_5122,39,Male,Rawalpindi,Driver,34000,Current,6.7
USER_5123,58,Male,Karachi,Teacher,91000,Savings,12.9
USER_5124,65,Male,Lahore,Student,34000,Savings,12.3
USER_5125,66,Female,Hyderabad,Housewife,0,Salary,10.5
USER_5126,50,Female,Multan,Housewife,0,Salary,2
USER_5127,50,Male,Peshawar,Teacher,86000,Current,1.6
USER_5129,37,Female,Peshawar,Doctor,249000,Salary,9.8
USER_5130,44,Female,Karachi,Teacher,107000,Current,11.1
USER_5131,43,Female,Quetta,Salaried Employee,72000,Salary,5.9
USER_5132,41,Female,Multan,Freelancer,377000,Current,0.7
USER_5133,57,Male,Faisalabad,Retired,52000,Salary,3.9
USER_5134,18,Male,Sialkot,Retired,54000,Current,6.6
USER_5135,19,Female,Faisalabad,Shopkeeper,143000,Salary,8.3
USER_5136,27,Male,Faisalabad,Student,22000,Savings,3.6
USER_5137,52,Female,Hyderabad,Student,20000,Current,5
USER_5138,31,Male,Faisalabad,Shopkeeper,211000,Current,2.9
USER_5139,37,Female,Islamabad,Student,16000,Current,9.3
USER_5140,24,Male,Islamabad,Retired,60000,Salary,7.5
USER_5141,40,Male,Quetta,Retired,83000,Current,5
USER_5142,48,Female,Lahore,Government Employee,72000,Savings,13.8
USER_5143,50,Male,Karachi,Salaried Employee,117000,Salary,5.9
USER_5144,44,Female,Quetta,Housewife,15000,Savings,14.3
USER_5145,67,Female,Islamabad,Retired,46000,Current,8.5
USER_5146,39,Male,Sialkot,Business Owner,468000,Salary,13.3
USER_5147,28,Female,Multan,Engineer,256000,Savings,6
USER_5148,66,Male,Rawalpindi,Business Owner,366000,Savings,9
USER_5149,52,Male,Quetta,Retired,35000,Salary,1.3
USER_5150,52,Male,Faisalabad,Doctor,299000,Current,2.3
USER_5151,70,Male,Faisalabad,Salaried Employee,83000,Salary,9.3
USER_5152,54,Female,Rawalpindi,Student,38000,Salary,11.2
USER_5153,29,Male,Quetta,Engineer,161000,Current,13.6
USER_5154,23,Male,Faisalabad,Retired,83000,Savings,3.4
USER_5155,39,Female,Multan,Government Employee,171000,Savings,14.3
USER_5156,32,Male,Rawalpindi,Student,36000,Current,4.8
USER_5157,46,Male,Lahore,Student,30000,Salary,6.4
USER_5158,53,Female,Multan,Engineer,240000,Current,11.3
USER_5159,45,Male,Faisalabad,Engineer,200000,Savings,11.9
USER_5160,29,Male,Islamabad,Doctor,522000,Salary,4.4
USER_5161,21,Female,Faisalabad,Driver,33000,Salary,13.8
USER_5162,19,Female,Lahore,Retired,80000,Salary,6
USER_5163,23,Male,Karachi,Retired,99000,Salary,2.4
USER_5164,34,Male,Lahore,Doctor,481000,Savings,6.6
USER_5165,26,Male,Lahore,Driver,57000,Current,5.7
USER_5166,43,Male,Hyderabad,Freelancer,368000,Current,14.3
USER_5167,51,Male,Faisalabad,Shopkeeper,230000,Salary,1.8
USER_5168,18,Female,Sialkot,Government Employee,78000,Salary,12.1
USER_5169,58,Female,Peshawar,Salaried Employee,87000,Salary,9.6
USER_5170,63,Male,Islamabad,Salaried Employee,74000,Savings,14.4
USER_5171,47,Female,Quetta,Engineer,281000,Current,11.2
USER_5172,69,Male,Quetta,Shopkeeper,112000,Savings,9.3
USER_5173,36,Female,Islamabad,Retired,36000,Current,10.3
USER_5174,69,Male,Islamabad,Driver,47000,Current,0.7
USER_5175,20,Female,Quetta,Student,16000,Savings,4.3
USER_5176,68,Female,Faisalabad,Shopkeeper,149000,Current,14.3
USER_5177,62,Female,Karachi,Retired,33000,Current,13.1
USER_5178,50,Female,Hyderabad,Doctor,561000,Current,3.5
USER_5179,42,Female,Multan,Doctor,271000,Savings,8
USER_5180,51,Female,Hyderabad,Engineer,232000,Salary,14.7
USER_5181,57,Male,Lahore,Government Employee,111000,Salary,14.4
USER_5182,59,Male,Islamabad,Freelancer,82000,Savings,14.9
USER_5183,30,Female,Karachi,Teacher,92000,Salary,4.5
USER_5184,23,Male,Rawalpindi,Business Owner,167000,Savings,5.3
USER_5185,64,Female,Quetta,Freelancer,239000,Salary,4.1
USER_5186,63,Female,Faisalabad,Housewife,0,Current,7.2
USER_5187,64,Male,Multan,Government Employee,100000,Current,2.4
USER_5188,55,Female,Lahore,Retired,84000,Current,3.6
USER_5189,70,Female,Rawalpindi,Salaried Employee,122000,Current,0.6
USER_5190,34,Female,Quetta,Retired,84000,Current,6
USER_5191,27,Male,Multan,Driver,52000,Salary,10.1
USER_5192,51,Male,Quetta,Student,35000,Savings,8.1
USER_5193,33,Female,Rawalpindi,Student,24000,Salary,8
USER_5194,52,Female,Hyderabad,Shopkeeper,187000,Salary,7.7
USER_5195,57,Female,Faisalabad,Engineer,265000,Savings,7.5
USER_5196,64,Female,Sialkot,Engineer,271000,Current,5.4
USER_5197,32,Female,Rawalpindi,Housewife,25000,Current,13.5
USER_5198,68,Female,Sialkot,Driver,35000,Salary,10.7
USER_5199,35,Female,Faisalabad,Housewife,0,Salary,9.7
USER_5200,42,Male,Hyderabad,Shopkeeper,165000,Savings,12.7
USER_5201,25,Female,Hyderabad,Teacher,82000,Savings,4.4
USER_5202,40,Female,Lahore,Engineer,288000,Current,5
USER_5203,57,Female,Peshawar,Business Owner,778000,Current,3.9
USER_5204,18,Male,Sialkot,Government Employee,106000,Salary,7.8
USER_5205,21,Male,Hyderabad,Government Employee,170000,Savings,1.7
USER_5206,38,Female,Islamabad,Salaried Employee,107000,Savings,2.3
USER_5207,66,Male,Faisalabad,Driver,50000,Savings,7.5
USER_5208,53,Male,Sialkot,Driver,47000,Current,6.8
USER_5209,21,Male,Quetta,Student,19000,Savings,12
USER_5210,37,Male,Lahore,Engineer,177000,Current,11.3
USER_5211,68,Female,Hyderabad,Retired,94000,Savings,14
USER_5212,34,Female,Hyderabad,Student,21000,Savings,9
USER_5213,20,Female,Peshawar,Teacher,109000,Current,9.7
USER_5214,49,Male,Karachi,Driver,41000,Salary,3.5
USER_5215,68,Female,Sialkot,Freelancer,103000,Savings,9.2
USER_5216,63,Female,Hyderabad,Shopkeeper,244000,Salary,2.7
USER_5217,41,Female,Islamabad,Housewife,15000,Current,11
USER_5218,60,Male,Quetta,Government Employee,173000,Savings,10.3
USER_5219,39,Female,Quetta,Salaried Employee,82000,Savings,6.1
USER_5220,34,Male,Sialkot,Engineer,224000,Current,9.8
USER_5221,36,Female,Karachi,Shopkeeper,227000,Salary,11.8
USER_5222,48,Female,Lahore,Driver,56000,Salary,10.6
USER_5223,56,Male,Peshawar,Shopkeeper,178000,Current,1.5
USER_5224,61,Female,Faisalabad,Housewife,10000,Salary,11.8
USER_5225,31,Male,Hyderabad,Teacher,101000,Salary,3.1
USER_5226,66,Male,Quetta,Driver,41000,Salary,8.8
USER_5227,46,Female,Hyderabad,Engineer,219000,Current,8.9
USER_5228,48,Male,Multan,Engineer,199000,Salary,9.4
USER_5230,68,Male,Faisalabad,Government Employee,160000,Current,8.3
USER_5231,49,Male,Multan,Doctor,496000,Savings,14.3
USER_5232,18,Female,Sialkot,Student,26000,Current,14.2
USER_5233,33,Female,Lahore,Engineer,175000,Current,9.1
USER_5234,25,Female,Karachi,Housewife,0,Current,9.8
USER_5235,47,Male,Faisalabad,Freelancer,208000,Savings,10.1
USER_5236,34,Female,Islamabad,Salaried Employee,116000,Current,7.3
USER_5237,39,Female,Faisalabad,Housewife,5000,Current,4.4
USER_5238,58,Female,Faisalabad,Housewife,20000,Salary,5.3
USER_5239,41,Female,Rawalpindi,Freelancer,235000,Savings,3.9
USER_5240,52,Female,Multan,Engineer,265000,Savings,12.6
USER_5241,65,Female,Peshawar,Retired,70000,Current,5.8
USER_5242,24,Female,Hyderabad,Student,15000,Salary,11.7
USER_5243,58,Male,Rawalpindi,Doctor,288000,Savings,3.6
USER_5244,59,Female,Peshawar,Student,20000,Savings,7.2
USER_5245,43,Female,Lahore,Teacher,108000,Current,10.2
USER_5246,64,Female,Faisalabad,Housewife,15000,Salary,5.1
USER_5247,20,Male,Peshawar,Teacher,84000,Salary,11.6
USER_5248,25,Female,Karachi,Government Employee,140000,Current,2
USER_5249,47,Female,Sialkot,Driver,31000,Salary,12.8
USER_5250,46,Male,Hyderabad,Shopkeeper,230000,Salary,4.4
USER_5251,49,Female,Sialkot,Salaried Employee,139000,Current,5.1
USER_5252,43,Male,Lahore,Retired,78000,Salary,12.3
USER_5253,60,Female,Peshawar,Doctor,555000,Savings,5.6
USER_5254,68,Female,Peshawar,Government Employee,108000,Salary,12
USER_5255,51,Female,Karachi,Shopkeeper,95000,Current,2.4
USER_5256,52,Female,Faisalabad,Housewife,5000,Savings,12.1
USER_5257,66,Male,Sialkot,Student,12000,Current,3.2
USER_5258,47,Female,Islamabad,Shopkeeper,247000,Current,14.6
USER_5259,45,Female,Rawalpindi,Engineer,246000,Salary,11.7
USER_5260,44,Female,Lahore,Retired,65000,Salary,14.5
USER_5261,63,Male,Karachi,Shopkeeper,140000,Current,11.7
USER_5262,41,Male,Hyderabad,Student,27000,Savings,14.6
USER_5263,29,Female,Rawalpindi,Retired,92000,Salary,14.2
USER_5264,67,Male,Islamabad,Business Owner,951000,Salary,6.2
USER_5265,24,Male,Islamabad,Driver,34000,Savings,12.1
USER_5266,22,Female,Islamabad,Engineer,162000,Current,1.7
USER_5267,55,Female,Quetta,Freelancer,147000,Current,12.2
USER_5268,43,Female,Peshawar,Teacher,101000,Salary,4.5
USER_5269,62,Male,Islamabad,Engineer,300000,Current,4.6
USER_5270,25,Male,Quetta,Driver,58000,Salary,5.5
USER_5271,42,Female,Rawalpindi,Business Owner,169000,Salary,5.4
USER_5272,31,Male,Sialkot,Government Employee,118000,Salary,6.7
USER_5273,67,Male,Quetta,Teacher,116000,Current,14.1
USER_5274,42,Male,Islamabad,Student,12000,Current,10.1
USER_5275,30,Male,Multan,Teacher,64000,Savings,2.1
USER_5276,28,Male,Hyderabad,Student,16000,Savings,7.9
USER_5277,36,Female,Peshawar,Student,34000,Salary,0.7
USER_5278,60,Female,Hyderabad,Housewife,5000,Current,6
USER_5279,56,Female,Karachi,Shopkeeper,190000,Salary,7.5
USER_5280,58,Female,Islamabad,Housewife,25000,Savings,1.1
USER_5281,51,Female,Quetta,Student,32000,Current,2
USER_5282,70,Male,Karachi,Government Employee,176000,Salary,2.8
USER_5283,59,Female,Hyderabad,Teacher,100000,Current,7.3
USER_5284,55,Male,Hyderabad,Student,21000,Salary,13.6
USER_5285,56,Male,Hyderabad,Teacher,112000,Salary,1
USER_5286,64,Female,Karachi,Government Employee,99000,Savings,5.4
USER_5287,25,Female,Karachi,Housewife,0,Salary,13
USER_5288,54,Male,Rawalpindi,Doctor,486000,Savings,8.9
USER_5289,18,Female,Faisalabad,Salaried Employee,85000,Current,13.9
USER_5290,56,Male,Hyderabad,Retired,48000,Current,14.3
USER_5291,68,Male,Islamabad,Salaried Employee,85000,Current,8.8
USER_5292,53,Female,Multan,Teacher,94000,Savings,2.6
USER_5293,32,Male,Multan,Business Owner,392000,Salary,12.5
USER_5294,61,Male,Karachi,Doctor,390000,Current,4
USER_5295,23,Female,Faisalabad,Engineer,187000,Current,8.8
USER_5296,63,Female,Lahore,Student,39000,Savings,11.1
USER_5297,21,Male,Islamabad,Business Owner,406000,Savings,1.8
USER_5298,41,Female,Sialkot,Freelancer,76000,Savings,5.4
USER_5299,47,Male,Peshawar,Shopkeeper,101000,Current,10.6
USER_5300,20,Female,Hyderabad,Business Owner,624000,Savings,13.5
USER_5301,22,Male,Faisalabad,Retired,80000,Savings,5.3
USER_5302,34,Male,Quetta,Freelancer,238000,Savings,4
USER_5303,53,Female,Lahore,Business Owner,626000,Current,7.1
USER_5304,45,Male,Karachi,Doctor,347000,Savings,5
USER_5305,63,Female,Rawalpindi,Housewife,25000,Savings,1.1
USER_5306,29,Female,Sialkot,Doctor,592000,Salary,11
USER_5307,66,Female,Faisalabad,Engineer,150000,Savings,4.9
USER_5308,52,Male,Sialkot,Teacher,106000,Current,11
USER_5309,25,Male,Multan,Doctor,210000,Current,12.8
USER_5310,48,Male,Peshawar,Freelancer,376000,Current,12.4
USER_5311,37,Female,Hyderabad,Housewife,0,Savings,1.2
USER_5312,48,Female,Faisalabad,Shopkeeper,175000,Current,10.3
USER_5313,44,Female,Peshawar,Salaried Employee,137000,Salary,12
USER_5314,28,Female,Sialkot,Government Employee,99000,Salary,5.4
USER_5315,19,Male,Sialkot,Student,30000,Salary,4.2
USER_5316,42,Female,Hyderabad,Student,38000,Current,6
USER_5317,64,Female,Hyderabad,Housewife,5000,Salary,2.4
USER_5318,68,Female,Karachi,Freelancer,302000,Current,13.4
USER_5319,56,Female,Peshawar,Student,35000,Salary,3.5
USER_5320,70,Female,Islamabad,Doctor,317000,Current,7.3
USER_5321,65,Female,Lahore,Driver,56000,Savings,1.3
USER_5322,66,Female,Multan,Housewife,0,Salary,9.2
USER_5323,29,Male,Hyderabad,Business Owner,835000,Savings,4.7
USER_5324,32,Male,Rawalpindi,Student,36000,Savings,3.6
USER_5325,32,Female,Faisalabad,Doctor,212000,Current,12.3
USER_5326,42,Female,Rawalpindi,Driver,30000,Current,9.4
USER_5327,26,Male,Multan,Shopkeeper,221000,Current,5.2
USER_5328,56,Female,Lahore,Salaried Employee,136000,Current,4
USER_5329,21,Male,Hyderabad,Teacher,77000,Salary,13.3
USER_5330,39,Female,Quetta,Shopkeeper,169000,Savings,2
USER_5331,58,Male,Faisalabad,Salaried Employee,117000,Current,14.5
USER_5332,51,Male,Multan,Government Employee,118000,Current,11.5
USER_5333,26,Female,Multan,Student,26000,Salary,13
USER_5334,53,Female,Quetta,Doctor,214000,Salary,3.1
USER_5335,64,Female,Islamabad,Housewife,5000,Savings,13.8
USER_5336,23,Female,Quetta,Doctor,417000,Savings,14.3
USER_5337,60,Male,Quetta,Shopkeeper,228000,Salary,11.8
USER_5338,51,Female,Rawalpindi,Retired,40000,Current,12.1
USER_5339,54,Female,Hyderabad,Salaried Employee,146000,Savings,7.4
USER_5340,54,Female,Faisalabad,Teacher,68000,Current,0.6
USER_5341,66,Male,Quetta,Business Owner,681000,Savings,7.3
USER_5342,38,Male,Karachi,Salaried Employee,139000,Current,5
USER_5343,23,Male,Karachi,Salaried Employee,91000,Salary,10.7
USER_5344,23,Female,Multan,Teacher,84000,Current,1.5
USER_5345,51,Female,Sialkot,Salaried Employee,79000,Savings,13.1
USER_5346,43,Female,Islamabad,Shopkeeper,164000,Salary,11.2
USER_5347,40,Male,Hyderabad,Driver,52000,Salary,7
USER_5348,28,Male,Rawalpindi,Retired,82000,Savings,7.5
USER_5349,36,Male,Rawalpindi,Student,29000,Current,7.9
USER_5350,27,Male,Quetta,Government Employee,112000,Salary,10.8
USER_5351,45,Male,Lahore,Teacher,82000,Current,14.7
USER_5352,32,Male,Hyderabad,Shopkeeper,100000,Current,11.3
USER_5353,39,Male,Sialkot,Driver,45000,Savings,1.9
USER_5354,64,Male,Sialkot,Doctor,460000,Salary,14.7
USER_5355,60,Male,Karachi,Freelancer,138000,Current,1.6
USER_5356,20,Male,Quetta,Salaried Employee,142000,Salary,11
USER_5357,33,Male,Islamabad,Freelancer,306000,Savings,12.6
USER_5358,59,Male,Peshawar,Freelancer,249000,Salary,2.8
USER_5359,39,Female,Multan,Housewife,0,Current,12.7
USER_5360,59,Female,Lahore,Teacher,99000,Savings,14.6
USER_5361,39,Female,Faisalabad,Retired,45000,Current,13.8
USER_5362,53,Female,Rawalpindi,Freelancer,286000,Savings,6.1
USER_5363,56,Male,Quetta,Business Owner,399000,Salary,1.5
USER_5364,59,Female,Peshawar,Government Employee,160000,Salary,6.8
USER_5365,48,Male,Faisalabad,Teacher,73000,Salary,4.9
USER_5366,39,Female,Sialkot,Shopkeeper,216000,Current,2.9
USER_5367,41,Female,Lahore,Engineer,226000,Salary,12.8
USER_5368,51,Male,Islamabad,Freelancer,370000,Savings,11.6
USER_5369,35,Male,Faisalabad,Salaried Employee,108000,Current,8.9
USER_5370,21,Male,Karachi,Freelancer,221000,Savings,9.2
USER_5371,62,Female,Peshawar,Government Employee,123000,Current,2.3
USER_5372,43,Female,Islamabad,Salaried Employee,118000,Current,9.1
USER_5373,32,Female,Sialkot,Government Employee,67000,Salary,11.5
USER_5374,35,Male,Lahore,Driver,41000,Savings,7.3
USER_5375,63,Male,Peshawar,Salaried Employee,94000,Current,5
USER_5376,34,Female,Multan,Doctor,500000,Savings,13.2
USER_5377,22,Female,Islamabad,Freelancer,187000,Savings,14.7
USER_5378,51,Female,Peshawar,Teacher,71000,Savings,8.8
USER_5379,33,Female,Sialkot,Doctor,559000,Current,13.7
USER_5380,68,Female,Lahore,Engineer,185000,Salary,0.8
USER_5381,28,Female,Islamabad,Retired,69000,Current,11.1
USER_5382,43,Female,Karachi,Student,34000,Savings,2.6
USER_5383,19,Male,Karachi,Doctor,358000,Current,6.4
USER_5384,37,Female,Islamabad,Shopkeeper,212000,Current,4.1
USER_5385,63,Female,Multan,Teacher,103000,Savings,10.9
USER_5386,29,Male,Lahore,Doctor,525000,Current,9.2
USER_5387,63,Male,Hyderabad,Shopkeeper,175000,Current,14.2
USER_5388,57,Male,Faisalabad,Government Employee,150000,Salary,6.3
USER_5389,35,Female,Rawalpindi,Retired,54000,Salary,5.5
USER_5390,48,Male,Multan,Shopkeeper,132000,Savings,12.5
USER_5391,24,Male,Rawalpindi,Student,26000,Savings,4.5
USER_5392,58,Male,Karachi,Salaried Employee,100000,Current,5
USER_5393,27,Female,Peshawar,Teacher,61000,Salary,8.8
USER_5394,30,Female,Islamabad,Student,18000,Savings,5.5
USER_5395,22,Female,Karachi,Salaried Employee,103000,Savings,5.2
USER_5396,49,Male,Multan,Engineer,205000,Salary,13
USER_5397,69,Female,Karachi,Teacher,70000,Savings,13.5
USER_5398,61,Female,Multan,Doctor,360000,Savings,1.6
USER_5399,28,Female,Multan,Housewife,0,Current,3.9
USER_5400,49,Female,Sialkot,Housewife,5000,Salary,14.6
USER_5401,19,Female,Rawalpindi,Retired,71000,Salary,14.4
USER_5402,57,Female,Lahore,Engineer,250000,Current,5.7
USER_5403,43,Female,Rawalpindi,Salaried Employee,137000,Salary,9.9
USER_5404,44,Male,Karachi,Doctor,263000,Salary,6.5
USER_5405,60,Female,Hyderabad,Government Employee,101000,Savings,0.6
USER_5406,47,Female,Lahore,Engineer,131000,Current,2.7
USER_5407,56,Female,Quetta,Engineer,295000,Salary,6.6
USER_5408,47,Male,Faisalabad,Government Employee,150000,Savings,10.5
USER_5409,19,Male,Sialkot,Student,14000,Savings,1.6
USER_5410,66,Female,Lahore,Student,34000,Savings,9.2
USER_5411,50,Male,Quetta,Freelancer,179000,Savings,4.6
USER_5412,60,Male,Hyderabad,Government Employee,133000,Salary,2.2
USER_5413,48,Female,Lahore,Business Owner,868000,Current,14
USER_5414,20,Female,Karachi,Driver,49000,Current,5.3
USER_5415,66,Male,Hyderabad,Shopkeeper,126000,Salary,1
USER_5416,27,Female,Islamabad,Student,34000,Salary,14.8
USER_5417,61,Female,Peshawar,Salaried Employee,95000,Current,3.6
USER_5418,36,Male,Peshawar,Business Owner,384000,Salary,11
USER_5419,52,Male,Karachi,Doctor,516000,Current,14.3
USER_5420,66,Female,Lahore,Driver,38000,Current,14.7
USER_5421,53,Male,Hyderabad,Shopkeeper,101000,Current,6.1
USER_5422,54,Male,Hyderabad,Doctor,476000,Salary,11
USER_5423,41,Male,Quetta,Engineer,249000,Savings,1.7
USER_5424,40,Female,Karachi,Engineer,295000,Salary,12
USER_5425,31,Female,Rawalpindi,Housewife,0,Salary,10
USER_5426,55,Male,Karachi,Retired,34000,Savings,5.6
USER_5427,45,Female,Rawalpindi,Government Employee,161000,Current,10.7
USER_5428,68,Male,Karachi,Driver,37000,Savings,6
USER_5429,53,Female,Lahore,Freelancer,154000,Current,2.1
USER_5430,53,Female,Islamabad,Student,38000,Savings,2.6
USER_5431,21,Male,Multan,Teacher,82000,Current,0.8
USER_5432,39,Female,Sialkot,Student,27000,Salary,10.9
USER_5433,54,Male,Sialkot,Shopkeeper,185000,Salary,7.1
USER_5434,50,Female,Islamabad,Teacher,85000,Savings,6.2
USER_5435,30,Female,Rawalpindi,Business Owner,380000,Salary,1.4
USER_5436,55,Male,Faisalabad,Government Employee,101000,Savings,9.4
USER_5437,32,Male,Peshawar,Retired,66000,Savings,6.8
USER_5438,54,Female,Multan,Teacher,87000,Current,2.7
USER_5439,49,Female,Multan,Housewife,20000,Savings,2.6
USER_5440,46,Female,Hyderabad,Student,10000,Savings,2.3
USER_5441,26,Male,Faisalabad,Student,22000,Current,11.3
USER_5442,24,Female,Multan,Housewife,15000,Salary,8.7
USER_5443,70,Female,Lahore,Business Owner,810000,Savings,11.7
USER_5444,18,Female,Lahore,Doctor,411000,Current,1.1
USER_5445,69,Male,Islamabad,Government Employee,136000,Savings,7.6
USER_5446,36,Female,Peshawar,Driver,50000,Savings,9
USER_5447,69,Female,Hyderabad,Housewife,15000,Savings,7.4
USER_5448,38,Female,Faisalabad,Teacher,70000,Savings,2.6
USER_5449,62,Male,Faisalabad,Business Owner,721000,Current,3.3
USER_5450,33,Female,Rawalpindi,Shopkeeper,100000,Current,5.8
USER_5451,22,Male,Quetta,Student,33000,Savings,6
USER_5452,58,Female,Faisalabad,Housewife,5000,Salary,8.8
USER_5453,42,Male,Karachi,Teacher,90000,Savings,13.2
USER_5454,65,Male,Lahore,Freelancer,393000,Savings,11.1
USER_5455,60,Male,Faisalabad,Retired,94000,Current,8.6
USER_5456,67,Female,Faisalabad,Housewife,0,Savings,4.3
USER_5457,23,Male,Lahore,Business Owner,259000,Savings,14.2
USER_5458,58,Male,Faisalabad,Student,21000,Savings,10.6
USER_5459,28,Female,Lahore,Shopkeeper,234000,Salary,0.5
USER_5460,46,Male,Quetta,Engineer,229000,Savings,8.8
USER_5461,68,Male,Hyderabad,Shopkeeper,106000,Current,10.1
USER_5462,47,Male,Lahore,Student,16000,Savings,4.3
USER_5463,66,Female,Faisalabad,Engineer,244000,Savings,14.2
USER_5464,47,Female,Peshawar,Freelancer,211000,Savings,7.1
USER_5465,19,Male,Rawalpindi,Shopkeeper,150000,Current,9.5
USER_5466,57,Female,Karachi,Freelancer,190000,Savings,9.3
USER_5467,32,Female,Sialkot,Teacher,66000,Savings,12.3
USER_5468,37,Male,Karachi,Doctor,209000,Savings,2.9
USER_5469,40,Male,Lahore,Retired,36000,Current,7.6
USER_5470,33,Female,Karachi,Housewife,0,Salary,9.2
USER_5471,39,Female,Hyderabad,Housewife,0,Current,3.8
USER_5472,42,Female,Karachi,Student,19000,Current,4.7
USER_5473,43,Female,Sialkot,Teacher,117000,Salary,6
USER_5474,58,Female,Quetta,Teacher,94000,Savings,7.3
USER_5475,33,Female,Lahore,Student,12000,Current,12.1
USER_5476,66,Male,Peshawar,Shopkeeper,138000,Salary,7.5
USER_5477,37,Male,Rawalpindi,Student,25000,Salary,2
USER_5478,46,Male,Sialkot,Retired,85000,Savings,14.9
USER_5479,57,Female,Islamabad,Housewife,10000,Current,4.8
USER_5480,39,Female,Peshawar,Teacher,75000,Savings,3.9
USER_5481,51,Female,Sialkot,Retired,83000,Salary,13.9
USER_5482,28,Female,Sialkot,Housewife,25000,Salary,0.9
USER_5483,64,Male,Multan,Government Employee,179000,Savings,13.2
USER_5484,37,Male,Hyderabad,Driver,43000,Current,3.6
USER_5485,63,Male,Sialkot,Shopkeeper,250000,Current,3.9
USER_5486,31,Female,Hyderabad,Retired,50000,Current,7.8
USER_5487,64,Male,Rawalpindi,Retired,76000,Salary,6
USER_5488,60,Male,Sialkot,Salaried Employee,133000,Salary,12.3
USER_5489,47,Male,Faisalabad,Retired,40000,Savings,4.5
USER_5490,68,Male,Peshawar,Freelancer,275000,Current,14.1
USER_5491,18,Female,Multan,Business Owner,822000,Savings,7.4
USER_5492,70,Female,Peshawar,Freelancer,136000,Savings,13.3
USER_5493,42,Male,Multan,Student,23000,Salary,12.3
USER_5494,57,Male,Multan,Teacher,86000,Current,6.3
USER_5495,52,Female,Karachi,Housewife,10000,Salary,14.7
USER_5496,38,Female,Peshawar,Student,38000,Savings,9.2
USER_5497,34,Male,Peshawar,Retired,43000,Salary,8.3
USER_5498,43,Male,Multan,Engineer,153000,Salary,12.6
USER_5499,21,Female,Karachi,Freelancer,161000,Current,14.8
USER_5500,21,Male,Lahore,Driver,55000,Salary,1.3
USER_5501,45,Female,Hyderabad,Housewife,25000,Savings,8.6
USER_5502,67,Female,Islamabad,Housewife,5000,Savings,1.2
USER_5503,53,Male,Rawalpindi,Business Owner,468000,Salary,14.6
USER_5504,57,Male,Quetta,Doctor,451000,Savings,3.4
USER_5505,22,Male,Faisalabad,Driver,39000,Salary,2.3
USER_5506,47,Male,Hyderabad,Engineer,203000,Salary,6.6
USER_5507,26,Male,Lahore,Business Owner,724000,Savings,13.2
USER_5508,44,Male,Lahore,Business Owner,913000,Current,12.4
USER_5509,48,Female,Lahore,Driver,51000,Salary,14.6
USER_5510,19,Male,Rawalpindi,Doctor,337000,Savings,10.5
USER_5511,56,Male,Hyderabad,Business Owner,348000,Current,13.7
USER_5512,55,Male,Hyderabad,Shopkeeper,194000,Current,0.7
USER_5513,27,Male,Sialkot,Driver,32000,Salary,8.8
USER_5514,60,Male,Multan,Salaried Employee,140000,Savings,13.3
USER_5515,69,Female,Peshawar,Housewife,0,Current,13.4
USER_5516,47,Female,Sialkot,Freelancer,368000,Current,12.8
USER_5517,29,Female,Islamabad,Freelancer,287000,Current,4.2
USER_5518,51,Female,Rawalpindi,Retired,86000,Salary,11.1
USER_5519,50,Female,Lahore,Housewife,10000,Savings,3.7
USER_5520,34,Male,Sialkot,Retired,98000,Savings,5.1
USER_5521,48,Male,Multan,Engineer,211000,Salary,10.3
USER_5522,21,Female,Islamabad,Shopkeeper,219000,Current,14
USER_5523,28,Female,Sialkot,Housewife,0,Savings,10.8
USER_5524,42,Male,Peshawar,Salaried Employee,85000,Current,3.1
USER_5525,43,Female,Karachi,Government Employee,79000,Savings,5.2
USER_5526,22,Male,Islamabad,Freelancer,237000,Current,10
USER_5527,54,Female,Peshawar,Government Employee,155000,Current,14.6
USER_5528,30,Female,Peshawar,Freelancer,236000,Current,1.5
USER_5529,70,Male,Faisalabad,Retired,89000,Current,10.4
USER_5530,22,Female,Rawalpindi,Doctor,439000,Savings,3.7
USER_5531,45,Male,Multan,Doctor,542000,Current,13
USER_5532,24,Male,Multan,Business Owner,456000,Salary,12.8
USER_5533,31,Male,Karachi,Business Owner,195000,Current,6.3
USER_5534,20,Male,Sialkot,Salaried Employee,103000,Salary,8.6
USER_5535,47,Female,Islamabad,Housewife,0,Current,10.4
USER_5536,51,Male,Lahore,Salaried Employee,128000,Savings,10.9
USER_5537,66,Female,Quetta,Engineer,159000,Savings,0.5
USER_5538,18,Male,Sialkot,Shopkeeper,86000,Salary,4.8
USER_5539,48,Female,Lahore,Doctor,558000,Salary,2.8
USER_5540,62,Female,Rawalpindi,Driver,43000,Current,1.5
USER_5541,64,Female,Multan,Engineer,144000,Salary,10.8
USER_5542,41,Male,Karachi,Business Owner,270000,Salary,4.9
USER_5543,67,Female,Islamabad,Salaried Employee,126000,Savings,3.5
USER_5544,18,Male,Hyderabad,Student,25000,Savings,2.4
USER_5545,20,Male,Quetta,Government Employee,60000,Salary,13.6
USER_5546,35,Male,Faisalabad,Government Employee,120000,Current,12.2
USER_5547,25,Female,Sialkot,Salaried Employee,143000,Savings,13
USER_5548,44,Female,Rawalpindi,Housewife,20000,Current,9.4
USER_5549,48,Female,Karachi,Government Employee,87000,Savings,4.2
USER_5550,34,Male,Karachi,Doctor,252000,Current,6.2
USER_5551,47,Male,Karachi,Driver,48000,Current,4.7
USER_5552,39,Male,Lahore,Engineer,292000,Savings,7.6
USER_5553,27,Female,Islamabad,Business Owner,154000,Salary,2.4
USER_5554,25,Female,Karachi,Engineer,125000,Salary,9.3
USER_5555,57,Female,Lahore,Retired,56000,Savings,5.3
USER_5556,63,Female,Multan,Salaried Employee,102000,Salary,2.9
USER_5557,68,Male,Multan,Business Owner,725000,Savings,14.8
USER_5558,46,Female,Rawalpindi,Engineer,191000,Salary,1.3
USER_5559,63,Female,Peshawar,Doctor,291000,Current,11.3
USER_5560,30,Female,Karachi,Housewife,0,Savings,13.8
USER_5561,70,Female,Multan,Business Owner,869000,Current,12.6
USER_5562,46,Male,Hyderabad,Student,17000,Savings,14.8
USER_5563,52,Male,Rawalpindi,Student,18000,Current,12.1
USER_5564,69,Male,Sialkot,Shopkeeper,111000,Salary,6.8
USER_5565,70,Male,Islamabad,Freelancer,185000,Current,14.4
USER_5566,62,Female,Multan,Freelancer,165000,Savings,5.2
USER_5567,54,Female,Peshawar,Engineer,237000,Current,9.2
USER_5568,24,Male,Peshawar,Freelancer,357000,Savings,0.8
USER_5569,66,Female,Peshawar,Doctor,275000,Current,13.2
USER_5570,67,Male,Lahore,Doctor,200000,Salary,8.8
USER_5571,51,Female,Karachi,Housewife,15000,Salary,14
USER_5572,29,Male,Rawalpindi,Government Employee,110000,Salary,8.1
USER_5573,21,Male,Quetta,Government Employee,96000,Current,6.8
USER_5574,22,Male,Quetta,Driver,49000,Salary,9
USER_5575,32,Male,Peshawar,Teacher,86000,Savings,11.2
USER_5576,33,Female,Sialkot,Freelancer,136000,Current,2
USER_5577,62,Female,Karachi,Government Employee,88000,Salary,10.3
USER_5578,52,Female,Islamabad,Business Owner,533000,Salary,9.8
USER_5579,57,Female,Quetta,Driver,33000,Salary,11.7
USER_5580,67,Male,Sialkot,Shopkeeper,184000,Salary,4
USER_5581,54,Male,Karachi,Shopkeeper,142000,Current,9
USER_5582,55,Female,Faisalabad,Engineer,241000,Salary,13.6
USER_5583,34,Female,Faisalabad,Housewife,0,Current,6.3
USER_5584,65,Female,Islamabad,Doctor,536000,Current,4.6
USER_5585,37,Female,Multan,Freelancer,127000,Salary,6.2
USER_5586,34,Male,Multan,Freelancer,340000,Savings,13.9
USER_5587,39,Male,Peshawar,Freelancer,370000,Current,5.8
USER_5588,46,Male,Peshawar,Engineer,229000,Salary,14.8
USER_5589,22,Female,Peshawar,Business Owner,474000,Savings,14.9
USER_5590,20,Female,Rawalpindi,Student,25000,Salary,10.2
USER_5591,47,Female,Hyderabad,Housewife,5000,Current,10
USER_5592,58,Male,Peshawar,Business Owner,711000,Savings,6.1
USER_5593,27,Male,Rawalpindi,Retired,96000,Current,4.6
USER_5594,30,Female,Sialkot,Freelancer,387000,Current,2.4
USER_5595,39,Male,Islamabad,Government Employee,71000,Savings,14
USER_5596,69,Female,Multan,Government Employee,81000,Current,3.9
USER_5597,60,Female,Lahore,Teacher,101000,Current,2.8
USER_5598,62,Male,Rawalpindi,Salaried Employee,87000,Savings,4.4
USER_5599,22,Female,Hyderabad,Freelancer,243000,Savings,9
USER_5600,40,Female,Multan,Engineer,238000,Savings,13.7
USER_5601,20,Female,Hyderabad,Housewife,25000,Current,1.6
USER_5602,37,Female,Multan,Freelancer,214000,Current,12.1
USER_5603,67,Male,Lahore,Business Owner,741000,Savings,13.9
USER_5604,23,Male,Peshawar,Driver,54000,Savings,12.7
USER_5605,19,Female,Hyderabad,Housewife,0,Savings,13.1
USER_5606,59,Male,Karachi,Engineer,221000,Current,4.6
USER_5607,62,Female,Rawalpindi,Driver,30000,Current,5.9
USER_5608,69,Female,Sialkot,Engineer,133000,Savings,14.6
USER_5609,63,Female,Hyderabad,Student,26000,Current,7.6
USER_5610,56,Female,Rawalpindi,Government Employee,145000,Savings,7.6
USER_5611,54,Male,Faisalabad,Driver,57000,Current,1
USER_5612,29,Male,Hyderabad,Freelancer,268000,Salary,10.1
USER_5613,45,Male,Islamabad,Driver,36000,Savings,1.4
USER_5614,41,Female,Karachi,Doctor,255000,Current,11.7
USER_5615,45,Female,Karachi,Retired,39000,Current,10.3
USER_5616,20,Male,Rawalpindi,Freelancer,179000,Current,5
USER_5617,47,Female,Sialkot,Shopkeeper,123000,Savings,6
USER_5618,22,Male,Rawalpindi,Driver,57000,Savings,9
USER_5619,22,Male,Sialkot,Doctor,540000,Salary,2.6
USER_5620,39,Male,Karachi,Shopkeeper,102000,Savings,3
USER_5621,20,Male,Quetta,Salaried Employee,89000,Salary,3.9
USER_5622,46,Female,Islamabad,Shopkeeper,94000,Current,4.6
USER_5623,38,Female,Quetta,Business Owner,617000,Savings,13.4
USER_5624,21,Female,Rawalpindi,Salaried Employee,91000,Salary,10.1
USER_5625,65,Male,Lahore,Salaried Employee,125000,Salary,8.5
USER_5626,34,Female,Hyderabad,Engineer,252000,Salary,5.2
USER_5627,35,Female,Hyderabad,Student,38000,Salary,6.5
USER_5628,70,Male,Hyderabad,Teacher,89000,Savings,10.6
USER_5629,70,Female,Islamabad,Engineer,241000,Savings,7.1
USER_5630,62,Female,Peshawar,Shopkeeper,224000,Salary,4.3
USER_5631,18,Female,Hyderabad,Engineer,245000,Current,7.1
USER_5632,45,Male,Islamabad,Freelancer,339000,Salary,9.3
USER_5633,52,Female,Islamabad,Doctor,474000,Savings,12
USER_5634,50,Male,Hyderabad,Driver,54000,Savings,10.8
USER_5635,34,Male,Peshawar,Student,10000,Current,3.3
USER_5636,22,Female,Karachi,Engineer,222000,Salary,10.9
USER_5637,50,Female,Rawalpindi,Housewife,20000,Current,4.9
USER_5638,54,Female,Lahore,Salaried Employee,131000,Salary,8.1
USER_5639,29,Female,Islamabad,Business Owner,868000,Current,4
USER_5640,61,Female,Lahore,Doctor,209000,Savings,8.9
USER_5641,57,Female,Quetta,Student,27000,Current,0.5
USER_5642,25,Female,Karachi,Retired,97000,Salary,10.4
USER_5643,24,Female,Islamabad,Student,26000,Current,9.9
USER_5644,21,Female,Faisalabad,Student,19000,Savings,3.8
USER_5645,55,Female,Peshawar,Freelancer,269000,Current,10.6
USER_5646,36,Female,Lahore,Driver,32000,Current,14.6
USER_5647,20,Male,Karachi,Driver,45000,Savings,12.3
USER_5648,53,Female,Karachi,Retired,53000,Savings,5.9
USER_5649,40,Female,Sialkot,Shopkeeper,123000,Salary,11.6
USER_5650,32,Female,Karachi,Housewife,0,Salary,3
USER_5651,41,Female,Faisalabad,Driver,45000,Salary,10.5
USER_5652,39,Male,Sialkot,Doctor,368000,Salary,13.1
USER_5653,65,Female,Faisalabad,Salaried Employee,115000,Savings,6.1
USER_5654,61,Female,Islamabad,Student,19000,Savings,6.4
USER_5655,40,Male,Peshawar,Teacher,63000,Salary,12.8
USER_5656,30,Male,Peshawar,Freelancer,190000,Current,11.9
USER_5657,65,Female,Hyderabad,Business Owner,271000,Salary,10.3
USER_5658,67,Male,Quetta,Engineer,210000,Current,11.6
USER_5659,37,Male,Multan,Business Owner,463000,Salary,11
USER_5660,50,Male,Faisalabad,Teacher,99000,Salary,1
USER_5661,31,Female,Quetta,Doctor,290000,Current,11.1
USER_5662,40,Female,Faisalabad,Teacher,82000,Savings,8.7
USER_5663,53,Female,Rawalpindi,Salaried Employee,104000,Current,11.6
USER_5664,27,Female,Sialkot,Housewife,0,Savings,1.8
USER_5665,62,Female,Lahore,Business Owner,412000,Current,10.3
USER_5666,57,Female,Sialkot,Government Employee,167000,Savings,1.6
USER_5667,70,Female,Lahore,Business Owner,848000,Savings,1.3
USER_5668,47,Male,Faisalabad,Retired,100000,Savings,13.2
USER_5669,27,Male,Hyderabad,Teacher,70000,Current,9.4
USER_5670,60,Male,Karachi,Engineer,207000,Current,8.4
USER_5671,70,Female,Quetta,Housewife,0,Savings,12.9
USER_5672,48,Female,Sialkot,Retired,67000,Current,4.9
USER_5673,36,Male,Sialkot,Government Employee,120000,Savings,7.5
USER_5674,34,Female,Islamabad,Housewife,10000,Current,1.6
USER_5675,49,Female,Quetta,Student,36000,Current,5.5
USER_5676,57,Male,Hyderabad,Shopkeeper,192000,Salary,13.8
USER_5677,59,Female,Sialkot,Business Owner,700000,Current,14.1
USER_5678,36,Female,Multan,Business Owner,421000,Current,11.5
USER_5679,33,Female,Karachi,Housewife,0,Salary,14.1
USER_5680,31,Female,Karachi,Retired,73000,Salary,6.8
USER_5681,47,Female,Lahore,Retired,57000,Current,6
USER_5682,51,Male,Lahore,Salaried Employee,107000,Salary,4.7
USER_5683,48,Male,Hyderabad,Retired,76000,Current,2.2
USER_5684,41,Female,Quetta,Doctor,271000,Salary,2.4
USER_5685,21,Female,Karachi,Driver,44000,Current,9.4
USER_5686,19,Female,Rawalpindi,Housewife,20000,Savings,2.4
USER_5687,46,Female,Rawalpindi,Government Employee,67000,Savings,12.6
USER_5688,29,Female,Lahore,Business Owner,584000,Salary,9.9
USER_5689,37,Female,Multan,Doctor,299000,Savings,12.1
USER_5690,26,Male,Rawalpindi,Business Owner,882000,Savings,7.6
USER_5691,53,Female,Quetta,Student,40000,Current,6.5
USER_5692,62,Female,Multan,Freelancer,338000,Current,7.9
USER_5693,32,Female,Hyderabad,Engineer,198000,Savings,8.1
USER_5694,28,Male,Multan,Salaried Employee,80000,Savings,13.8
USER_5695,63,Female,Hyderabad,Freelancer,92000,Current,12.6
USER_5696,35,Female,Sialkot,Retired,99000,Current,3
USER_5697,28,Female,Peshawar,Student,21000,Savings,1.1
USER_5698,60,Male,Islamabad,Freelancer,353000,Salary,13.1
USER_5699,23,Male,Rawalpindi,Retired,51000,Savings,3.5
USER_5700,42,Female,Faisalabad,Salaried Employee,128000,Salary,7.5
USER_5701,26,Female,Quetta,Retired,74000,Savings,7.3
USER_5702,47,Female,Karachi,Retired,62000,Savings,0.6
USER_5703,46,Male,Faisalabad,Shopkeeper,101000,Salary,0.6
USER_5704,60,Male,Rawalpindi,Teacher,102000,Salary,5.5
USER_5705,63,Female,Peshawar,Government Employee,105000,Current,3
USER_5706,26,Female,Peshawar,Driver,53000,Savings,1.3
USER_5707,31,Female,Quetta,Engineer,273000,Current,3.7
USER_5708,67,Female,Rawalpindi,Retired,47000,Savings,8.5
USER_5709,19,Female,Islamabad,Teacher,63000,Salary,14.6
USER_5710,39,Female,Faisalabad,Doctor,473000,Salary,11
USER_5711,61,Male,Sialkot,Shopkeeper,200000,Salary,1.1
USER_5712,24,Female,Peshawar,Business Owner,714000,Savings,5.7
USER_5713,44,Female,Hyderabad,Driver,45000,Savings,8.2
USER_5714,42,Male,Faisalabad,Teacher,94000,Salary,13.9
USER_5715,65,Female,Peshawar,Retired,60000,Savings,3.2
USER_5716,57,Male,Islamabad,Teacher,96000,Salary,5.3
USER_5717,47,Female,Karachi,Student,32000,Current,13.4
USER_5718,61,Female,Multan,Freelancer,381000,Salary,12.7
USER_5719,44,Female,Karachi,Shopkeeper,188000,Savings,9.7
USER_5720,38,Female,Karachi,Housewife,0,Salary,1.2
USER_5721,54,Male,Lahore,Government Employee,155000,Salary,7.7
USER_5722,27,Male,Rawalpindi,Engineer,231000,Salary,9.6
USER_5723,53,Male,Karachi,Business Owner,856000,Savings,14.2
USER_5724,70,Male,Rawalpindi,Shopkeeper,153000,Savings,5.2
USER_5725,19,Male,Peshawar,Shopkeeper,123000,Salary,11.6
USER_5726,38,Female,Multan,Freelancer,296000,Salary,9.5
USER_5727,62,Female,Multan,Shopkeeper,169000,Salary,5.5
USER_5728,41,Female,Karachi,Engineer,205000,Salary,4
USER_5729,42,Male,Sialkot,Retired,41000,Current,2.2
USER_5730,41,Female,Lahore,Business Owner,385000,Salary,5.5
USER_5731,62,Female,Islamabad,Retired,78000,Savings,12.2
USER_5732,47,Male,Lahore,Doctor,541000,Current,1.9
USER_5733,57,Male,Lahore,Teacher,115000,Current,7.6
USER_5734,36,Female,Islamabad,Student,36000,Savings,1.1
USER_5735,26,Female,Hyderabad,Freelancer,207000,Current,3.4
USER_5736,64,Male,Faisalabad,Student,16000,Salary,5.8
USER_5737,29,Male,Islamabad,Retired,67000,Current,0.6
USER_5738,29,Male,Hyderabad,Government Employee,98000,Salary,12.6
USER_5739,54,Female,Lahore,Salaried Employee,82000,Salary,13.6
USER_5740,63,Male,Multan,Shopkeeper,230000,Current,9
USER_5741,63,Male,Faisalabad,Shopkeeper,239000,Current,1.8
USER_5742,33,Male,Multan,Teacher,87000,Savings,1.8
USER_5743,23,Male,Rawalpindi,Teacher,109000,Salary,14.7
USER_5744,69,Female,Peshawar,Housewife,5000,Savings,9.2
USER_5745,57,Female,Islamabad,Shopkeeper,192000,Salary,6.5
USER_5746,49,Male,Faisalabad,Salaried Employee,85000,Savings,2.7
USER_5747,57,Male,Rawalpindi,Business Owner,238000,Savings,1.1
USER_5748,55,Female,Quetta,Student,15000,Salary,8.1
USER_5749,21,Male,Sialkot,Doctor,555000,Current,4.9
USER_5750,28,Male,Lahore,Freelancer,126000,Salary,8.8
USER_5751,20,Male,Lahore,Driver,37000,Savings,5.2
USER_5752,64,Male,Lahore,Shopkeeper,120000,Savings,11.5
USER_5753,43,Female,Karachi,Teacher,107000,Salary,14.9
USER_5754,23,Male,Rawalpindi,Retired,42000,Salary,2.2
USER_5755,68,Female,Faisalabad,Student,21000,Savings,2.1
USER_5756,31,Male,Karachi,Government Employee,96000,Current,9.1
USER_5757,19,Female,Lahore,Teacher,119000,Salary,7.4
USER_5758,40,Male,Peshawar,Shopkeeper,171000,Salary,2.7
USER_5759,59,Female,Islamabad,Government Employee,70000,Current,11.5
USER_5760,25,Female,Karachi,Government Employee,147000,Current,14.4
USER_5761,64,Male,Lahore,Driver,58000,Salary,11.3
USER_5762,38,Female,Karachi,Government Employee,160000,Salary,9.4
USER_5763,21,Female,Hyderabad,Shopkeeper,86000,Savings,5.5
USER_5764,35,Female,Sialkot,Doctor,408000,Salary,9.3
USER_5765,26,Male,Rawalpindi,Retired,90000,Savings,0.9
USER_5766,65,Female,Quetta,Student,36000,Savings,8.9
USER_5767,35,Male,Quetta,Doctor,304000,Savings,3.1
USER_5768,31,Male,Hyderabad,Engineer,260000,Current,4.8
USER_5769,52,Male,Sialkot,Driver,36000,Savings,7.3
USER_5770,64,Male,Sialkot,Shopkeeper,129000,Savings,8.1
USER_5771,52,Male,Multan,Business Owner,504000,Salary,4.5
USER_5773,25,Female,Sialkot,Housewife,20000,Savings,14.5
USER_5774,51,Male,Rawalpindi,Doctor,460000,Salary,8.6
USER_5775,53,Female,Rawalpindi,Doctor,495000,Salary,3.3
USER_5776,52,Male,Karachi,Teacher,106000,Savings,6.5
USER_5777,41,Female,Hyderabad,Doctor,343000,Salary,6.7
USER_5778,63,Female,Lahore,Doctor,321000,Current,11.6
USER_5779,20,Female,Rawalpindi,Housewife,25000,Current,5.5
USER_5780,54,Female,Peshawar,Doctor,220000,Savings,4.3
USER_5781,37,Female,Quetta,Housewife,0,Salary,11.8
USER_5782,69,Male,Multan,Shopkeeper,127000,Salary,2.1
USER_5783,63,Female,Hyderabad,Housewife,0,Current,8.3
USER_5784,24,Female,Hyderabad,Student,38000,Savings,13.2
USER_5785,23,Male,Hyderabad,Retired,33000,Current,5.5
USER_5786,58,Female,Hyderabad,Engineer,188000,Savings,11.3
USER_5787,33,Female,Quetta,Teacher,116000,Savings,7.7
USER_5788,35,Male,Rawalpindi,Teacher,117000,Salary,4.5
USER_5789,38,Female,Multan,Freelancer,256000,Salary,6.4
USER_5790,19,Male,Rawalpindi,Student,38000,Savings,1.8
USER_5791,59,Male,Islamabad,Shopkeeper,119000,Savings,14.5
USER_5792,69,Female,Faisalabad,Driver,34000,Salary,1.9
USER_5793,67,Female,Rawalpindi,Doctor,478000,Savings,8.3
USER_5794,68,Male,Sialkot,Engineer,298000,Salary,7
USER_5795,30,Female,Karachi,Retired,41000,Current,10.4
USER_5796,20,Male,Lahore,Government Employee,114000,Salary,12
USER_5797,33,Female,Quetta,Driver,38000,Salary,4.4
USER_5798,48,Female,Karachi,Student,33000,Current,3
USER_5799,54,Female,Sialkot,Engineer,153000,Current,12.3
USER_5800,40,Female,Faisalabad,Freelancer,273000,Current,8.9
USER_5801,26,Male,Peshawar,Retired,76000,Current,2.4
USER_5802,28,Female,Karachi,Housewife,20000,Salary,13.4
USER_5803,22,Female,Rawalpindi,Teacher,80000,Current,8.9
USER_5804,62,Female,Sialkot,Salaried Employee,101000,Current,10.3
USER_5805,63,Male,Quetta,Government Employee,168000,Savings,6.6
USER_5806,50,Female,Lahore,Driver,52000,Savings,1.3
USER_5807,18,Female,Quetta,Housewife,0,Salary,10.8
USER_5808,58,Female,Peshawar,Doctor,239000,Salary,11.2
USER_5809,35,Female,Quetta,Teacher,66000,Salary,13.9
USER_5810,29,Male,Multan,Retired,76000,Savings,11.9
USER_5811,30,Male,Peshawar,Salaried Employee,140000,Current,10.8
USER_5812,60,Female,Sialkot,Business Owner,281000,Salary,3.5
USER_5813,44,Female,Hyderabad,Teacher,102000,Current,14.3
USER_5814,24,Male,Multan,Business Owner,738000,Savings,13.3
USER_5815,22,Female,Karachi,Driver,59000,Salary,12
USER_5816,22,Male,Peshawar,Retired,46000,Savings,14.8
USER_5817,22,Female,Hyderabad,Teacher,77000,Current,10.8
USER_5818,24,Male,Karachi,Freelancer,310000,Current,12.1
USER_5819,64,Female,Peshawar,Government Employee,156000,Salary,8
USER_5820,59,Female,Islamabad,Government Employee,125000,Salary,10.2
USER_5821,53,Female,Peshawar,Student,12000,Current,8.6
USER_5822,58,Male,Multan,Government Employee,83000,Current,14
USER_5823,23,Male,Quetta,Salaried Employee,92000,Current,7.5
USER_5824,21,Female,Hyderabad,Doctor,582000,Savings,2.7
USER_5825,41,Male,Quetta,Government Employee,169000,Salary,9.9
USER_5826,47,Male,Hyderabad,Teacher,86000,Salary,8.2
USER_5827,67,Male,Karachi,Government Employee,150000,Salary,7.3
USER_5828,55,Male,Peshawar,Student,37000,Savings,7.6
USER_5829,51,Female,Hyderabad,Freelancer,188000,Savings,1
USER_5830,20,Male,Faisalabad,Business Owner,434000,Salary,2.7
USER_5831,62,Female,Peshawar,Retired,70000,Salary,6.9
USER_5832,61,Male,Sialkot,Doctor,382000,Savings,12.9
USER_5833,61,Female,Multan,Doctor,366000,Current,2.4
USER_5834,43,Female,Faisalabad,Housewife,0,Salary,2
USER_5835,35,Female,Peshawar,Freelancer,254000,Savings,13
USER_5836,30,Female,Multan,Salaried Employee,90000,Savings,3.2
USER_5837,43,Male,Karachi,Government Employee,76000,Salary,6.1
USER_5838,40,Male,Multan,Shopkeeper,138000,Savings,0.6
USER_5839,66,Male,Peshawar,Teacher,111000,Savings,11.1
USER_5840,39,Male,Hyderabad,Business Owner,509000,Savings,9.9
USER_5841,47,Female,Peshawar,Engineer,152000,Savings,5.5
USER_5842,30,Female,Sialkot,Freelancer,83000,Savings,10.9
USER_5843,31,Female,Hyderabad,Freelancer,180000,Savings,2.5
USER_5844,32,Male,Faisalabad,Salaried Employee,90000,Salary,14.2
USER_5845,43,Male,Quetta,Government Employee,121000,Savings,13.5
USER_5846,49,Male,Islamabad,Engineer,272000,Savings,2
USER_5847,69,Male,Peshawar,Retired,37000,Savings,8.4
USER_5848,37,Male,Rawalpindi,Teacher,119000,Savings,3.5
USER_5849,18,Female,Rawalpindi,Government Employee,91000,Savings,10.4
USER_5850,58,Male,Quetta,Teacher,84000,Current,9.7
USER_5851,26,Female,Peshawar,Business Owner,806000,Savings,4.4
USER_5852,46,Male,Sialkot,Business Owner,990000,Salary,9.8
USER_5853,66,Male,Peshawar,Doctor,500000,Salary,6.1
USER_5854,59,Female,Faisalabad,Engineer,213000,Current,4.9
USER_5855,27,Male,Multan,Shopkeeper,221000,Savings,7.2
USER_5856,28,Female,Faisalabad,Student,21000,Savings,10.8
USER_5857,70,Female,Rawalpindi,Driver,50000,Current,8.1
USER_5858,57,Male,Faisalabad,Retired,47000,Salary,14.9
USER_5859,58,Male,Rawalpindi,Freelancer,310000,Salary,13.7
USER_5860,61,Female,Rawalpindi,Housewife,15000,Savings,4
USER_5861,56,Female,Sialkot,Driver,44000,Current,12.1
USER_5862,61,Male,Islamabad,Engineer,123000,Current,6.8
USER_5863,59,Female,Karachi,Doctor,539000,Current,3.7
USER_5864,49,Female,Peshawar,Housewife,10000,Salary,8.9
USER_5865,45,Male,Islamabad,Business Owner,762000,Current,11
USER_5866,64,Male,Rawalpindi,Business Owner,501000,Savings,5
USER_5867,42,Female,Islamabad,Housewife,15000,Current,8.7
USER_5868,33,Female,Faisalabad,Government Employee,135000,Salary,14.8
USER_5869,56,Female,Sialkot,Engineer,276000,Current,0.6
USER_5870,54,Female,Multan,Retired,67000,Current,5.8
USER_5871,59,Female,Rawalpindi,Housewife,25000,Savings,7.9
USER_5872,20,Male,Islamabad,Retired,42000,Savings,10.1
USER_5873,69,Female,Rawalpindi,Doctor,552000,Current,3.7
USER_5874,28,Female,Hyderabad,Driver,56000,Current,3.5
USER_5875,70,Male,Islamabad,Retired,57000,Current,13.8
USER_5876,35,Female,Sialkot,Housewife,20000,Salary,6.2
USER_5877,55,Male,Karachi,Freelancer,75000,Current,8.5
USER_5878,43,Male,Peshawar,Government Employee,173000,Salary,2.7
USER_5879,37,Female,Quetta,Freelancer,399000,Salary,3.4
USER_5880,50,Female,Sialkot,Engineer,285000,Current,1.8
USER_5881,68,Male,Sialkot,Driver,31000,Salary,3.4
USER_5882,44,Female,Multan,Driver,48000,Savings,0.7
USER_5883,66,Female,Rawalpindi,Retired,66000,Current,6.8
USER_5885,37,Female,Peshawar,Government Employee,150000,Savings,8.3
USER_5886,21,Female,Islamabad,Business Owner,750000,Savings,10.1
USER_5887,45,Female,Lahore,Business Owner,351000,Current,8.4
USER_5888,65,Female,Peshawar,Housewife,5000,Current,4.5
USER_5889,40,Male,Sialkot,Doctor,466000,Current,9.5
USER_5890,20,Female,Islamabad,Retired,72000,Savings,2.7
USER_5891,50,Female,Faisalabad,Doctor,519000,Salary,2.9
USER_5892,37,Male,Multan,Teacher,95000,Current,9.1
USER_5893,25,Male,Lahore,Driver,42000,Current,1
USER_5894,50,Female,Lahore,Student,27000,Salary,1.2
USER_5895,37,Female,Sialkot,Teacher,85000,Current,0.5
USER_5896,55,Male,Rawalpindi,Shopkeeper,185000,Current,6.9
USER_5897,45,Male,Lahore,Doctor,242000,Savings,3.1
USER_5898,20,Male,Sialkot,Driver,43000,Salary,5
USER_5899,53,Female,Quetta,Retired,39000,Salary,8.7
USER_5900,20,Female,Faisalabad,Housewife,15000,Salary,9.2
USER_5901,31,Female,Islamabad,Business Owner,586000,Salary,10.9
USER_5902,18,Male,Rawalpindi,Business Owner,479000,Current,11.4
USER_5903,28,Female,Peshawar,Government Employee,164000,Salary,0.7
USER_5904,22,Male,Faisalabad,Engineer,242000,Savings,14.5
USER_5905,41,Male,Hyderabad,Retired,42000,Salary,4.8
USER_5906,67,Male,Rawalpindi,Doctor,528000,Salary,5.9
USER_5907,39,Female,Sialkot,Housewife,5000,Salary,6.5
USER_5908,23,Female,Peshawar,Housewife,25000,Savings,8.3
USER_5909,37,Male,Sialkot,Government Employee,153000,Savings,11.4
USER_5910,63,Female,Karachi,Shopkeeper,107000,Salary,6.6
USER_5911,55,Male,Rawalpindi,Salaried Employee,80000,Savings,4.6
USER_5912,28,Male,Karachi,Freelancer,209000,Savings,10.2
USER_5913,48,Male,Peshawar,Shopkeeper,175000,Salary,8.6
USER_5914,27,Female,Faisalabad,Business Owner,157000,Current,6.3
USER_5915,62,Male,Hyderabad,Retired,47000,Salary,1
USER_5916,21,Female,Sialkot,Engineer,139000,Current,5.1
USER_5917,23,Female,Lahore,Housewife,20000,Savings,12.6
USER_5918,52,Male,Lahore,Driver,54000,Savings,13
USER_5919,59,Male,Sialkot,Freelancer,186000,Savings,1.4
USER_5920,40,Female,Sialkot,Retired,48000,Savings,6.7
USER_5921,32,Male,Faisalabad,Driver,41000,Salary,6.7
USER_5922,62,Male,Karachi,Freelancer,273000,Salary,2.1
USER_5923,53,Male,Faisalabad,Engineer,128000,Current,2.9
USER_5924,27,Male,Rawalpindi,Doctor,203000,Salary,2.3
USER_5925,67,Male,Quetta,Student,18000,Current,11.3
USER_5926,20,Male,Sialkot,Shopkeeper,107000,Current,1.1
USER_5927,33,Female,Hyderabad,Freelancer,241000,Current,4.6
USER_5928,19,Female,Karachi,Freelancer,244000,Salary,1
USER_5929,62,Female,Faisalabad,Engineer,224000,Current,9.1
USER_5930,61,Female,Sialkot,Driver,31000,Current,4.2
USER_5931,35,Male,Faisalabad,Salaried Employee,72000,Current,9.5
USER_5932,59,Female,Hyderabad,Salaried Employee,111000,Savings,10.3
USER_5933,52,Female,Peshawar,Doctor,595000,Current,9.3
USER_5934,69,Female,Rawalpindi,Student,13000,Current,14.1
USER_5935,49,Male,Quetta,Driver,43000,Savings,7.3
USER_5936,61,Female,Quetta,Engineer,273000,Savings,2.5
USER_5937,42,Male,Sialkot,Shopkeeper,182000,Savings,2.3
USER_5938,42,Male,Quetta,Doctor,428000,Savings,11.6
USER_5939,56,Male,Faisalabad,Doctor,488000,Salary,13.8
USER_5940,44,Female,Karachi,Housewife,20000,Current,6
USER_5941,65,Female,Faisalabad,Student,15000,Savings,13.5
USER_5942,26,Male,Lahore,Retired,49000,Current,2.6
USER_5943,30,Female,Islamabad,Engineer,222000,Savings,0.5
USER_5944,65,Female,Sialkot,Doctor,233000,Current,3.1
USER_5945,21,Female,Islamabad,Student,31000,Current,13.7
USER_5946,39,Male,Lahore,Government Employee,154000,Savings,8
USER_5947,44,Male,Multan,Freelancer,397000,Savings,4.7
USER_5948,33,Male,Islamabad,Retired,46000,Savings,9.3
USER_5949,55,Female,Faisalabad,Retired,60000,Salary,2.1
USER_5950,62,Male,Faisalabad,Student,36000,Salary,13.9
USER_5951,50,Male,Faisalabad,Retired,56000,Salary,12.7
USER_5952,48,Male,Faisalabad,Student,35000,Savings,1.9
USER_5953,45,Female,Rawalpindi,Housewife,5000,Current,9.5
USER_5954,61,Female,Quetta,Housewife,0,Savings,12.2
USER_5955,42,Male,Faisalabad,Salaried Employee,124000,Current,14.9
USER_5956,67,Female,Rawalpindi,Driver,41000,Current,7.8
USER_5957,36,Female,Islamabad,Doctor,312000,Salary,4.9
USER_5958,52,Male,Rawalpindi,Retired,95000,Salary,2.7
USER_5959,36,Male,Islamabad,Driver,41000,Savings,5.2
USER_5960,47,Male,Quetta,Student,21000,Savings,14.8
USER_5961,39,Female,Rawalpindi,Business Owner,922000,Salary,3.2
USER_5962,28,Male,Faisalabad,Shopkeeper,184000,Current,6.8
USER_5963,63,Male,Quetta,Salaried Employee,141000,Salary,14.6
USER_5964,38,Female,Lahore,Retired,47000,Savings,9.6
USER_5965,31,Male,Rawalpindi,Retired,81000,Salary,5.7
USER_5966,24,Female,Islamabad,Doctor,267000,Savings,10
USER_5967,48,Female,Lahore,Teacher,112000,Current,3.7
USER_5968,70,Male,Karachi,Doctor,243000,Current,13.9
USER_5969,27,Female,Faisalabad,Engineer,241000,Current,4.4
USER_5970,31,Male,Sialkot,Freelancer,321000,Savings,12.3
USER_5971,41,Male,Rawalpindi,Government Employee,176000,Current,11.9
USER_5972,28,Female,Sialkot,Shopkeeper,87000,Savings,0.9
USER_5973,65,Male,Faisalabad,Government Employee,99000,Current,9.2
USER_5974,41,Female,Quetta,Retired,84000,Salary,1.5
USER_5975,51,Male,Peshawar,Business Owner,573000,Savings,14.2
USER_5976,25,Female,Sialkot,Freelancer,150000,Current,9.3
USER_5977,47,Female,Rawalpindi,Business Owner,284000,Current,13.6
USER_5978,20,Female,Rawalpindi,Housewife,0,Savings,3.2
USER_5979,38,Female,Quetta,Student,39000,Current,0.7
USER_5980,31,Male,Faisalabad,Retired,99000,Savings,12.1
USER_5981,47,Female,Peshawar,Shopkeeper,210000,Current,0.6
USER_5982,32,Female,Hyderabad,Doctor,600000,Current,6.3
USER_5983,61,Female,Hyderabad,Retired,48000,Savings,12.9
USER_5984,27,Male,Islamabad,Driver,51000,Salary,2.3
USER_5985,31,Female,Quetta,Salaried Employee,133000,Salary,12
USER_5986,26,Female,Faisalabad,Retired,58000,Salary,3.5
USER_5987,37,Female,Sialkot,Doctor,499000,Savings,10.1
USER_5988,43,Female,Hyderabad,Student,39000,Current,8.4
USER_5989,24,Male,Rawalpindi,Teacher,103000,Current,3.5
USER_5990,51,Female,Sialkot,Business Owner,246000,Savings,14.5
USER_5991,37,Female,Multan,Housewife,0,Current,3.1
USER_5992,42,Male,Peshawar,Business Owner,865000,Savings,7.4
USER_5993,19,Female,Quetta,Retired,60000,Current,4.2
USER_5994,24,Male,Hyderabad,Retired,74000,Salary,5.6
USER_5995,65,Female,Sialkot,Teacher,71000,Savings,9.5
USER_5996,54,Male,Lahore,Government Employee,160000,Current,3.3
USER_5997,43,Female,Sialkot,Shopkeeper,126000,Current,6.3
USER_5998,51,Female,Peshawar,Shopkeeper,176000,Salary,3.5
USER_5999,45,Male,Rawalpindi,Teacher,66000,Current,4.2
USER_6000,22,Female,Rawalpindi,Business Owner,175000,Salary,10
USER_6001,29,Female,Peshawar,Salaried Employee,95000,Savings,9.3
USER_6002,61,Female,Hyderabad,Housewife,15000,Savings,1
USER_6003,23,Female,Sialkot,Housewife,15000,Current,8.1
USER_6004,37,Female,Islamabad,Retired,56000,Current,14.6
USER_6005,57,Male,Lahore,Teacher,98000,Salary,0.7
USER_6006,64,Female,Lahore,Doctor,331000,Current,10.7
USER_6007,37,Male,Multan,Shopkeeper,139000,Salary,10.1
USER_6008,42,Female,Sialkot,Freelancer,270000,Current,10.2
USER_6009,46,Male,Karachi,Freelancer,277000,Savings,1.2
USER_6010,66,Male,Peshawar,Salaried Employee,127000,Current,3.7
USER_6011,21,Female,Quetta,Doctor,498000,Salary,6.9
USER_6012,35,Female,Sialkot,Shopkeeper,107000,Salary,12.7
USER_6013,41,Female,Peshawar,Freelancer,172000,Savings,11.6
USER_6014,47,Female,Lahore,Housewife,15000,Current,10.3
USER_6015,47,Female,Rawalpindi,Driver,56000,Savings,11.1
USER_6016,18,Female,Quetta,Engineer,227000,Salary,8.5
USER_6017,59,Female,Lahore,Student,35000,Salary,5.5
USER_6018,48,Male,Multan,Business Owner,547000,Current,13
USER_6019,36,Male,Rawalpindi,Doctor,344000,Current,13.3
USER_6020,28,Female,Rawalpindi,Salaried Employee,134000,Current,12.7
USER_6021,45,Female,Sialkot,Doctor,338000,Salary,5.4
USER_6022,59,Female,Hyderabad,Freelancer,206000,Salary,9.7
USER_6023,65,Male,Multan,Engineer,285000,Salary,4
USER_6024,34,Female,Karachi,Retired,47000,Current,0.8
USER_6025,33,Female,Peshawar,Salaried Employee,149000,Salary,0.6
USER_6026,35,Female,Multan,Government Employee,144000,Salary,4.3
USER_6027,33,Female,Multan,Teacher,96000,Savings,11.7
USER_6028,51,Male,Multan,Government Employee,130000,Savings,3.4
USER_6029,41,Female,Sialkot,Government Employee,84000,Salary,9.3
USER_6030,44,Female,Faisalabad,Retired,99000,Savings,10.6
USER_6031,69,Male,Peshawar,Government Employee,120000,Savings,1.3
USER_6032,23,Female,Karachi,Retired,81000,Savings,3.1
USER_6033,34,Female,Multan,Housewife,0,Salary,13.3
USER_6034,41,Male,Quetta,Shopkeeper,246000,Salary,6.8
USER_6035,36,Female,Peshawar,Teacher,102000,Current,4.4
USER_6036,45,Male,Rawalpindi,Government Employee,172000,Savings,13.6
USER_6037,70,Female,Faisalabad,Housewife,15000,Salary,2.6
USER_6038,63,Female,Lahore,Student,39000,Savings,0.8
USER_6039,49,Female,Karachi,Shopkeeper,220000,Savings,10.4
USER_6040,38,Male,Hyderabad,Teacher,94000,Current,9.1
USER_6041,48,Female,Rawalpindi,Business Owner,356000,Savings,13
USER_6042,45,Male,Faisalabad,Teacher,74000,Current,7
USER_6043,41,Female,Peshawar,Business Owner,769000,Savings,12.9
USER_6044,69,Female,Islamabad,Doctor,217000,Savings,11.5
USER_6045,64,Female,Quetta,Shopkeeper,168000,Current,11.5
USER_6046,48,Male,Quetta,Driver,34000,Savings,9.2
USER_6047,64,Female,Lahore,Government Employee,135000,Savings,2.3
USER_6048,47,Female,Multan,Freelancer,378000,Salary,14.5
USER_6049,24,Male,Rawalpindi,Shopkeeper,188000,Salary,7
USER_6050,62,Male,Peshawar,Freelancer,105000,Savings,9.6
USER_6051,59,Female,Lahore,Student,37000,Current,4.4
USER_6052,20,Female,Quetta,Government Employee,160000,Salary,10.4
USER_6053,46,Female,Quetta,Government Employee,166000,Savings,3.8
USER_6054,67,Female,Peshawar,Government Employee,117000,Current,10.1
USER_6055,61,Male,Faisalabad,Teacher,101000,Savings,7.4
USER_6056,21,Female,Rawalpindi,Housewife,25000,Salary,13.1
USER_6057,33,Female,Faisalabad,Government Employee,157000,Savings,6.7
USER_6058,51,Female,Sialkot,Business Owner,430000,Current,14.9
USER_6059,53,Female,Sialkot,Government Employee,63000,Savings,14.9
USER_6060,20,Female,Multan,Doctor,203000,Salary,12.5
USER_6061,45,Male,Lahore,Retired,77000,Savings,3.5
USER_6062,20,Male,Sialkot,Freelancer,396000,Current,6
USER_6063,19,Male,Rawalpindi,Engineer,225000,Current,4.3
USER_6064,33,Male,Peshawar,Freelancer,381000,Savings,12.1
USER_6065,69,Male,Islamabad,Driver,45000,Savings,13.9
USER_6066,25,Male,Sialkot,Engineer,176000,Savings,8.6
USER_6067,18,Male,Faisalabad,Salaried Employee,96000,Savings,10.1
USER_6068,26,Male,Hyderabad,Business Owner,282000,Savings,4.9
USER_6069,68,Male,Sialkot,Government Employee,179000,Savings,13.7
USER_6070,37,Female,Peshawar,Government Employee,180000,Salary,5.7
USER_6071,56,Female,Rawalpindi,Freelancer,345000,Salary,2.7
USER_6072,39,Female,Rawalpindi,Business Owner,260000,Current,12.9
USER_6073,28,Female,Islamabad,Driver,36000,Salary,13.1
USER_6074,35,Male,Sialkot,Engineer,146000,Salary,5.5
USER_6075,41,Female,Hyderabad,Business Owner,971000,Salary,10.1
USER_6076,39,Female,Sialkot,Student,18000,Savings,14.1
USER_6077,54,Female,Sialkot,Engineer,200000,Current,11.3
USER_6078,42,Male,Multan,Student,37000,Salary,11.6
USER_6079,53,Female,Sialkot,Retired,45000,Salary,12.8
USER_6080,19,Male,Faisalabad,Teacher,87000,Salary,4.7
USER_6081,39,Male,Peshawar,Doctor,512000,Current,5.5
USER_6082,56,Male,Multan,Engineer,253000,Salary,1.6
USER_6083,50,Male,Islamabad,Shopkeeper,195000,Current,4.9
USER_6084,58,Female,Peshawar,Teacher,84000,Salary,13.2
USER_6085,36,Male,Islamabad,Government Employee,127000,Current,2.7
USER_6086,65,Male,Peshawar,Freelancer,316000,Salary,1.1
USER_6087,21,Female,Multan,Engineer,277000,Current,8.4
USER_6088,54,Female,Peshawar,Teacher,107000,Savings,6.8
USER_6089,30,Female,Hyderabad,Driver,58000,Current,2.2
USER_6090,41,Male,Multan,Student,16000,Current,6.7
USER_6091,57,Male,Hyderabad,Teacher,68000,Savings,13.7
USER_6092,49,Male,Peshawar,Doctor,389000,Savings,12.2
USER_6093,70,Female,Lahore,Retired,56000,Current,2
USER_6094,70,Male,Karachi,Engineer,194000,Current,5.4
USER_6095,68,Female,Multan,Engineer,283000,Current,13.4
USER_6096,45,Male,Lahore,Doctor,493000,Salary,3.6
USER_6097,68,Female,Hyderabad,Doctor,467000,Savings,8.6
USER_6098,40,Male,Faisalabad,Retired,42000,Savings,7.8
USER_6099,21,Female,Rawalpindi,Housewife,25000,Savings,5.9
USER_6100,61,Female,Quetta,Engineer,162000,Savings,9.6
USER_6101,47,Male,Rawalpindi,Doctor,491000,Current,13.4
USER_6102,61,Male,Lahore,Driver,52000,Current,1
USER_6103,51,Female,Karachi,Housewife,0,Current,5.9
USER_6104,30,Female,Lahore,Housewife,15000,Savings,3
USER_6105,43,Female,Karachi,Student,30000,Salary,3.3
USER_6106,64,Male,Rawalpindi,Freelancer,297000,Savings,7.7
USER_6107,29,Male,Rawalpindi,Business Owner,738000,Salary,7
USER_6108,59,Male,Quetta,Business Owner,795000,Savings,8.2
USER_6109,46,Male,Hyderabad,Shopkeeper,193000,Current,4.1
USER_6110,69,Male,Karachi,Business Owner,394000,Current,7.9
USER_6111,29,Female,Islamabad,Retired,83000,Current,4.7
USER_6112,27,Female,Faisalabad,Teacher,116000,Savings,4.2
USER_6113,53,Male,Islamabad,Shopkeeper,237000,Current,6.4
USER_6114,56,Female,Quetta,Housewife,25000,Current,12.5
USER_6115,35,Male,Faisalabad,Doctor,476000,Current,10.1
USER_6116,34,Female,Sialkot,Government Employee,164000,Salary,9.4
USER_6117,33,Male,Multan,Engineer,235000,Current,5
USER_6118,30,Female,Karachi,Salaried Employee,120000,Salary,11.5
USER_6119,54,Female,Faisalabad,Freelancer,274000,Current,6.6
USER_6120,22,Male,Quetta,Salaried Employee,88000,Salary,11.8
USER_6121,33,Male,Faisalabad,Doctor,494000,Current,2.5
USER_6122,32,Female,Rawalpindi,Government Employee,124000,Salary,8.6
USER_6123,21,Female,Lahore,Government Employee,127000,Current,7.6
USER_6124,63,Female,Peshawar,Business Owner,406000,Savings,14
USER_6125,38,Female,Multan,Driver,55000,Current,10.1
USER_6126,70,Female,Peshawar,Business Owner,554000,Salary,10.3
USER_6127,40,Female,Lahore,Retired,47000,Current,9.7
USER_6128,59,Female,Faisalabad,Driver,38000,Salary,4.3
USER_6129,32,Male,Peshawar,Student,22000,Current,2.1
USER_6130,40,Male,Faisalabad,Teacher,72000,Savings,1.4
USER_6131,23,Female,Peshawar,Teacher,90000,Salary,1.9
USER_6132,26,Male,Rawalpindi,Engineer,142000,Salary,8.8
USER_6133,51,Female,Karachi,Engineer,227000,Current,9.6
USER_6134,32,Female,Quetta,Engineer,133000,Salary,1.8
USER_6135,30,Male,Islamabad,Retired,96000,Current,13.5
USER_6136,63,Male,Islamabad,Shopkeeper,235000,Salary,10.9
USER_6137,26,Male,Rawalpindi,Business Owner,250000,Savings,6.3
USER_6138,69,Male,Peshawar,Student,11000,Current,2.7
USER_6139,23,Female,Multan,Shopkeeper,157000,Salary,12.6
USER_6140,41,Male,Multan,Salaried Employee,132000,Savings,10.7
USER_6141,57,Female,Lahore,Housewife,10000,Savings,5.1
USER_6142,70,Male,Karachi,Teacher,117000,Savings,9.6
USER_6143,64,Female,Lahore,Government Employee,65000,Current,1.6
USER_6144,66,Female,Islamabad,Housewife,20000,Salary,9
USER_6145,39,Female,Peshawar,Housewife,10000,Current,4
USER_6146,20,Female,Rawalpindi,Housewife,0,Current,4.6
USER_6147,29,Female,Hyderabad,Doctor,384000,Current,12.9
USER_6148,32,Female,Hyderabad,Housewife,20000,Current,5.4
USER_6149,44,Male,Faisalabad,Shopkeeper,165000,Current,5.4
USER_6150,47,Male,Karachi,Driver,38000,Current,9.6
USER_6151,65,Male,Islamabad,Shopkeeper,162000,Savings,0.6
USER_6152,65,Female,Quetta,Shopkeeper,91000,Current,8.9
USER_6153,47,Male,Lahore,Salaried Employee,81000,Salary,8.1
USER_6154,47,Male,Islamabad,Government Employee,108000,Savings,8.8
USER_6155,66,Male,Karachi,Driver,58000,Current,4.5
USER_6156,64,Female,Lahore,Doctor,373000,Current,12.4
USER_6157,55,Female,Rawalpindi,Salaried Employee,84000,Salary,8.2
USER_6158,27,Female,Islamabad,Doctor,558000,Current,6.5
USER_6159,68,Female,Multan,Retired,44000,Salary,0.9
USER_6160,20,Female,Lahore,Driver,60000,Savings,5.2
USER_6161,52,Female,Multan,Housewife,0,Salary,3.7
USER_6162,43,Female,Rawalpindi,Government Employee,115000,Savings,11.6
USER_6163,38,Female,Multan,Retired,70000,Savings,7.2
USER_6164,18,Female,Lahore,Doctor,338000,Savings,7
USER_6165,20,Male,Lahore,Shopkeeper,83000,Salary,4.4
USER_6166,25,Male,Multan,Retired,52000,Salary,13.5
USER_6167,31,Female,Lahore,Shopkeeper,248000,Salary,5.9
USER_6168,24,Female,Hyderabad,Freelancer,303000,Current,1
USER_6169,24,Female,Rawalpindi,Retired,61000,Savings,11.6
USER_6170,21,Female,Multan,Freelancer,114000,Current,9.3
USER_6171,30,Male,Lahore,Shopkeeper,234000,Savings,14.9
USER_6172,36,Female,Karachi,Business Owner,781000,Salary,12.3
USER_6173,37,Male,Hyderabad,Engineer,285000,Current,14
USER_6174,70,Male,Multan,Freelancer,176000,Current,7.3
USER_6175,49,Female,Multan,Student,29000,Current,6.2
USER_6176,48,Female,Hyderabad,Salaried Employee,94000,Current,2.1
USER_6177,70,Male,Hyderabad,Student,35000,Savings,14.7
USER_6178,60,Female,Lahore,Housewife,20000,Salary,13
USER_6179,65,Male,Karachi,Freelancer,185000,Current,12.7
USER_6180,59,Male,Sialkot,Teacher,115000,Salary,0.6
USER_6181,22,Female,Karachi,Student,39000,Savings,14.9
USER_6182,62,Female,Islamabad,Business Owner,175000,Current,14
USER_6183,60,Female,Peshawar,Shopkeeper,210000,Savings,1.7
USER_6184,55,Female,Islamabad,Retired,81000,Salary,2.4
USER_6185,24,Female,Hyderabad,Driver,51000,Salary,9.2
USER_6186,37,Female,Karachi,Shopkeeper,198000,Savings,9.7
USER_6187,41,Female,Sialkot,Driver,34000,Salary,12.4
USER_6188,20,Female,Lahore,Government Employee,108000,Current,4
USER_6189,54,Female,Faisalabad,Retired,100000,Salary,9.3
USER_6190,20,Male,Peshawar,Engineer,148000,Current,7.3
USER_6191,69,Female,Peshawar,Government Employee,108000,Salary,2.2
USER_6192,64,Male,Peshawar,Retired,95000,Current,7.9
USER_6193,49,Female,Sialkot,Government Employee,109000,Salary,14
USER_6194,61,Female,Quetta,Teacher,74000,Salary,3.9
USER_6195,56,Female,Lahore,Salaried Employee,116000,Savings,11.7
USER_6196,57,Male,Karachi,Retired,80000,Current,6.7
USER_6197,25,Male,Hyderabad,Shopkeeper,109000,Salary,1.8
USER_6198,55,Male,Rawalpindi,Engineer,183000,Salary,1
USER_6199,22,Male,Quetta,Shopkeeper,226000,Savings,1.1
USER_6200,43,Male,Quetta,Retired,93000,Current,3.9
USER_6201,39,Male,Hyderabad,Retired,52000,Savings,2.5
USER_6202,35,Female,Faisalabad,Shopkeeper,212000,Savings,2.1
USER_6203,28,Female,Sialkot,Driver,49000,Savings,4.7
USER_6204,25,Female,Rawalpindi,Freelancer,157000,Savings,2.5
USER_6205,23,Female,Peshawar,Business Owner,602000,Current,13.6
USER_6206,68,Male,Sialkot,Driver,39000,Salary,11
USER_6207,41,Male,Multan,Engineer,246000,Salary,10.1
USER_6208,48,Male,Peshawar,Teacher,73000,Savings,13.8
USER_6209,37,Male,Faisalabad,Driver,40000,Savings,5.6
USER_6210,62,Male,Lahore,Retired,73000,Current,5.6
USER_6211,27,Female,Islamabad,Student,30000,Current,8
USER_6212,68,Male,Hyderabad,Freelancer,266000,Current,9.8
USER_6213,29,Female,Rawalpindi,Government Employee,136000,Savings,6.4
USER_6214,70,Female,Karachi,Business Owner,713000,Current,5.2
USER_6215,54,Female,Rawalpindi,Freelancer,213000,Current,12.1
USER_6216,68,Male,Karachi,Teacher,70000,Current,11.8
USER_6217,48,Female,Sialkot,Government Employee,106000,Current,12.7
USER_6218,25,Male,Lahore,Business Owner,989000,Savings,7.8
USER_6219,57,Female,Sialkot,Freelancer,130000,Savings,14.4
USER_6220,55,Male,Multan,Shopkeeper,164000,Savings,8.2
USER_6221,58,Female,Lahore,Housewife,15000,Salary,7.7
USER_6222,37,Female,Multan,Doctor,228000,Salary,1.8
USER_6223,36,Male,Hyderabad,Salaried Employee,110000,Current,13.7
USER_6224,44,Male,Karachi,Salaried Employee,86000,Savings,5.5
USER_6225,68,Female,Sialkot,Retired,52000,Savings,10.1
USER_6226,36,Female,Peshawar,Housewife,25000,Savings,10.2
USER_6227,35,Female,Hyderabad,Student,36000,Salary,13.9
USER_6228,48,Male,Karachi,Doctor,227000,Savings,13.9
USER_6229,22,Male,Peshawar,Freelancer,257000,Savings,6.2
USER_6230,26,Male,Faisalabad,Driver,55000,Salary,1.7
USER_6231,18,Male,Islamabad,Teacher,101000,Savings,7.6
USER_6232,22,Female,Quetta,Student,40000,Salary,5.4
USER_6233,60,Male,Quetta,Retired,74000,Current,2.3
USER_6234,61,Male,Hyderabad,Doctor,389000,Salary,12.2
USER_6235,51,Female,Sialkot,Housewife,15000,Current,10.6
USER_6236,53,Male,Peshawar,Driver,50000,Savings,10.2
USER_6237,48,Male,Sialkot,Student,33000,Current,3.1
USER_6238,55,Female,Islamabad,Housewife,0,Salary,10.4
USER_6239,36,Male,Sialkot,Freelancer,389000,Current,7.8
USER_6240,25,Female,Karachi,Housewife,5000,Salary,14.4
USER_6241,63,Female,Sialkot,Freelancer,169000,Salary,2.3
USER_6242,44,Female,Islamabad,Student,40000,Savings,12.5
USER_6243,19,Male,Peshawar,Teacher,118000,Savings,2.7
USER_6244,50,Female,Faisalabad,Doctor,524000,Salary,7.9
USER_6245,43,Female,Multan,Freelancer,226000,Salary,1.6
USER_6246,27,Female,Islamabad,Freelancer,135000,Savings,10.1
USER_6247,60,Female,Sialkot,Housewife,20000,Current,14.4
USER_6248,58,Male,Multan,Government Employee,164000,Savings,10.9
USER_6249,59,Female,Lahore,Housewife,5000,Savings,8
USER_6250,31,Male,Multan,Doctor,480000,Savings,13.4
USER_6251,36,Male,Quetta,Teacher,107000,Savings,11
USER_6252,64,Female,Hyderabad,Salaried Employee,122000,Current,12.6
USER_6253,33,Male,Karachi,Salaried Employee,111000,Savings,14.1
USER_6254,28,Male,Quetta,Doctor,431000,Savings,12.3
USER_6255,42,Male,Faisalabad,Salaried Employee,96000,Salary,14.9
USER_6256,60,Female,Hyderabad,Retired,82000,Current,4.9
USER_6257,62,Female,Peshawar,Salaried Employee,80000,Savings,7
USER_6258,29,Female,Karachi,Student,18000,Savings,10.6
USER_6259,22,Male,Sialkot,Retired,95000,Savings,4.6
USER_6260,69,Male,Multan,Teacher,72000,Current,5.5
USER_6261,45,Male,Sialkot,Salaried Employee,134000,Current,11.4
USER_6262,63,Male,Sialkot,Business Owner,485000,Salary,3.2
USER_6263,60,Male,Quetta,Salaried Employee,137000,Salary,3.3
USER_6264,59,Male,Islamabad,Shopkeeper,224000,Salary,6.7
USER_6265,48,Male,Faisalabad,Salaried Employee,100000,Current,13.6
USER_6266,67,Male,Lahore,Business Owner,794000,Salary,5.8
USER_6267,22,Male,Hyderabad,Driver,49000,Salary,3.2
USER_6268,59,Male,Multan,Government Employee,101000,Salary,7.3
USER_6269,40,Male,Peshawar,Driver,30000,Current,7.5
USER_6270,64,Female,Sialkot,Teacher,103000,Salary,9.3
USER_6271,30,Female,Peshawar,Doctor,465000,Current,10.7
USER_6272,26,Male,Rawalpindi,Business Owner,162000,Current,13.7
USER_6273,22,Female,Quetta,Teacher,108000,Current,4.5
USER_6274,28,Female,Sialkot,Engineer,208000,Savings,3.3
USER_6275,63,Male,Multan,Freelancer,105000,Current,4.8
USER_6276,44,Female,Multan,Housewife,0,Savings,9.2
USER_6277,37,Female,Lahore,Driver,38000,Current,3.8
USER_6278,64,Male,Multan,Retired,34000,Current,1.4
USER_6279,49,Male,Islamabad,Government Employee,94000,Savings,6.6
USER_6280,49,Female,Karachi,Retired,56000,Salary,3
USER_6281,70,Male,Islamabad,Business Owner,234000,Current,1.4
USER_6282,70,Male,Multan,Teacher,104000,Current,11.3
USER_6283,38,Female,Lahore,Housewife,0,Current,11.4
USER_6284,45,Male,Peshawar,Government Employee,69000,Savings,4.9
USER_6285,33,Male,Karachi,Business Owner,678000,Current,2.8
USER_6286,21,Female,Multan,Freelancer,206000,Salary,12.5
USER_6287,33,Male,Quetta,Student,18000,Salary,6.6
USER_6288,41,Male,Karachi,Student,14000,Savings,7.8
USER_6289,22,Female,Karachi,Business Owner,241000,Current,1.2
USER_6290,34,Female,Lahore,Doctor,533000,Salary,7.3
USER_6291,59,Female,Islamabad,Housewife,10000,Salary,9.3
USER_6292,18,Male,Islamabad,Student,19000,Savings,9.8
USER_6293,49,Female,Rawalpindi,Retired,57000,Current,4.9
USER_6294,20,Female,Multan,Housewife,0,Savings,4.8
USER_6295,18,Male,Karachi,Driver,40000,Savings,3.4
USER_6296,39,Female,Multan,Retired,90000,Salary,4.9
USER_6297,64,Female,Islamabad,Driver,52000,Savings,10.3
USER_6298,40,Female,Peshawar,Salaried Employee,81000,Current,6
USER_6299,63,Female,Quetta,Shopkeeper,209000,Current,7.4
USER_6300,41,Male,Rawalpindi,Business Owner,654000,Current,10
USER_6301,68,Male,Sialkot,Business Owner,238000,Salary,14.6
USER_6302,57,Female,Islamabad,Student,19000,Salary,7.4
USER_6303,35,Female,Lahore,Freelancer,203000,Current,5.5
USER_6304,44,Male,Peshawar,Retired,59000,Current,2.1
USER_6305,61,Male,Peshawar,Freelancer,281000,Current,11.1
USER_6306,33,Male,Multan,Shopkeeper,164000,Salary,5.3
USER_6307,54,Male,Quetta,Driver,41000,Savings,10.1
USER_6308,26,Male,Multan,Teacher,114000,Current,9.2
USER_6309,55,Female,Peshawar,Housewife,15000,Current,1
USER_6310,32,Female,Hyderabad,Shopkeeper,82000,Savings,14.7
USER_6311,47,Male,Multan,Government Employee,120000,Salary,10
USER_6312,21,Female,Multan,Driver,51000,Current,10.9
USER_6313,61,Female,Faisalabad,Teacher,110000,Savings,7
USER_6314,63,Female,Peshawar,Shopkeeper,212000,Salary,8.3
USER_6315,28,Male,Lahore,Student,34000,Savings,7.1
USER_6316,61,Male,Faisalabad,Student,35000,Salary,5
USER_6317,25,Male,Faisalabad,Doctor,255000,Salary,6.9
USER_6318,49,Female,Faisalabad,Housewife,0,Salary,14.8
USER_6319,45,Female,Peshawar,Housewife,20000,Current,14.3
USER_6320,45,Male,Faisalabad,Teacher,114000,Current,1.4
USER_6321,54,Female,Peshawar,Housewife,0,Savings,14.7
USER_6322,47,Female,Karachi,Government Employee,92000,Savings,5.2
USER_6323,62,Female,Faisalabad,Government Employee,163000,Savings,7.2
USER_6324,37,Female,Hyderabad,Business Owner,744000,Salary,13.2
USER_6325,34,Male,Rawalpindi,Driver,55000,Savings,4.3
USER_6326,50,Male,Peshawar,Shopkeeper,244000,Salary,13.2
USER_6327,55,Male,Faisalabad,Doctor,501000,Savings,4.6
USER_6328,36,Male,Lahore,Driver,36000,Savings,1.9
USER_6329,67,Female,Rawalpindi,Salaried Employee,102000,Savings,12.3
USER_6330,62,Female,Multan,Housewife,0,Savings,7.2
USER_6331,23,Female,Karachi,Student,18000,Current,4
USER_6332,35,Male,Islamabad,Engineer,220000,Salary,7.3
USER_6333,70,Female,Rawalpindi,Doctor,272000,Current,1.8
USER_6334,60,Female,Rawalpindi,Housewife,0,Current,4.2
USER_6335,22,Male,Sialkot,Student,31000,Savings,0.9
USER_6336,49,Male,Rawalpindi,Retired,83000,Salary,9
USER_6337,68,Male,Multan,Salaried Employee,93000,Savings,14.7
USER_6338,34,Male,Hyderabad,Shopkeeper,144000,Salary,11.4
USER_6339,53,Female,Islamabad,Engineer,231000,Savings,2.3
USER_6340,24,Female,Sialkot,Freelancer,390000,Current,4.4
USER_6341,44,Male,Quetta,Teacher,116000,Current,5.1
USER_6342,66,Female,Quetta,Salaried Employee,123000,Salary,2.3
USER_6343,57,Female,Karachi,Business Owner,262000,Current,12.8
USER_6344,70,Female,Karachi,Salaried Employee,95000,Savings,3.3
USER_6345,41,Male,Multan,Business Owner,209000,Salary,3.5
USER_6346,65,Female,Islamabad,Business Owner,693000,Savings,5.4
USER_6347,38,Male,Peshawar,Retired,97000,Savings,9
USER_6348,70,Female,Rawalpindi,Engineer,188000,Current,13.7
USER_6349,29,Female,Peshawar,Shopkeeper,208000,Current,4.2
USER_6350,54,Female,Faisalabad,Freelancer,199000,Savings,4.9
USER_6351,69,Male,Karachi,Doctor,205000,Current,8.7
USER_6352,26,Female,Faisalabad,Business Owner,605000,Savings,14.4
USER_6353,47,Female,Multan,Government Employee,125000,Current,9.1
USER_6354,40,Female,Hyderabad,Student,29000,Savings,2.5
USER_6355,34,Male,Peshawar,Salaried Employee,117000,Current,12.2
USER_6356,64,Male,Sialkot,Doctor,223000,Savings,11.5
USER_6357,54,Male,Islamabad,Driver,54000,Current,7.3
USER_6358,54,Male,Hyderabad,Salaried Employee,117000,Salary,14.1
USER_6359,63,Female,Faisalabad,Government Employee,76000,Salary,6.2
USER_6360,31,Male,Multan,Student,31000,Savings,11.4
USER_6361,67,Female,Rawalpindi,Driver,51000,Salary,7.9
USER_6362,34,Female,Islamabad,Shopkeeper,226000,Salary,5.7
USER_6363,33,Female,Lahore,Shopkeeper,235000,Current,8.8
USER_6364,34,Female,Faisalabad,Freelancer,256000,Salary,9.5
USER_6365,64,Male,Islamabad,Shopkeeper,131000,Salary,2.1
USER_6366,36,Male,Peshawar,Retired,44000,Salary,3.8
USER_6367,61,Female,Karachi,Salaried Employee,98000,Salary,14.5
USER_6368,60,Male,Peshawar,Doctor,254000,Current,6.4
USER_6369,63,Male,Faisalabad,Student,19000,Salary,13.9
USER_6370,60,Female,Lahore,Housewife,0,Salary,6
USER_6371,23,Male,Karachi,Engineer,122000,Savings,10.8
USER_6372,52,Male,Karachi,Shopkeeper,157000,Salary,9.7
USER_6373,40,Male,Quetta,Retired,48000,Current,11.8
USER_6374,49,Female,Faisalabad,Salaried Employee,97000,Salary,3.5
USER_6375,34,Male,Rawalpindi,Driver,59000,Current,3.3
USER_6376,63,Female,Quetta,Government Employee,140000,Current,11.7
USER_6377,29,Female,Multan,Housewife,0,Savings,2.5
USER_6378,49,Female,Islamabad,Housewife,10000,Savings,13.5
USER_6379,34,Female,Sialkot,Driver,56000,Current,14.6
USER_6380,31,Female,Lahore,Engineer,213000,Current,4.1
USER_6381,40,Male,Karachi,Business Owner,745000,Salary,3.3
USER_6382,47,Male,Karachi,Driver,57000,Salary,14.8
USER_6383,48,Male,Rawalpindi,Shopkeeper,198000,Savings,2
USER_6384,57,Female,Rawalpindi,Teacher,66000,Salary,5
USER_6385,21,Male,Peshawar,Driver,60000,Current,9.3
USER_6386,19,Male,Hyderabad,Business Owner,901000,Savings,0.5
USER_6387,48,Male,Islamabad,Student,28000,Salary,9.6
USER_6388,28,Male,Quetta,Freelancer,216000,Current,3.1
USER_6389,59,Female,Sialkot,Doctor,220000,Savings,3.9
USER_6390,70,Female,Sialkot,Freelancer,341000,Salary,7.2
USER_6391,25,Female,Multan,Shopkeeper,243000,Savings,3.4
USER_6392,18,Male,Hyderabad,Student,39000,Salary,4.6
USER_6393,47,Female,Karachi,Salaried Employee,107000,Savings,14.2
USER_6394,21,Female,Quetta,Driver,48000,Current,7.7
USER_6395,51,Female,Multan,Engineer,299000,Salary,5.4
USER_6396,55,Female,Sialkot,Housewife,10000,Current,1.1
USER_6397,46,Male,Rawalpindi,Doctor,416000,Salary,4.7
USER_6398,26,Female,Islamabad,Business Owner,600000,Current,2
USER_6399,36,Male,Karachi,Teacher,112000,Savings,9.9
USER_6400,66,Female,Karachi,Driver,53000,Current,13.6
USER_6401,24,Female,Hyderabad,Teacher,103000,Savings,14
USER_6402,30,Female,Lahore,Doctor,575000,Current,7
USER_6403,46,Female,Sialkot,Business Owner,922000,Salary,13.5
USER_6404,52,Female,Peshawar,Teacher,101000,Savings,14.4
USER_6405,21,Female,Hyderabad,Shopkeeper,248000,Savings,14.7
USER_6406,23,Female,Sialkot,Government Employee,146000,Salary,7
USER_6407,38,Male,Peshawar,Shopkeeper,94000,Savings,14.5
USER_6408,54,Male,Lahore,Doctor,588000,Current,5.7
USER_6409,56,Male,Faisalabad,Government Employee,117000,Salary,0.7
USER_6410,18,Female,Karachi,Shopkeeper,245000,Salary,3.4
USER_6411,22,Female,Multan,Doctor,504000,Savings,14.8
USER_6412,55,Male,Karachi,Government Employee,148000,Salary,2.8
USER_6413,39,Female,Lahore,Salaried Employee,118000,Current,13.4
USER_6414,22,Male,Rawalpindi,Student,11000,Salary,11.8
USER_6415,60,Female,Sialkot,Housewife,15000,Savings,2.6
USER_6416,29,Female,Hyderabad,Doctor,210000,Savings,8.9
USER_6417,18,Female,Peshawar,Business Owner,373000,Current,10
USER_6418,62,Male,Karachi,Government Employee,178000,Current,1.6
USER_6419,70,Female,Multan,Driver,36000,Savings,9
USER_6420,45,Female,Sialkot,Driver,50000,Current,13.1
USER_6421,70,Male,Peshawar,Student,24000,Savings,0.9
USER_6422,42,Male,Faisalabad,Government Employee,92000,Current,1
USER_6423,68,Female,Sialkot,Housewife,25000,Current,13.4
USER_6424,30,Female,Quetta,Shopkeeper,102000,Salary,11.1
USER_6425,33,Female,Hyderabad,Salaried Employee,80000,Current,13.4
USER_6426,49,Female,Karachi,Retired,73000,Current,14.6
USER_6427,45,Female,Lahore,Business Owner,306000,Current,11.5
USER_6428,49,Female,Lahore,Teacher,71000,Current,7.8
USER_6429,58,Female,Faisalabad,Housewife,25000,Savings,6.6
USER_6430,34,Male,Lahore,Driver,35000,Savings,3.5
USER_6431,54,Male,Lahore,Engineer,268000,Savings,0.7
USER_6432,70,Male,Rawalpindi,Salaried Employee,71000,Current,10.9
USER_6433,34,Female,Hyderabad,Shopkeeper,207000,Savings,5.8
USER_6434,35,Male,Peshawar,Driver,53000,Current,6.2
USER_6435,38,Female,Quetta,Freelancer,191000,Salary,1.7
USER_6436,43,Female,Multan,Shopkeeper,185000,Current,13.8
USER_6437,46,Female,Multan,Shopkeeper,194000,Current,6.3
USER_6438,48,Female,Karachi,Business Owner,520000,Savings,0.6
USER_6439,65,Female,Islamabad,Freelancer,298000,Current,5.3
USER_6440,29,Male,Peshawar,Engineer,136000,Current,8.8
USER_6441,51,Female,Quetta,Salaried Employee,148000,Salary,7.8
USER_6442,47,Female,Faisalabad,Retired,66000,Savings,2.9
USER_6443,22,Female,Karachi,Doctor,518000,Savings,9.1
USER_6444,47,Male,Quetta,Doctor,559000,Current,1
USER_6445,69,Female,Islamabad,Teacher,87000,Current,3.4
USER_6446,33,Male,Lahore,Teacher,76000,Savings,3.3
USER_6447,62,Male,Sialkot,Government Employee,92000,Savings,13.5
USER_6448,25,Female,Karachi,Doctor,385000,Current,7.8
USER_6449,39,Female,Multan,Engineer,155000,Salary,4.7
USER_6450,54,Female,Lahore,Engineer,140000,Current,3.3
USER_6451,47,Female,Multan,Shopkeeper,217000,Savings,5.1
USER_6452,54,Male,Quetta,Shopkeeper,103000,Salary,4
USER_6453,43,Female,Sialkot,Doctor,330000,Salary,14.8
USER_6454,63,Female,Quetta,Doctor,548000,Current,1.5
USER_6455,52,Male,Multan,Driver,43000,Savings,10.5
USER_6456,57,Male,Hyderabad,Salaried Employee,105000,Current,14
USER_6457,58,Female,Hyderabad,Retired,52000,Salary,3.3
USER_6458,52,Female,Islamabad,Doctor,475000,Current,12.6
USER_6459,55,Female,Rawalpindi,Doctor,452000,Salary,11
USER_6460,21,Male,Karachi,Salaried Employee,135000,Savings,9.3
USER_6461,61,Female,Islamabad,Student,16000,Salary,14.3
USER_6462,28,Female,Islamabad,Housewife,15000,Salary,1.6
USER_6463,58,Female,Multan,Retired,80000,Savings,12.5
USER_6464,35,Female,Islamabad,Salaried Employee,75000,Savings,6.2
USER_6465,44,Male,Rawalpindi,Freelancer,181000,Salary,5.6
USER_6467,27,Female,Rawalpindi,Retired,47000,Current,2.4
USER_6468,61,Male,Faisalabad,Student,18000,Savings,9.8
USER_6469,38,Female,Lahore,Driver,39000,Savings,1.4
USER_6470,51,Female,Rawalpindi,Engineer,133000,Current,4.6
USER_6471,66,Male,Rawalpindi,Salaried Employee,138000,Savings,12.9
USER_6472,54,Female,Karachi,Salaried Employee,105000,Current,0.6
USER_6473,23,Male,Sialkot,Student,25000,Current,1.9
USER_6474,29,Male,Multan,Retired,62000,Savings,11.5
USER_6475,48,Male,Peshawar,Doctor,386000,Current,4.2
USER_6476,22,Female,Islamabad,Shopkeeper,174000,Current,14.2
USER_6477,38,Female,Quetta,Housewife,10000,Current,14.1
USER_6478,42,Female,Hyderabad,Housewife,15000,Salary,4.1
USER_6479,69,Male,Sialkot,Teacher,72000,Current,10.8
USER_6480,22,Female,Karachi,Driver,33000,Savings,13.3
USER_6481,58,Male,Sialkot,Student,24000,Savings,7.4
USER_6482,52,Female,Quetta,Salaried Employee,108000,Current,7.4
USER_6483,63,Male,Islamabad,Freelancer,386000,Savings,3.7
USER_6484,62,Male,Islamabad,Shopkeeper,171000,Salary,4
USER_6485,68,Female,Multan,Shopkeeper,103000,Current,12.1
USER_6486,68,Male,Hyderabad,Driver,36000,Savings,1
USER_6487,43,Female,Sialkot,Housewife,0,Savings,10.9
USER_6488,30,Female,Faisalabad,Government Employee,111000,Current,4.7
USER_6489,70,Male,Sialkot,Doctor,508000,Savings,4.2
USER_6490,62,Male,Karachi,Shopkeeper,245000,Savings,2.9
USER_6491,43,Male,Multan,Salaried Employee,131000,Salary,1.2
USER_6492,50,Female,Quetta,Engineer,295000,Current,2
USER_6493,31,Male,Quetta,Engineer,177000,Savings,0.7
USER_6494,20,Male,Hyderabad,Government Employee,143000,Savings,5.5
USER_6495,45,Female,Peshawar,Engineer,194000,Current,5.9
USER_6496,25,Female,Islamabad,Business Owner,840000,Current,14.5
USER_6497,19,Male,Faisalabad,Teacher,113000,Current,9.7
USER_6498,29,Female,Hyderabad,Engineer,290000,Salary,6.5
USER_6499,36,Male,Multan,Teacher,109000,Current,11.2
USER_6500,25,Female,Multan,Shopkeeper,133000,Current,14.6
USER_6501,70,Female,Lahore,Retired,95000,Current,8.7
USER_6502,40,Female,Sialkot,Doctor,372000,Current,0.7
USER_6503,67,Male,Rawalpindi,Shopkeeper,163000,Savings,3.1
USER_6504,65,Female,Quetta,Teacher,102000,Savings,1.8
USER_6505,28,Male,Islamabad,Engineer,144000,Salary,4.4
USER_6506,48,Female,Rawalpindi,Shopkeeper,248000,Savings,3.8
USER_6507,44,Female,Faisalabad,Housewife,10000,Savings,14.1
USER_6508,31,Male,Islamabad,Freelancer,317000,Savings,8.4
USER_6509,68,Female,Islamabad,Salaried Employee,147000,Salary,2.6
USER_6510,57,Male,Multan,Driver,55000,Savings,5
USER_6511,30,Male,Islamabad,Freelancer,264000,Savings,1.8
USER_6512,60,Female,Sialkot,Doctor,270000,Salary,4.3
USER_6513,69,Female,Sialkot,Engineer,172000,Salary,1.3
USER_6514,47,Male,Faisalabad,Shopkeeper,186000,Current,10.5
USER_6515,21,Female,Quetta,Salaried Employee,111000,Current,6.3
USER_6516,42,Female,Quetta,Government Employee,117000,Salary,12.4
USER_6517,54,Female,Rawalpindi,Business Owner,578000,Salary,2.8
USER_6518,65,Female,Karachi,Business Owner,493000,Current,8.9
USER_6519,68,Female,Islamabad,Freelancer,320000,Savings,6
USER_6520,66,Male,Rawalpindi,Salaried Employee,113000,Current,11.1
USER_6521,49,Male,Faisalabad,Retired,84000,Salary,12.4
USER_6522,63,Male,Peshawar,Student,34000,Salary,4.4
USER_6523,30,Male,Faisalabad,Driver,38000,Current,6.5
USER_6524,20,Female,Lahore,Teacher,99000,Salary,11.3
USER_6525,52,Male,Hyderabad,Business Owner,565000,Savings,7.8
USER_6526,42,Female,Sialkot,Salaried Employee,106000,Current,9.3
USER_6527,19,Male,Sialkot,Engineer,142000,Salary,14.4
USER_6528,63,Female,Hyderabad,Housewife,5000,Salary,4.8
USER_6529,53,Female,Rawalpindi,Housewife,5000,Salary,0.9
USER_6530,55,Male,Faisalabad,Shopkeeper,190000,Salary,1.5
USER_6531,59,Male,Peshawar,Shopkeeper,238000,Savings,9.7
USER_6532,53,Male,Lahore,Driver,59000,Savings,2.8
USER_6533,22,Female,Rawalpindi,Housewife,15000,Savings,1
USER_6534,27,Female,Sialkot,Housewife,15000,Savings,3.6
USER_6535,33,Female,Rawalpindi,Driver,32000,Current,11.6
USER_6536,53,Male,Lahore,Salaried Employee,134000,Savings,3.2
USER_6537,53,Female,Peshawar,Salaried Employee,75000,Savings,3.2
USER_6538,56,Female,Rawalpindi,Housewife,25000,Current,9.7
USER_6539,54,Male,Karachi,Retired,31000,Salary,2
USER_6540,58,Male,Peshawar,Doctor,380000,Savings,12.4
USER_6541,36,Female,Quetta,Government Employee,94000,Savings,11.9
USER_6542,67,Female,Lahore,Engineer,139000,Current,4.6
USER_6543,37,Female,Sialkot,Housewife,0,Current,14.7
USER_6544,63,Female,Karachi,Salaried Employee,133000,Savings,8.2
USER_6545,20,Female,Karachi,Student,30000,Savings,10
USER_6546,64,Male,Quetta,Retired,56000,Current,9.6
USER_6547,59,Male,Islamabad,Government Employee,82000,Savings,6
USER_6548,18,Male,Multan,Freelancer,183000,Savings,4.3
USER_6549,52,Male,Islamabad,Driver,54000,Current,3.2
USER_6550,42,Male,Multan,Salaried Employee,76000,Savings,1.8
USER_6551,24,Female,Peshawar,Freelancer,252000,Salary,4.7
USER_6552,65,Male,Islamabad,Doctor,459000,Salary,0.9
USER_6553,66,Male,Hyderabad,Shopkeeper,213000,Savings,2.1
USER_6554,47,Female,Islamabad,Freelancer,74000,Savings,5.1
USER_6555,30,Female,Faisalabad,Salaried Employee,127000,Current,3.9
USER_6556,28,Male,Karachi,Freelancer,371000,Current,1.7
USER_6557,69,Female,Rawalpindi,Driver,58000,Savings,4.6
USER_6558,18,Female,Rawalpindi,Housewife,10000,Savings,1.4
USER_6559,19,Female,Multan,Engineer,121000,Salary,4.3
USER_6560,28,Female,Hyderabad,Shopkeeper,197000,Savings,3.9
USER_6561,50,Female,Hyderabad,Shopkeeper,240000,Current,1.2
USER_6562,53,Male,Karachi,Driver,45000,Current,4.5
USER_6563,20,Female,Quetta,Government Employee,102000,Current,10.9
USER_6564,23,Female,Islamabad,Shopkeeper,124000,Current,9.8
USER_6565,33,Male,Quetta,Salaried Employee,144000,Savings,2.2
USER_6566,53,Male,Islamabad,Student,22000,Savings,1.8
USER_6567,22,Male,Faisalabad,Student,24000,Savings,12.8
USER_6568,19,Male,Sialkot,Freelancer,91000,Current,0.9
USER_6569,20,Female,Multan,Housewife,0,Salary,7.3
USER_6570,35,Female,Lahore,Retired,42000,Current,1.2
USER_6571,35,Female,Peshawar,Freelancer,298000,Salary,8.6
USER_6572,58,Male,Islamabad,Teacher,114000,Savings,7
USER_6573,56,Male,Faisalabad,Driver,40000,Salary,10.4
USER_6574,52,Male,Sialkot,Student,40000,Savings,1.9
USER_6575,70,Female,Hyderabad,Shopkeeper,185000,Current,6.9
USER_6576,55,Female,Islamabad,Teacher,97000,Current,11.2
USER_6577,48,Male,Sialkot,Salaried Employee,82000,Current,6.6
USER_6578,22,Female,Peshawar,Student,14000,Savings,10.1
USER_6579,18,Female,Multan,Government Employee,100000,Current,7.8
USER_6580,46,Female,Islamabad,Engineer,170000,Salary,2.7
USER_6581,40,Male,Quetta,Teacher,94000,Salary,8.6
USER_6582,41,Female,Islamabad,Shopkeeper,125000,Salary,9.3
USER_6583,31,Female,Peshawar,Driver,51000,Savings,2.9
USER_6584,19,Male,Sialkot,Business Owner,570000,Salary,6.6
USER_6585,56,Female,Hyderabad,Teacher,95000,Current,4.4
USER_6586,47,Male,Sialkot,Business Owner,394000,Current,11
USER_6587,68,Female,Islamabad,Retired,61000,Salary,1.6
USER_6588,53,Female,Peshawar,Doctor,287000,Savings,7.4
USER_6589,32,Male,Faisalabad,Student,23000,Salary,2.8
USER_6590,44,Female,Rawalpindi,Government Employee,95000,Savings,2.2
USER_6591,26,Male,Multan,Doctor,562000,Savings,4.2
USER_6592,39,Male,Hyderabad,Government Employee,113000,Savings,12.1
USER_6593,53,Female,Islamabad,Government Employee,86000,Current,7.2
USER_6594,35,Female,Multan,Engineer,151000,Salary,13.7
USER_6595,37,Male,Faisalabad,Teacher,70000,Savings,1.6
USER_6596,39,Female,Sialkot,Teacher,79000,Salary,5.3
USER_6597,36,Male,Lahore,Driver,48000,Salary,10.9
USER_6599,58,Female,Hyderabad,Government Employee,126000,Savings,13.5
USER_6600,28,Male,Lahore,Doctor,343000,Current,9.8
USER_6601,34,Female,Faisalabad,Salaried Employee,147000,Salary,13.2
USER_6602,29,Female,Peshawar,Retired,57000,Current,3.6
USER_6603,57,Female,Multan,Driver,49000,Savings,5.7
USER_6604,21,Female,Multan,Housewife,10000,Current,14.7
USER_6605,22,Male,Faisalabad,Shopkeeper,229000,Savings,13.8
USER_6606,21,Female,Peshawar,Business Owner,330000,Current,5.2
USER_6607,22,Female,Quetta,Housewife,0,Current,6.4
USER_6608,33,Female,Quetta,Driver,52000,Current,14.1
USER_6609,31,Male,Lahore,Teacher,101000,Current,0.7
USER_6611,65,Female,Lahore,Retired,33000,Current,12.2
USER_6612,58,Female,Rawalpindi,Retired,88000,Current,9.3
USER_6613,69,Male,Quetta,Shopkeeper,237000,Salary,9.6
USER_6614,39,Female,Hyderabad,Housewife,10000,Current,1.7
USER_6615,18,Male,Lahore,Salaried Employee,112000,Savings,2.5
USER_6616,23,Female,Karachi,Student,40000,Current,11.5
USER_6617,48,Male,Quetta,Freelancer,354000,Current,11.9
USER_6618,32,Male,Lahore,Salaried Employee,78000,Salary,6.2
USER_6619,34,Female,Islamabad,Engineer,130000,Current,9.5
USER_6620,57,Female,Quetta,Teacher,71000,Savings,14
USER_6621,22,Female,Lahore,Teacher,115000,Current,2.5
USER_6622,18,Female,Rawalpindi,Shopkeeper,124000,Savings,10.7
USER_6623,45,Male,Multan,Freelancer,263000,Savings,8
USER_6624,65,Female,Peshawar,Engineer,293000,Current,10.6
USER_6625,66,Female,Sialkot,Business Owner,329000,Salary,3.8
USER_6626,38,Female,Peshawar,Freelancer,316000,Salary,12.4
USER_6627,52,Male,Hyderabad,Shopkeeper,194000,Savings,7.3
USER_6628,58,Male,Karachi,Engineer,274000,Savings,9.3
USER_6629,61,Male,Multan,Student,35000,Current,12.4
USER_6630,54,Male,Rawalpindi,Engineer,234000,Salary,0.9
USER_6631,51,Female,Quetta,Driver,43000,Salary,9.7
USER_6632,45,Male,Sialkot,Doctor,311000,Current,5
USER_6633,43,Male,Peshawar,Engineer,141000,Savings,1.8
USER_6634,50,Female,Islamabad,Doctor,287000,Salary,2.5
USER_6635,59,Female,Lahore,Business Owner,174000,Savings,12.9
USER_6636,55,Female,Karachi,Business Owner,516000,Salary,9.7
USER_6637,43,Female,Rawalpindi,Engineer,161000,Current,9.8
USER_6638,67,Female,Sialkot,Engineer,130000,Current,11
USER_6639,61,Female,Multan,Shopkeeper,139000,Current,13.2
USER_6640,53,Female,Islamabad,Engineer,140000,Savings,3
USER_6641,70,Female,Hyderabad,Shopkeeper,235000,Salary,1.2
USER_6642,49,Female,Islamabad,Salaried Employee,133000,Salary,11.4
USER_6643,57,Female,Sialkot,Driver,55000,Current,5.3
USER_6644,31,Female,Peshawar,Teacher,104000,Salary,14.3
USER_6645,57,Male,Islamabad,Student,37000,Savings,10.1
USER_6646,35,Male,Peshawar,Student,12000,Salary,4.3
USER_6647,39,Male,Islamabad,Teacher,69000,Current,8.7
USER_6648,48,Female,Rawalpindi,Retired,75000,Savings,10.8
USER_6649,61,Female,Hyderabad,Retired,62000,Current,2.8
USER_6650,44,Male,Faisalabad,Salaried Employee,127000,Salary,2.9
USER_6651,21,Female,Islamabad,Student,23000,Savings,3.5
USER_6652,22,Male,Quetta,Freelancer,331000,Salary,7.7
USER_6653,27,Male,Hyderabad,Engineer,278000,Savings,10.1
USER_6654,50,Female,Faisalabad,Housewife,0,Current,1.7
USER_6655,21,Male,Rawalpindi,Retired,60000,Savings,7.8
USER_6656,36,Female,Lahore,Business Owner,832000,Current,4.1
USER_6658,69,Female,Karachi,Driver,36000,Salary,0.7
USER_6659,30,Male,Rawalpindi,Shopkeeper,225000,Salary,1.2
USER_6660,61,Male,Karachi,Freelancer,196000,Current,7.5
USER_6661,44,Female,Peshawar,Shopkeeper,199000,Savings,12.9
USER_6662,66,Female,Hyderabad,Teacher,83000,Current,4.8
USER_6663,21,Male,Faisalabad,Business Owner,266000,Salary,5.3
USER_6664,34,Male,Multan,Retired,45000,Savings,13.6
USER_6665,42,Male,Sialkot,Engineer,217000,Savings,3.9
USER_6666,52,Male,Rawalpindi,Retired,63000,Savings,10
USER_6667,31,Female,Lahore,Teacher,103000,Salary,5.1
USER_6668,68,Male,Peshawar,Student,15000,Current,4.1
USER_6669,26,Female,Karachi,Doctor,431000,Current,10.9
USER_6670,58,Male,Faisalabad,Teacher,113000,Salary,7.4
USER_6671,24,Female,Faisalabad,Business Owner,407000,Salary,14.8
USER_6672,26,Female,Sialkot,Shopkeeper,145000,Savings,3
USER_6673,21,Female,Sialkot,Engineer,245000,Savings,5.5
USER_6674,20,Male,Rawalpindi,Retired,77000,Salary,9.5
USER_6675,47,Male,Islamabad,Engineer,263000,Savings,8.3
USER_6676,67,Male,Sialkot,Driver,59000,Salary,9
USER_6677,56,Female,Lahore,Doctor,556000,Salary,5.3
USER_6678,22,Female,Multan,Doctor,544000,Current,15
USER_6679,34,Female,Islamabad,Government Employee,168000,Salary,0.6
USER_6680,22,Female,Islamabad,Teacher,117000,Savings,14.7
USER_6681,51,Female,Peshawar,Business Owner,533000,Current,4.2
USER_6682,68,Male,Quetta,Freelancer,316000,Current,9.2
USER_6683,66,Male,Lahore,Driver,40000,Current,7
USER_6684,65,Male,Hyderabad,Shopkeeper,118000,Salary,14.3
USER_6685,65,Male,Quetta,Retired,34000,Savings,12.1
USER_6686,60,Male,Peshawar,Shopkeeper,89000,Salary,7.7
USER_6687,62,Female,Karachi,Driver,38000,Savings,6.5
USER_6688,60,Female,Karachi,Retired,94000,Salary,9.5
USER_6689,65,Male,Hyderabad,Teacher,83000,Current,5.2
USER_6690,49,Female,Faisalabad,Driver,36000,Salary,7.8
USER_6691,30,Male,Quetta,Doctor,457000,Salary,13.5
USER_6692,23,Female,Karachi,Doctor,405000,Salary,14.1
USER_6693,40,Female,Peshawar,Housewife,15000,Current,12.6
USER_6694,44,Male,Hyderabad,Doctor,493000,Salary,13.4
USER_6695,54,Male,Hyderabad,Retired,61000,Current,4.1
USER_6696,18,Female,Sialkot,Engineer,202000,Savings,10.6
USER_6697,22,Male,Rawalpindi,Freelancer,245000,Current,14.8
USER_6698,26,Female,Multan,Housewife,0,Current,6.2
USER_6699,22,Male,Lahore,Salaried Employee,126000,Salary,7
USER_6700,37,Female,Sialkot,Shopkeeper,225000,Current,8.1
USER_6701,66,Female,Rawalpindi,Housewife,20000,Savings,1.3
USER_6702,49,Male,Faisalabad,Retired,57000,Current,8.8
USER_6703,29,Female,Sialkot,Retired,40000,Current,4.1
USER_6704,18,Male,Islamabad,Shopkeeper,154000,Current,9
USER_6705,67,Male,Lahore,Shopkeeper,182000,Savings,14.6
USER_6706,23,Female,Rawalpindi,Shopkeeper,84000,Salary,5.8
USER_6707,32,Female,Karachi,Doctor,279000,Savings,3.3
USER_6708,30,Female,Hyderabad,Shopkeeper,134000,Salary,11.2
USER_6709,47,Female,Hyderabad,Freelancer,222000,Savings,11.6
USER_6710,37,Male,Karachi,Teacher,118000,Savings,12.7
USER_6711,20,Male,Islamabad,Shopkeeper,133000,Savings,3.7
USER_6712,37,Male,Peshawar,Teacher,117000,Salary,14.8
USER_6713,65,Female,Islamabad,Driver,54000,Savings,11.9
USER_6714,23,Male,Quetta,Business Owner,874000,Savings,0.7
USER_6715,52,Male,Hyderabad,Driver,53000,Salary,8.9
USER_6716,60,Female,Islamabad,Driver,32000,Salary,5.4
USER_6717,60,Female,Lahore,Housewife,0,Salary,11.6
USER_6718,49,Male,Rawalpindi,Driver,43000,Current,6.1
USER_6719,43,Female,Peshawar,Salaried Employee,136000,Savings,9.9
USER_6720,44,Female,Sialkot,Business Owner,443000,Current,0.6
USER_6721,61,Female,Sialkot,Student,33000,Savings,10.2
USER_6722,35,Male,Rawalpindi,Shopkeeper,175000,Savings,5.5
USER_6723,30,Male,Rawalpindi,Salaried Employee,103000,Salary,5.5
USER_6724,46,Female,Hyderabad,Shopkeeper,106000,Salary,9.7
USER_6725,70,Male,Karachi,Engineer,226000,Salary,7.1
USER_6726,47,Male,Islamabad,Retired,82000,Current,2.7
USER_6727,36,Male,Quetta,Engineer,162000,Salary,9.2
USER_6728,33,Male,Karachi,Retired,40000,Current,2.3
USER_6729,47,Female,Peshawar,Doctor,341000,Salary,1.8
USER_6730,64,Male,Hyderabad,Engineer,235000,Current,12.7
USER_6731,50,Male,Islamabad,Retired,81000,Savings,12.7
USER_6732,38,Female,Sialkot,Driver,57000,Savings,13.4
USER_6733,54,Female,Quetta,Teacher,98000,Current,3.3
USER_6734,70,Female,Multan,Shopkeeper,206000,Current,13
USER_6735,64,Male,Quetta,Business Owner,608000,Current,9.6
USER_6736,67,Female,Sialkot,Housewife,15000,Salary,5.5
USER_6737,65,Female,Quetta,Government Employee,79000,Savings,8.7
USER_6738,65,Female,Sialkot,Government Employee,110000,Savings,13.9
USER_6739,67,Female,Lahore,Salaried Employee,130000,Savings,6.5
USER_6740,53,Female,Rawalpindi,Doctor,218000,Salary,8.2
USER_6741,20,Female,Islamabad,Student,32000,Savings,0.9
USER_6742,58,Male,Quetta,Business Owner,255000,Savings,2.8
USER_6743,57,Female,Hyderabad,Shopkeeper,192000,Savings,6.9
USER_6744,30,Female,Rawalpindi,Teacher,111000,Current,7.8
USER_6745,41,Female,Peshawar,Student,25000,Salary,2
USER_6746,62,Male,Multan,Doctor,546000,Current,7.6
USER_6747,30,Female,Peshawar,Shopkeeper,89000,Current,4.3
USER_6748,30,Male,Lahore,Doctor,332000,Salary,9.2
USER_6749,65,Female,Faisalabad,Doctor,488000,Salary,8.2
USER_6750,33,Male,Multan,Business Owner,677000,Current,8.2
USER_6751,28,Female,Rawalpindi,Housewife,0,Salary,12.1
USER_6752,44,Male,Multan,Teacher,92000,Salary,13.5
USER_6753,20,Female,Quetta,Student,20000,Savings,12.8
USER_6754,42,Male,Multan,Freelancer,315000,Salary,0.7
USER_6755,22,Male,Karachi,Shopkeeper,135000,Salary,7.8
USER_6756,34,Female,Peshawar,Retired,60000,Salary,5
USER_6757,36,Male,Hyderabad,Freelancer,192000,Salary,9.7
USER_6758,53,Female,Lahore,Government Employee,74000,Salary,8.2
USER_6759,42,Female,Lahore,Business Owner,380000,Savings,2.1
USER_6760,40,Female,Islamabad,Driver,48000,Salary,4.2
USER_6761,29,Female,Lahore,Housewife,0,Salary,10
USER_6762,66,Female,Sialkot,Teacher,116000,Salary,0.7
USER_6763,28,Female,Lahore,Salaried Employee,111000,Salary,7
USER_6764,65,Male,Rawalpindi,Salaried Employee,102000,Salary,8.4
USER_6765,61,Female,Peshawar,Doctor,426000,Savings,14.9
USER_6766,28,Female,Lahore,Government Employee,162000,Current,0.7
USER_6767,54,Female,Quetta,Government Employee,130000,Current,4.7
USER_6768,62,Male,Karachi,Business Owner,255000,Salary,3.4
USER_6769,28,Male,Sialkot,Driver,57000,Current,10.7
USER_6770,42,Female,Rawalpindi,Business Owner,325000,Savings,7.3
USER_6771,37,Male,Quetta,Engineer,151000,Savings,3.7
USER_6772,22,Female,Quetta,Doctor,230000,Current,6.8
USER_6773,43,Female,Peshawar,Housewife,0,Salary,11.8
USER_6774,53,Male,Karachi,Government Employee,68000,Savings,8.2
USER_6775,38,Female,Faisalabad,Student,22000,Salary,9.6
USER_6776,33,Male,Rawalpindi,Doctor,207000,Current,6.8
USER_6777,48,Male,Sialkot,Driver,36000,Current,11.5
USER_6778,60,Male,Hyderabad,Engineer,210000,Current,1.4
USER_6779,36,Female,Peshawar,Teacher,106000,Current,1.9
USER_6780,37,Female,Rawalpindi,Shopkeeper,173000,Savings,5.7
USER_6781,37,Female,Quetta,Business Owner,303000,Current,2.5
USER_6782,59,Male,Lahore,Business Owner,533000,Savings,11.5
USER_6783,70,Male,Multan,Retired,87000,Current,13.5
USER_6784,52,Female,Lahore,Engineer,241000,Current,4.7
USER_6785,49,Male,Multan,Student,32000,Current,11.4
USER_6786,18,Male,Quetta,Retired,57000,Savings,13
USER_6787,34,Female,Multan,Retired,38000,Savings,11.5
USER_6788,50,Female,Karachi,Government Employee,142000,Current,11.3
USER_6789,42,Male,Rawalpindi,Government Employee,162000,Salary,8.9
USER_6790,37,Female,Islamabad,Teacher,110000,Current,7.1
USER_6791,22,Female,Multan,Retired,92000,Salary,14.1
USER_6792,26,Female,Rawalpindi,Business Owner,720000,Savings,12.4
USER_6793,69,Male,Faisalabad,Driver,54000,Savings,7.2
USER_6794,25,Female,Islamabad,Retired,97000,Salary,6
USER_6795,65,Female,Peshawar,Doctor,579000,Savings,14.3
USER_6796,58,Female,Karachi,Government Employee,150000,Salary,5.5
USER_6797,48,Female,Islamabad,Doctor,476000,Savings,8.8
USER_6798,25,Male,Islamabad,Retired,67000,Savings,11.7
USER_6799,29,Male,Islamabad,Business Owner,940000,Salary,0.5
USER_6800,29,Female,Rawalpindi,Driver,49000,Current,13.1
USER_6801,50,Female,Faisalabad,Engineer,216000,Current,1.4
USER_6802,57,Male,Multan,Business Owner,706000,Savings,1.7
USER_6803,21,Male,Multan,Doctor,318000,Savings,3.4
USER_6804,50,Male,Hyderabad,Shopkeeper,130000,Current,10.2
USER_6805,18,Female,Peshawar,Freelancer,357000,Current,5.7
USER_6806,45,Female,Islamabad,Housewife,5000,Savings,11.8
USER_6807,21,Female,Islamabad,Business Owner,578000,Salary,5
USER_6808,58,Male,Faisalabad,Shopkeeper,181000,Savings,10.4
USER_6809,70,Male,Rawalpindi,Student,29000,Savings,12.8
USER_6810,46,Male,Quetta,Freelancer,222000,Current,7.3
USER_6811,31,Female,Rawalpindi,Housewife,20000,Savings,4
USER_6812,36,Female,Karachi,Housewife,25000,Savings,11.3
USER_6813,50,Male,Rawalpindi,Government Employee,152000,Current,5
USER_6814,50,Female,Peshawar,Teacher,97000,Savings,9.7
USER_6815,69,Male,Faisalabad,Driver,53000,Savings,12.9
USER_6816,20,Male,Lahore,Student,33000,Salary,1.9
USER_6817,33,Female,Hyderabad,Salaried Employee,89000,Salary,4.5
USER_6818,37,Male,Faisalabad,Student,27000,Salary,5.3
USER_6819,42,Male,Islamabad,Freelancer,255000,Savings,11.6
USER_6820,58,Male,Quetta,Teacher,95000,Current,1.7
USER_6821,64,Female,Karachi,Retired,38000,Savings,13.1
USER_6822,36,Female,Sialkot,Student,31000,Savings,6.9
USER_6823,60,Female,Rawalpindi,Business Owner,815000,Salary,2
USER_6824,42,Male,Faisalabad,Teacher,65000,Savings,6.5
USER_6825,49,Female,Multan,Shopkeeper,138000,Savings,13.7
USER_6826,40,Male,Islamabad,Driver,39000,Savings,13.5
USER_6827,54,Male,Multan,Teacher,109000,Current,12.8
USER_6828,47,Male,Lahore,Driver,31000,Salary,7.2
USER_6829,57,Female,Karachi,Salaried Employee,102000,Salary,10.1
USER_6830,58,Male,Hyderabad,Doctor,433000,Savings,4.2
USER_6831,32,Female,Rawalpindi,Housewife,25000,Savings,4.2
USER_6832,66,Female,Multan,Teacher,108000,Savings,3
USER_6833,62,Male,Faisalabad,Freelancer,163000,Savings,0.6
USER_6834,50,Male,Multan,Driver,36000,Savings,7.9
USER_6835,40,Male,Lahore,Shopkeeper,183000,Salary,0.6
USER_6836,44,Female,Islamabad,Engineer,132000,Current,11.5
USER_6837,65,Male,Islamabad,Teacher,109000,Salary,1.4
USER_6838,36,Male,Karachi,Government Employee,167000,Salary,11.4
USER_6839,20,Male,Peshawar,Teacher,99000,Current,12.3
USER_6840,53,Male,Quetta,Teacher,79000,Savings,11.5
USER_6842,32,Female,Hyderabad,Engineer,187000,Savings,9.1
USER_6844,35,Male,Quetta,Engineer,258000,Savings,3.3
USER_6845,51,Female,Faisalabad,Housewife,10000,Salary,6.5
USER_6846,26,Male,Quetta,Engineer,125000,Current,14.6
USER_6847,60,Female,Lahore,Engineer,273000,Savings,12.6
USER_6848,53,Male,Rawalpindi,Shopkeeper,208000,Savings,2
USER_6849,21,Female,Faisalabad,Teacher,77000,Current,8.8
USER_6850,54,Male,Lahore,Shopkeeper,113000,Current,14.1
USER_6851,18,Male,Rawalpindi,Retired,64000,Current,6.2
USER_6852,50,Female,Quetta,Doctor,373000,Salary,14
USER_6853,48,Female,Faisalabad,Freelancer,268000,Current,6
USER_6854,46,Male,Rawalpindi,Doctor,398000,Salary,1.3
USER_6855,68,Female,Faisalabad,Housewife,0,Savings,8.6
USER_6856,18,Male,Hyderabad,Business Owner,773000,Savings,7.8
USER_6857,40,Male,Quetta,Driver,49000,Salary,4.6
USER_6858,31,Female,Multan,Housewife,20000,Savings,2.5
USER_6859,67,Female,Peshawar,Shopkeeper,178000,Savings,10.5
USER_6860,44,Female,Quetta,Student,17000,Salary,11.2
USER_6861,30,Female,Peshawar,Business Owner,223000,Current,5.1
USER_6862,59,Male,Rawalpindi,Engineer,184000,Current,6.1
USER_6863,28,Male,Sialkot,Government Employee,61000,Savings,14.4
USER_6864,33,Female,Islamabad,Retired,82000,Savings,8.1
USER_6865,40,Male,Islamabad,Freelancer,363000,Current,13.3
USER_6866,63,Female,Lahore,Housewife,10000,Salary,12.2
USER_6867,64,Female,Peshawar,Engineer,191000,Salary,7.6
USER_6868,59,Female,Peshawar,Student,19000,Salary,14.3
USER_6869,54,Female,Peshawar,Business Owner,221000,Salary,5
USER_6870,39,Female,Peshawar,Government Employee,140000,Current,1.9
USER_6871,60,Male,Faisalabad,Student,21000,Current,3.5
USER_6872,52,Male,Karachi,Business Owner,932000,Savings,4.8
USER_6873,63,Female,Multan,Doctor,528000,Salary,4.5
USER_6874,20,Female,Islamabad,Housewife,25000,Salary,7.1
USER_6875,61,Female,Sialkot,Freelancer,123000,Current,5.1
USER_6876,29,Male,Hyderabad,Government Employee,100000,Savings,2.2
USER_6877,52,Female,Peshawar,Business Owner,899000,Current,7
USER_6878,27,Female,Multan,Shopkeeper,122000,Salary,12.6
USER_6879,27,Male,Islamabad,Shopkeeper,227000,Salary,9.8
USER_6880,50,Female,Islamabad,Teacher,98000,Salary,8.9
USER_6881,43,Male,Quetta,Teacher,67000,Salary,10.6
USER_6882,53,Female,Multan,Government Employee,121000,Salary,3.8
USER_6883,68,Female,Rawalpindi,Shopkeeper,189000,Savings,2.3
USER_6884,41,Female,Peshawar,Student,26000,Savings,6.8
USER_6885,34,Female,Quetta,Retired,43000,Current,11.4
USER_6886,18,Male,Faisalabad,Student,36000,Current,5.9
USER_6887,27,Male,Lahore,Student,34000,Current,5
USER_6888,46,Female,Islamabad,Freelancer,286000,Salary,11.2
USER_6889,64,Female,Faisalabad,Salaried Employee,129000,Savings,11.3
USER_6890,55,Female,Sialkot,Retired,50000,Current,2.2
USER_6891,56,Female,Rawalpindi,Doctor,414000,Salary,12.4
USER_6892,35,Female,Multan,Business Owner,634000,Salary,10.7
USER_6893,64,Female,Peshawar,Housewife,0,Salary,5.2
USER_6894,65,Male,Multan,Driver,53000,Salary,1.3
USER_6895,62,Female,Peshawar,Housewife,15000,Savings,10.9
USER_6896,67,Male,Peshawar,Teacher,75000,Salary,0.8
USER_6897,28,Female,Hyderabad,Student,12000,Current,2.3
USER_6898,44,Female,Peshawar,Shopkeeper,172000,Savings,7.5
USER_6899,46,Male,Islamabad,Shopkeeper,231000,Salary,11.2
USER_6900,24,Female,Hyderabad,Government Employee,157000,Current,0.6
USER_6901,29,Female,Islamabad,Freelancer,388000,Savings,10.5
USER_6902,50,Male,Peshawar,Retired,83000,Current,6.3
USER_6903,46,Male,Islamabad,Retired,76000,Current,4.1
USER_6904,43,Female,Sialkot,Housewife,15000,Salary,5
USER_6905,35,Female,Islamabad,Engineer,230000,Savings,12.5
USER_6906,69,Female,Quetta,Salaried Employee,76000,Salary,3.5
USER_6907,19,Female,Lahore,Engineer,212000,Savings,10.1
USER_6908,43,Male,Rawalpindi,Teacher,62000,Salary,9.5
USER_6909,32,Male,Islamabad,Salaried Employee,77000,Salary,6.8
USER_6910,45,Female,Multan,Teacher,103000,Savings,5.2
USER_6911,58,Male,Faisalabad,Salaried Employee,85000,Salary,13
USER_6912,35,Male,Multan,Government Employee,152000,Savings,14.2
USER_6913,65,Female,Lahore,Shopkeeper,224000,Salary,0.7
USER_6914,22,Male,Quetta,Student,21000,Current,3.8
USER_6915,32,Female,Peshawar,Business Owner,944000,Salary,8.6
USER_6916,40,Female,Multan,Salaried Employee,124000,Savings,5.1
USER_6917,46,Male,Multan,Driver,42000,Current,0.6
USER_6918,57,Female,Karachi,Business Owner,568000,Salary,7.6
USER_6919,36,Male,Islamabad,Government Employee,105000,Salary,9
USER_6920,52,Female,Islamabad,Engineer,267000,Current,9.2
USER_6921,33,Female,Hyderabad,Student,11000,Current,9.9
USER_6922,60,Female,Lahore,Engineer,143000,Current,12.1
USER_6923,66,Female,Multan,Housewife,5000,Current,13.2
USER_6924,55,Female,Rawalpindi,Housewife,0,Current,12.1
USER_6925,66,Female,Multan,Business Owner,828000,Savings,10.2
USER_6926,49,Female,Islamabad,Housewife,5000,Current,6.5
USER_6927,43,Female,Hyderabad,Housewife,15000,Savings,14.1
USER_6928,67,Female,Rawalpindi,Salaried Employee,88000,Savings,12.8
USER_6929,67,Female,Karachi,Retired,97000,Savings,14.7
USER_6930,24,Female,Quetta,Retired,44000,Savings,9
USER_6931,22,Female,Karachi,Business Owner,780000,Salary,4.1
USER_6932,67,Female,Quetta,Driver,55000,Salary,11
USER_6933,25,Male,Hyderabad,Business Owner,265000,Current,11.4
USER_6934,33,Male,Karachi,Business Owner,169000,Current,8
USER_6935,56,Male,Multan,Driver,60000,Salary,1.1
USER_6936,35,Male,Rawalpindi,Government Employee,97000,Salary,12.7
USER_6937,20,Male,Karachi,Engineer,219000,Salary,3.7
USER_6938,51,Female,Sialkot,Freelancer,90000,Salary,3.2
USER_6939,67,Female,Lahore,Housewife,20000,Salary,6.5
USER_6940,44,Male,Islamabad,Driver,32000,Savings,13.7
USER_6941,45,Female,Hyderabad,Teacher,69000,Salary,2.2
USER_6942,61,Female,Sialkot,Business Owner,349000,Current,11.8
USER_6943,47,Female,Sialkot,Business Owner,737000,Current,9
USER_6944,64,Female,Sialkot,Housewife,0,Current,0.6
USER_6945,27,Male,Rawalpindi,Government Employee,70000,Salary,12.7
USER_6946,45,Female,Hyderabad,Driver,42000,Current,10.9
USER_6947,66,Female,Hyderabad,Engineer,249000,Salary,9.7
USER_6948,19,Female,Sialkot,Freelancer,251000,Savings,4.9
USER_6949,54,Female,Faisalabad,Driver,33000,Current,4.4
USER_6950,51,Female,Islamabad,Retired,72000,Savings,12
USER_6951,67,Male,Rawalpindi,Student,25000,Savings,14.9
USER_6952,53,Female,Hyderabad,Teacher,66000,Savings,6.5
USER_6953,60,Female,Multan,Shopkeeper,146000,Current,8.4
USER_6954,50,Male,Multan,Business Owner,360000,Salary,4.1
USER_6955,51,Male,Multan,Teacher,102000,Current,12.7
USER_6956,58,Female,Quetta,Business Owner,520000,Salary,8.4
USER_6957,25,Male,Karachi,Doctor,521000,Current,5.9
USER_6958,30,Male,Multan,Driver,60000,Salary,6.5
USER_6959,47,Female,Islamabad,Salaried Employee,101000,Current,8.3
USER_6960,69,Male,Peshawar,Engineer,180000,Current,2.3
USER_6961,57,Female,Multan,Driver,45000,Salary,12.4
USER_6962,28,Male,Quetta,Student,13000,Current,7.7
USER_6963,19,Female,Islamabad,Freelancer,225000,Current,13.1
USER_6964,26,Female,Sialkot,Teacher,78000,Current,3.7
USER_6965,60,Female,Faisalabad,Housewife,10000,Salary,4.1
USER_6966,19,Male,Islamabad,Government Employee,156000,Salary,2.3
USER_6967,45,Female,Peshawar,Freelancer,96000,Current,6.6
USER_6968,65,Female,Peshawar,Shopkeeper,249000,Salary,2.5
USER_6969,63,Male,Lahore,Driver,59000,Savings,4.8
USER_6970,32,Female,Rawalpindi,Retired,91000,Salary,3
USER_6971,68,Male,Quetta,Shopkeeper,203000,Salary,7.4
USER_6972,66,Female,Rawalpindi,Government Employee,174000,Salary,14
USER_6973,26,Female,Rawalpindi,Freelancer,188000,Salary,2.4
USER_6974,26,Female,Peshawar,Shopkeeper,198000,Savings,7.1
USER_6975,41,Female,Multan,Student,15000,Savings,10
USER_6976,51,Female,Islamabad,Housewife,0,Current,8.1
USER_6977,20,Male,Hyderabad,Government Employee,130000,Savings,8.9
USER_6978,63,Female,Quetta,Business Owner,462000,Savings,12.3
USER_6979,66,Female,Peshawar,Engineer,284000,Salary,13.3
USER_6980,33,Female,Quetta,Freelancer,233000,Current,11.4
USER_6981,42,Male,Sialkot,Salaried Employee,139000,Current,4
USER_6982,58,Male,Islamabad,Engineer,201000,Current,1.7
USER_6983,63,Female,Sialkot,Teacher,87000,Salary,14.8
USER_6984,46,Male,Quetta,Freelancer,341000,Current,3.6
USER_6985,65,Male,Rawalpindi,Freelancer,241000,Salary,10.9
USER_6986,38,Female,Lahore,Housewife,15000,Salary,6.9
USER_6987,58,Female,Karachi,Housewife,10000,Current,3.6
USER_6988,54,Female,Islamabad,Doctor,554000,Savings,7.8
USER_6989,42,Female,Faisalabad,Freelancer,396000,Current,10.3
USER_6990,23,Female,Quetta,Driver,51000,Savings,12.2
USER_6991,19,Male,Quetta,Retired,46000,Savings,11.9
USER_6992,65,Female,Islamabad,Business Owner,578000,Salary,6.5
USER_6993,43,Female,Multan,Housewife,15000,Current,5.2
USER_6994,24,Female,Sialkot,Student,29000,Salary,6.3
USER_6995,58,Male,Quetta,Student,10000,Salary,4.3
USER_6996,50,Female,Islamabad,Teacher,70000,Salary,3
USER_6997,59,Female,Sialkot,Doctor,422000,Current,10.7
USER_6998,57,Female,Quetta,Government Employee,172000,Savings,14.3
USER_6999,25,Female,Lahore,Freelancer,314000,Savings,11.3
USER_7000,29,Male,Faisalabad,Government Employee,159000,Savings,5.2
USER_7001,47,Female,Peshawar,Driver,46000,Current,6.9
USER_7002,64,Male,Hyderabad,Engineer,259000,Current,5.2
USER_7003,60,Male,Karachi,Teacher,106000,Salary,9.1
USER_7004,23,Female,Karachi,Shopkeeper,205000,Savings,9.6
USER_7005,58,Male,Quetta,Student,36000,Current,1.7
USER_7006,54,Male,Peshawar,Teacher,86000,Current,13.4
USER_7007,56,Female,Faisalabad,Shopkeeper,120000,Salary,1.8
USER_7008,66,Male,Faisalabad,Government Employee,108000,Current,6.6
USER_7009,69,Male,Karachi,Government Employee,80000,Current,11.5
USER_7010,54,Female,Islamabad,Engineer,205000,Salary,7
USER_7011,42,Female,Rawalpindi,Engineer,123000,Current,14.6
USER_7012,65,Male,Peshawar,Salaried Employee,138000,Salary,3.7
USER_7013,37,Female,Hyderabad,Teacher,108000,Current,11.4
USER_7014,29,Female,Lahore,Teacher,100000,Salary,9.8
USER_7015,31,Female,Rawalpindi,Housewife,20000,Savings,13
USER_7016,39,Female,Faisalabad,Teacher,75000,Salary,13.1
USER_7017,55,Female,Lahore,Driver,50000,Current,6.2
USER_7018,31,Male,Karachi,Driver,43000,Savings,6.2
USER_7019,25,Male,Multan,Driver,33000,Current,4.3
USER_7020,50,Female,Karachi,Teacher,115000,Salary,2.1
USER_7021,65,Female,Rawalpindi,Retired,92000,Salary,9.7
USER_7022,58,Male,Sialkot,Doctor,391000,Savings,7.5
USER_7023,28,Female,Sialkot,Retired,81000,Current,7.2
USER_7024,21,Female,Multan,Teacher,94000,Salary,9
USER_7025,48,Male,Islamabad,Retired,80000,Salary,11.6
USER_7026,38,Female,Quetta,Salaried Employee,133000,Savings,1.2
USER_7027,54,Male,Rawalpindi,Retired,44000,Savings,14.7
USER_7028,50,Male,Peshawar,Teacher,88000,Savings,2.8
USER_7029,45,Female,Lahore,Engineer,251000,Current,1.7
USER_7030,65,Male,Quetta,Teacher,71000,Salary,9.6
USER_7031,22,Female,Hyderabad,Housewife,25000,Current,10.2
USER_7032,39,Male,Islamabad,Government Employee,151000,Current,5.7
USER_7033,62,Female,Quetta,Shopkeeper,87000,Current,3.3
USER_7034,27,Male,Quetta,Retired,53000,Salary,14
USER_7035,40,Male,Quetta,Shopkeeper,218000,Salary,7.7
USER_7036,64,Male,Multan,Freelancer,285000,Current,7.5
USER_7037,44,Female,Peshawar,Teacher,87000,Current,10.3
USER_7038,20,Female,Islamabad,Business Owner,407000,Savings,11.5
USER_7039,53,Female,Karachi,Business Owner,723000,Savings,14.1
USER_7040,38,Female,Faisalabad,Engineer,127000,Salary,10.3
USER_7041,25,Male,Multan,Business Owner,161000,Savings,0.5
USER_7042,53,Female,Peshawar,Freelancer,328000,Current,4.2
USER_7043,23,Male,Peshawar,Business Owner,959000,Salary,8.4
USER_7044,42,Male,Hyderabad,Driver,40000,Current,11.6
USER_7045,32,Male,Faisalabad,Shopkeeper,196000,Current,11.3
USER_7046,32,Male,Peshawar,Freelancer,148000,Savings,12
USER_7047,45,Female,Quetta,Housewife,0,Current,0.5
USER_7048,49,Female,Rawalpindi,Business Owner,820000,Current,4.1
USER_7049,21,Female,Islamabad,Housewife,10000,Savings,5.1
USER_7050,18,Female,Peshawar,Salaried Employee,125000,Savings,9.6
USER_7051,54,Female,Islamabad,Freelancer,110000,Current,5.7
USER_7052,49,Female,Rawalpindi,Doctor,398000,Savings,8.8
USER_7053,38,Male,Sialkot,Business Owner,248000,Current,11.4
USER_7054,64,Male,Hyderabad,Doctor,391000,Savings,9.4
USER_7055,51,Female,Quetta,Shopkeeper,158000,Salary,11.3
USER_7056,61,Female,Multan,Shopkeeper,111000,Savings,2.1
USER_7057,57,Female,Faisalabad,Teacher,112000,Salary,9.2
USER_7058,22,Female,Rawalpindi,Freelancer,238000,Savings,5.4
USER_7059,48,Female,Peshawar,Teacher,76000,Current,9.8
USER_7060,27,Male,Quetta,Teacher,94000,Current,6.9
USER_7061,70,Female,Sialkot,Housewife,25000,Current,5.9
USER_7062,60,Male,Islamabad,Retired,55000,Salary,1.1
USER_7063,21,Female,Sialkot,Student,20000,Current,5.6
USER_7064,46,Male,Hyderabad,Engineer,264000,Current,4.6
USER_7065,64,Male,Sialkot,Government Employee,96000,Current,13.9
USER_7066,44,Female,Peshawar,Housewife,0,Savings,9.3
USER_7067,21,Female,Multan,Government Employee,86000,Current,13.2
USER_7068,63,Female,Sialkot,Shopkeeper,162000,Salary,10.2
USER_7069,54,Female,Islamabad,Business Owner,345000,Salary,10.7
USER_7070,43,Male,Quetta,Shopkeeper,227000,Current,11.6
USER_7071,58,Female,Quetta,Driver,58000,Salary,2.6
USER_7072,68,Female,Rawalpindi,Shopkeeper,191000,Savings,1.2
USER_7073,47,Male,Sialkot,Driver,57000,Salary,11
USER_7074,42,Female,Karachi,Freelancer,332000,Salary,8.8
USER_7075,50,Female,Multan,Student,36000,Savings,10.4
USER_7076,35,Female,Karachi,Shopkeeper,117000,Salary,6.3
USER_7077,64,Male,Lahore,Student,24000,Salary,3.9
USER_7078,62,Male,Hyderabad,Engineer,159000,Current,8
USER_7079,36,Female,Rawalpindi,Student,21000,Salary,4.9
USER_7080,65,Female,Hyderabad,Shopkeeper,112000,Savings,7.2
USER_7081,31,Female,Islamabad,Teacher,113000,Salary,5.1
USER_7082,63,Female,Karachi,Business Owner,854000,Salary,4.9
USER_7083,39,Female,Rawalpindi,Retired,30000,Current,3.3
USER_7084,39,Female,Islamabad,Doctor,473000,Savings,13.1
USER_7085,20,Female,Karachi,Engineer,142000,Savings,12.9
USER_7086,56,Female,Peshawar,Salaried Employee,78000,Savings,8.3
USER_7087,42,Male,Quetta,Shopkeeper,87000,Savings,7.5
USER_7088,39,Male,Peshawar,Freelancer,362000,Savings,2.1
USER_7089,54,Female,Faisalabad,Housewife,5000,Current,2
USER_7090,18,Female,Rawalpindi,Freelancer,89000,Salary,5.9
USER_7091,20,Female,Quetta,Teacher,105000,Salary,3.5
USER_7092,67,Male,Hyderabad,Shopkeeper,122000,Savings,8.3
USER_7093,39,Female,Karachi,Doctor,449000,Current,5.9
USER_7094,54,Female,Peshawar,Government Employee,156000,Current,4.7
USER_7095,38,Female,Peshawar,Driver,34000,Current,14.7
USER_7096,20,Male,Multan,Retired,100000,Salary,9.4
USER_7097,53,Male,Karachi,Driver,48000,Current,12.2
USER_7098,46,Male,Rawalpindi,Engineer,247000,Salary,4.7
USER_7099,68,Female,Islamabad,Student,27000,Savings,2.7
USER_7100,19,Female,Lahore,Engineer,136000,Current,11.2
USER_7101,55,Male,Lahore,Doctor,399000,Savings,8.1
USER_7102,45,Male,Lahore,Engineer,287000,Current,9.6
USER_7103,23,Male,Faisalabad,Student,33000,Current,6.9
USER_7104,40,Male,Karachi,Student,39000,Current,5.4
USER_7105,20,Male,Islamabad,Driver,46000,Savings,6.4
USER_7106,57,Male,Hyderabad,Teacher,100000,Current,9.5
USER_7107,45,Female,Quetta,Student,32000,Savings,11.9
USER_7109,31,Male,Hyderabad,Teacher,92000,Savings,13.1
USER_7110,41,Female,Quetta,Retired,43000,Current,1.1
USER_7111,32,Female,Multan,Housewife,10000,Salary,10.2
USER_7112,35,Female,Hyderabad,Retired,62000,Salary,9.3
USER_7113,64,Male,Faisalabad,Engineer,176000,Salary,13.7
USER_7114,53,Male,Faisalabad,Retired,85000,Current,9.7
USER_7115,24,Female,Karachi,Driver,49000,Current,2.1
USER_7116,21,Female,Rawalpindi,Housewife,25000,Savings,14.3
USER_7117,25,Female,Hyderabad,Business Owner,738000,Savings,3.7
USER_7118,32,Female,Hyderabad,Freelancer,127000,Salary,3.1
USER_7119,41,Male,Lahore,Doctor,332000,Current,4.3
USER_7120,42,Male,Multan,Shopkeeper,141000,Savings,2.7
USER_7121,32,Female,Lahore,Salaried Employee,128000,Current,9.1
USER_7122,43,Male,Islamabad,Freelancer,256000,Current,12
USER_7123,55,Female,Peshawar,Teacher,84000,Savings,8.6
USER_7124,54,Female,Lahore,Shopkeeper,141000,Salary,3.7
USER_7125,67,Female,Lahore,Doctor,219000,Current,3
USER_7126,34,Female,Peshawar,Housewife,20000,Current,1
USER_7127,34,Male,Multan,Salaried Employee,126000,Current,4.6
USER_7128,61,Male,Sialkot,Doctor,587000,Salary,4.6
USER_7129,34,Female,Sialkot,Housewife,5000,Salary,12.4
USER_7130,20,Female,Sialkot,Business Owner,659000,Current,2.5
USER_7131,30,Male,Peshawar,Government Employee,138000,Current,14
USER_7132,28,Female,Islamabad,Shopkeeper,189000,Savings,10.7
USER_7133,36,Male,Faisalabad,Doctor,337000,Current,0.5
USER_7134,45,Male,Rawalpindi,Engineer,170000,Current,2.7
USER_7135,39,Female,Lahore,Business Owner,357000,Savings,12.4
USER_7136,64,Male,Lahore,Government Employee,130000,Current,14.1
USER_7137,41,Female,Lahore,Student,29000,Salary,5.6
USER_7138,58,Female,Islamabad,Shopkeeper,169000,Savings,5.8
USER_7139,50,Male,Quetta,Teacher,102000,Salary,13.9
USER_7140,18,Female,Islamabad,Shopkeeper,99000,Savings,6.2
USER_7141,37,Male,Islamabad,Driver,50000,Savings,7.6
USER_7142,64,Male,Islamabad,Doctor,446000,Savings,7
USER_7143,27,Female,Islamabad,Shopkeeper,197000,Salary,6.7
USER_7144,45,Female,Quetta,Business Owner,280000,Salary,9.7
USER_7145,66,Female,Quetta,Shopkeeper,248000,Salary,7.1
USER_7146,55,Male,Sialkot,Teacher,78000,Salary,9.4
USER_7147,30,Female,Peshawar,Engineer,287000,Current,2.8
USER_7148,66,Female,Hyderabad,Business Owner,423000,Salary,12.3
USER_7149,61,Female,Rawalpindi,Doctor,540000,Current,13.5
USER_7150,50,Male,Islamabad,Student,16000,Savings,6.3
USER_7151,63,Male,Lahore,Shopkeeper,198000,Salary,0.7
USER_7152,37,Male,Rawalpindi,Business Owner,864000,Salary,3.7
USER_7153,24,Female,Lahore,Business Owner,166000,Savings,6.3
USER_7154,52,Male,Islamabad,Government Employee,115000,Savings,8.3
USER_7155,56,Male,Quetta,Business Owner,877000,Salary,13.8
USER_7156,41,Female,Lahore,Housewife,15000,Current,11.7
USER_7157,33,Female,Quetta,Housewife,15000,Current,4.1
USER_7158,38,Male,Karachi,Driver,42000,Current,0.7
USER_7159,29,Male,Hyderabad,Engineer,136000,Current,6.3
USER_7160,44,Male,Islamabad,Teacher,117000,Current,8.5
USER_7161,26,Female,Multan,Housewife,0,Current,14.4
USER_7162,68,Male,Multan,Student,24000,Savings,1.4
USER_7163,36,Male,Lahore,Engineer,246000,Salary,13.4
USER_7164,59,Male,Hyderabad,Salaried Employee,139000,Savings,1
USER_7165,48,Female,Islamabad,Doctor,478000,Current,6.6
USER_7166,21,Male,Hyderabad,Business Owner,247000,Current,8.6
USER_7167,28,Male,Faisalabad,Student,24000,Savings,7.3
USER_7168,21,Female,Lahore,Teacher,109000,Savings,8.9
USER_7169,57,Male,Sialkot,Salaried Employee,73000,Savings,5.4
USER_7170,60,Female,Islamabad,Doctor,221000,Current,0.6
USER_7171,59,Female,Peshawar,Teacher,94000,Current,13.4
USER_7172,57,Male,Lahore,Government Employee,82000,Current,3.8
USER_7173,39,Male,Islamabad,Freelancer,179000,Savings,2.5
USER_7174,60,Male,Multan,Teacher,62000,Savings,4.8
USER_7175,61,Male,Quetta,Driver,58000,Current,7.6
USER_7176,36,Male,Lahore,Business Owner,713000,Current,11.9
USER_7177,56,Female,Peshawar,Business Owner,205000,Savings,7.4
USER_7178,54,Male,Faisalabad,Doctor,314000,Current,6.5
USER_7179,51,Male,Peshawar,Engineer,214000,Salary,9.9
USER_7180,19,Female,Multan,Business Owner,406000,Salary,7.6
USER_7181,18,Female,Peshawar,Student,30000,Salary,1.3
USER_7182,25,Female,Islamabad,Housewife,0,Savings,11.6
USER_7183,63,Male,Faisalabad,Government Employee,87000,Savings,2.1
USER_7184,61,Female,Sialkot,Doctor,339000,Savings,2.2
USER_7185,37,Female,Karachi,Housewife,5000,Savings,5.2
USER_7186,45,Male,Islamabad,Doctor,229000,Salary,8.7
USER_7187,42,Female,Islamabad,Doctor,409000,Savings,3.9
USER_7188,24,Female,Karachi,Business Owner,314000,Savings,2
USER_7189,48,Female,Peshawar,Housewife,10000,Current,7.2
USER_7190,34,Female,Multan,Housewife,15000,Savings,8.5
USER_7191,63,Male,Karachi,Engineer,228000,Current,12.1
USER_7192,58,Female,Islamabad,Doctor,318000,Current,9.2
USER_7193,48,Female,Rawalpindi,Engineer,168000,Current,2.1
USER_7194,19,Male,Islamabad,Business Owner,971000,Current,7.4
USER_7195,21,Female,Hyderabad,Engineer,231000,Savings,2.9
USER_7196,28,Male,Multan,Shopkeeper,195000,Current,4.7
USER_7197,37,Male,Multan,Shopkeeper,102000,Current,5.4
USER_7198,26,Female,Sialkot,Freelancer,329000,Salary,12
USER_7199,28,Female,Lahore,Engineer,258000,Current,14.2
USER_7200,57,Male,Hyderabad,Retired,63000,Savings,7.4
USER_7201,38,Female,Lahore,Housewife,10000,Savings,11
USER_7202,28,Female,Quetta,Teacher,84000,Current,14.5
USER_7203,31,Male,Rawalpindi,Shopkeeper,99000,Salary,7.3
USER_7204,34,Male,Sialkot,Student,32000,Current,6.3
USER_7205,37,Female,Karachi,Business Owner,519000,Current,11.2
USER_7206,30,Female,Karachi,Housewife,0,Current,6.3
USER_7207,47,Female,Hyderabad,Housewife,5000,Salary,13.2
USER_7208,24,Male,Peshawar,Government Employee,130000,Savings,12.9
USER_7209,51,Male,Peshawar,Salaried Employee,74000,Savings,14.5
USER_7210,55,Female,Multan,Doctor,336000,Savings,0.9
USER_7211,22,Female,Faisalabad,Salaried Employee,122000,Salary,1.3
USER_7212,53,Female,Faisalabad,Housewife,0,Current,13.1
USER_7213,35,Male,Faisalabad,Driver,53000,Savings,12.6
USER_7214,48,Female,Faisalabad,Driver,43000,Current,2.6
USER_7215,27,Male,Rawalpindi,Student,31000,Current,13.5
USER_7216,26,Male,Lahore,Doctor,468000,Current,6.3
USER_7217,51,Female,Lahore,Driver,53000,Current,9.4
USER_7218,35,Female,Hyderabad,Engineer,158000,Savings,12.8
USER_7219,36,Female,Faisalabad,Engineer,169000,Savings,1.9
USER_7220,66,Female,Sialkot,Engineer,123000,Current,1
USER_7221,59,Female,Lahore,Housewife,5000,Current,14.7
USER_7222,24,Male,Faisalabad,Driver,44000,Salary,13.3
USER_7223,58,Male,Karachi,Shopkeeper,222000,Salary,12.8
USER_7224,58,Female,Quetta,Doctor,502000,Salary,11.4
USER_7225,65,Female,Karachi,Housewife,5000,Savings,4.5
USER_7226,61,Female,Faisalabad,Driver,39000,Current,4.9
USER_7227,33,Male,Faisalabad,Retired,59000,Current,14.8
USER_7228,56,Female,Rawalpindi,Doctor,598000,Salary,7.4
USER_7229,60,Female,Quetta,Engineer,161000,Current,12.6
USER_7230,60,Female,Multan,Student,18000,Savings,12
USER_7231,48,Male,Lahore,Retired,45000,Salary,5.2
USER_7232,53,Female,Faisalabad,Driver,31000,Salary,9.5
USER_7233,54,Male,Multan,Retired,76000,Savings,9.2
USER_7234,54,Female,Quetta,Housewife,10000,Current,11.1
USER_7235,43,Male,Hyderabad,Government Employee,157000,Salary,9.3
USER_7236,36,Male,Hyderabad,Driver,33000,Savings,9.2
USER_7237,20,Female,Islamabad,Retired,94000,Salary,9.9
USER_7238,19,Male,Hyderabad,Business Owner,988000,Savings,1.8
USER_7239,27,Male,Peshawar,Freelancer,244000,Salary,2.5
USER_7240,27,Male,Rawalpindi,Government Employee,71000,Savings,5.3
USER_7241,49,Male,Multan,Student,37000,Salary,10.8
USER_7242,51,Female,Hyderabad,Housewife,20000,Savings,10.5
USER_7243,25,Female,Lahore,Government Employee,97000,Savings,7.7
USER_7244,49,Male,Islamabad,Government Employee,101000,Salary,7.6
USER_7245,49,Female,Islamabad,Housewife,10000,Salary,2.7
USER_7246,34,Male,Karachi,Shopkeeper,236000,Savings,13.5
USER_7247,25,Female,Quetta,Shopkeeper,97000,Salary,10.8
USER_7248,27,Female,Karachi,Driver,41000,Salary,2.5
USER_7249,32,Male,Sialkot,Engineer,214000,Salary,12.8
USER_7250,53,Female,Peshawar,Freelancer,388000,Savings,6.2
USER_7251,68,Male,Peshawar,Government Employee,120000,Salary,5.5
USER_7252,32,Male,Hyderabad,Driver,56000,Savings,2.4
USER_7253,23,Female,Multan,Housewife,0,Salary,13.4
USER_7254,33,Female,Karachi,Housewife,0,Current,5.3
USER_7255,66,Male,Islamabad,Teacher,87000,Salary,4.5
USER_7256,67,Female,Lahore,Salaried Employee,98000,Savings,12.4
USER_7257,29,Male,Islamabad,Student,28000,Current,11.9
USER_7258,66,Female,Peshawar,Student,35000,Salary,8.8
USER_7259,55,Male,Rawalpindi,Shopkeeper,83000,Salary,14.6
USER_7260,46,Male,Peshawar,Freelancer,159000,Savings,3.8
USER_7261,45,Male,Islamabad,Doctor,541000,Savings,8
USER_7262,69,Female,Peshawar,Housewife,15000,Savings,9.6
USER_7263,46,Female,Faisalabad,Retired,62000,Salary,0.5
USER_7264,58,Female,Peshawar,Retired,60000,Salary,2.3
USER_7265,68,Male,Peshawar,Student,32000,Current,8.8
USER_7266,28,Female,Multan,Engineer,201000,Savings,6.9
USER_7267,18,Male,Multan,Government Employee,107000,Current,9.9
USER_7268,51,Male,Rawalpindi,Teacher,96000,Salary,2
USER_7269,67,Male,Quetta,Salaried Employee,144000,Salary,11.3
USER_7270,38,Male,Islamabad,Retired,67000,Current,7.5
USER_7271,66,Male,Multan,Business Owner,660000,Salary,5.6
USER_7272,22,Female,Hyderabad,Teacher,67000,Current,13.3
USER_7273,31,Male,Peshawar,Student,22000,Current,6.5
USER_7274,21,Female,Rawalpindi,Government Employee,72000,Savings,8.8
USER_7275,63,Female,Lahore,Housewife,15000,Current,11.3
USER_7276,56,Male,Peshawar,Government Employee,155000,Savings,12.7
USER_7277,61,Male,Rawalpindi,Shopkeeper,209000,Salary,1.6
USER_7278,18,Male,Peshawar,Freelancer,181000,Savings,6.5
USER_7279,55,Male,Karachi,Student,19000,Current,8
USER_7280,48,Male,Lahore,Doctor,296000,Current,7
USER_7281,37,Male,Faisalabad,Doctor,493000,Current,14
USER_7282,27,Female,Multan,Student,35000,Current,14.2
USER_7283,54,Male,Multan,Retired,59000,Current,12.2
USER_7284,57,Male,Islamabad,Student,37000,Current,14.8
USER_7285,64,Male,Sialkot,Engineer,245000,Salary,12.3
USER_7286,19,Male,Multan,Retired,72000,Savings,13.8
USER_7287,24,Female,Quetta,Retired,64000,Current,5.2
USER_7288,63,Female,Quetta,Housewife,25000,Current,4.8
USER_7289,20,Female,Faisalabad,Student,31000,Current,13.6
USER_7290,62,Female,Hyderabad,Shopkeeper,154000,Savings,8.7
USER_7291,21,Male,Hyderabad,Driver,46000,Current,9.2
USER_7292,61,Male,Karachi,Student,12000,Savings,13.3
USER_7293,23,Female,Karachi,Engineer,285000,Salary,1.3
USER_7294,48,Female,Sialkot,Housewife,10000,Current,14.3
USER_7295,37,Female,Karachi,Student,10000,Savings,13.4
USER_7296,19,Female,Hyderabad,Teacher,116000,Current,4.2
USER_7297,42,Male,Faisalabad,Retired,88000,Current,3
USER_7298,19,Female,Quetta,Freelancer,387000,Savings,13
USER_7299,45,Male,Multan,Shopkeeper,191000,Savings,1.7
USER_7300,51,Male,Peshawar,Freelancer,244000,Salary,1.6
USER_7301,25,Male,Lahore,Doctor,385000,Savings,10.4
USER_7302,21,Male,Multan,Freelancer,243000,Salary,0.8
USER_7303,24,Female,Karachi,Shopkeeper,99000,Current,4.2
USER_7304,45,Female,Peshawar,Shopkeeper,182000,Savings,12.4
USER_7305,58,Male,Rawalpindi,Salaried Employee,102000,Savings,9
USER_7306,48,Male,Islamabad,Engineer,201000,Current,1.9
USER_7307,34,Female,Faisalabad,Doctor,511000,Current,4.6
USER_7308,50,Male,Faisalabad,Driver,40000,Savings,14.2
USER_7309,32,Female,Quetta,Housewife,0,Savings,13
USER_7310,26,Female,Faisalabad,Shopkeeper,236000,Salary,2.8
USER_7311,47,Female,Sialkot,Housewife,10000,Current,14.6
USER_7312,37,Male,Karachi,Freelancer,232000,Current,5.4
USER_7313,34,Female,Rawalpindi,Freelancer,151000,Salary,11.4
USER_7314,65,Female,Quetta,Student,31000,Current,11.4
USER_7315,43,Female,Hyderabad,Teacher,116000,Salary,7.3
USER_7316,46,Male,Multan,Government Employee,96000,Savings,5.6
USER_7317,24,Female,Lahore,Doctor,266000,Salary,8.8
USER_7318,46,Female,Peshawar,Doctor,423000,Salary,14.3
USER_7319,62,Female,Sialkot,Housewife,5000,Current,2.9
USER_7320,26,Female,Sialkot,Driver,51000,Salary,3.6
USER_7321,45,Female,Karachi,Business Owner,982000,Current,6.6
USER_7322,38,Male,Karachi,Driver,42000,Salary,6.8
USER_7323,68,Female,Peshawar,Student,32000,Current,12.9
USER_7324,48,Female,Lahore,Teacher,62000,Current,12.2
USER_7325,21,Male,Multan,Retired,32000,Salary,1.7
USER_7326,36,Female,Sialkot,Teacher,62000,Salary,12.5
USER_7327,62,Female,Peshawar,Engineer,155000,Current,6.1
USER_7328,31,Female,Faisalabad,Teacher,109000,Salary,4.4
USER_7329,64,Female,Peshawar,Doctor,595000,Salary,6.4
USER_7330,70,Female,Faisalabad,Salaried Employee,70000,Salary,13.6
USER_7331,19,Female,Rawalpindi,Student,32000,Current,2.8
USER_7332,48,Male,Quetta,Driver,53000,Salary,11.7
USER_7333,42,Female,Quetta,Business Owner,672000,Savings,14.2
USER_7334,55,Female,Islamabad,Retired,86000,Current,0.8
USER_7335,45,Male,Islamabad,Shopkeeper,194000,Salary,13.2
USER_7336,52,Male,Sialkot,Teacher,73000,Salary,5.7
USER_7337,48,Female,Lahore,Doctor,386000,Savings,7.4
USER_7338,61,Female,Islamabad,Teacher,92000,Savings,6.6
USER_7339,54,Female,Sialkot,Housewife,20000,Savings,14.2
USER_7340,55,Female,Karachi,Driver,45000,Savings,5.5
USER_7341,40,Male,Lahore,Doctor,518000,Savings,5.6
USER_7342,48,Male,Peshawar,Freelancer,337000,Savings,3.5
USER_7343,60,Male,Karachi,Business Owner,216000,Savings,3.6
USER_7344,37,Male,Islamabad,Government Employee,161000,Current,4.8
USER_7345,45,Male,Faisalabad,Freelancer,218000,Savings,8.5
USER_7346,62,Female,Sialkot,Driver,42000,Salary,9.4
USER_7347,59,Male,Sialkot,Teacher,88000,Current,1.1
USER_7348,24,Male,Quetta,Shopkeeper,237000,Savings,4.3
USER_7349,55,Female,Lahore,Housewife,0,Savings,12.2
USER_7350,54,Male,Multan,Freelancer,272000,Current,10.4
USER_7351,55,Female,Islamabad,Government Employee,135000,Current,12.5
USER_7352,61,Male,Peshawar,Engineer,297000,Salary,13.3
USER_7353,28,Female,Hyderabad,Government Employee,122000,Salary,7.5
USER_7354,58,Female,Karachi,Retired,62000,Savings,12.3
USER_7355,29,Female,Peshawar,Salaried Employee,80000,Current,8.8
USER_7356,43,Male,Multan,Student,38000,Current,5.6
USER_7357,45,Female,Sialkot,Freelancer,146000,Current,13
USER_7358,58,Female,Quetta,Government Employee,151000,Current,2.6
USER_7359,63,Female,Peshawar,Freelancer,196000,Salary,7.9
USER_7360,51,Female,Sialkot,Housewife,0,Salary,14.5
USER_7361,28,Female,Peshawar,Teacher,93000,Salary,6.1
USER_7362,23,Male,Faisalabad,Student,25000,Current,10.7
USER_7363,56,Female,Sialkot,Doctor,364000,Savings,12.6
USER_7364,24,Female,Peshawar,Government Employee,70000,Salary,7.9
USER_7365,19,Female,Karachi,Teacher,65000,Salary,13.5
USER_7367,69,Female,Sialkot,Housewife,0,Salary,11.7
USER_7368,33,Male,Peshawar,Student,16000,Current,5.8
USER_7369,24,Female,Sialkot,Doctor,316000,Current,5.1
USER_7370,55,Male,Multan,Government Employee,178000,Savings,10.1
USER_7371,25,Female,Quetta,Teacher,84000,Current,6.9
USER_7372,23,Male,Peshawar,Student,33000,Savings,11
USER_7373,22,Female,Faisalabad,Freelancer,170000,Savings,13.6
USER_7374,41,Female,Karachi,Shopkeeper,141000,Savings,3.2
USER_7375,63,Female,Rawalpindi,Shopkeeper,136000,Savings,12.6
USER_7376,69,Male,Lahore,Student,13000,Salary,13.3
USER_7377,54,Male,Hyderabad,Salaried Employee,80000,Salary,9.4
USER_7378,28,Female,Karachi,Student,24000,Savings,3.5
USER_7379,39,Female,Sialkot,Doctor,411000,Savings,3
USER_7380,38,Male,Faisalabad,Government Employee,105000,Salary,11
USER_7381,48,Male,Lahore,Business Owner,896000,Savings,14.9
USER_7382,37,Female,Karachi,Housewife,15000,Salary,4
USER_7383,63,Male,Sialkot,Engineer,280000,Salary,6.4
USER_7384,48,Female,Sialkot,Government Employee,165000,Salary,13
USER_7385,49,Female,Hyderabad,Student,38000,Current,4.2
USER_7386,39,Female,Islamabad,Engineer,244000,Current,0.6
USER_7387,28,Male,Faisalabad,Doctor,337000,Savings,6.1
USER_7388,60,Female,Lahore,Retired,94000,Current,12.9
USER_7389,65,Male,Peshawar,Shopkeeper,109000,Savings,4.9
USER_7390,70,Male,Hyderabad,Student,22000,Salary,0.8
USER_7391,54,Female,Multan,Engineer,248000,Savings,8.6
USER_7392,49,Female,Multan,Student,19000,Current,11.1
USER_7393,37,Female,Islamabad,Freelancer,207000,Savings,11.4
USER_7394,68,Male,Quetta,Business Owner,214000,Salary,5.5
USER_7395,22,Female,Lahore,Government Employee,117000,Salary,7.9
USER_7396,67,Male,Hyderabad,Business Owner,414000,Salary,14.2
USER_7397,20,Female,Islamabad,Teacher,64000,Current,11
USER_7398,50,Male,Faisalabad,Salaried Employee,71000,Current,14.6
USER_7399,52,Male,Peshawar,Driver,30000,Savings,6.7
USER_7400,34,Male,Hyderabad,Engineer,271000,Current,2.7
USER_7401,56,Female,Hyderabad,Doctor,587000,Savings,10.4
USER_7402,34,Female,Peshawar,Housewife,15000,Savings,0.9
USER_7403,45,Male,Lahore,Retired,90000,Current,11.5
USER_7404,63,Male,Karachi,Shopkeeper,204000,Salary,4.1
USER_7405,36,Female,Multan,Shopkeeper,195000,Savings,8.2
USER_7406,48,Female,Karachi,Doctor,424000,Current,2.4
USER_7407,56,Male,Islamabad,Business Owner,947000,Savings,4.8
USER_7408,34,Male,Karachi,Driver,49000,Savings,2.1
USER_7409,46,Male,Multan,Freelancer,324000,Salary,3.7
USER_7410,47,Female,Karachi,Business Owner,861000,Salary,2
USER_7411,67,Male,Multan,Freelancer,376000,Current,12.2
USER_7412,47,Female,Sialkot,Retired,100000,Salary,0.9
USER_7413,60,Male,Multan,Doctor,268000,Savings,8.2
USER_7414,24,Male,Quetta,Business Owner,190000,Savings,5.7
USER_7415,20,Male,Hyderabad,Driver,36000,Salary,1.2
USER_7416,43,Male,Peshawar,Student,17000,Current,13.9
USER_7417,40,Female,Multan,Housewife,20000,Current,13.5
USER_7418,45,Female,Islamabad,Freelancer,283000,Current,8.4
USER_7419,65,Male,Hyderabad,Student,14000,Current,4
USER_7420,50,Female,Rawalpindi,Salaried Employee,78000,Salary,2.6
USER_7421,35,Female,Karachi,Business Owner,171000,Current,9.4
USER_7422,57,Female,Quetta,Shopkeeper,134000,Salary,13
USER_7423,24,Female,Faisalabad,Housewife,0,Savings,9.8
USER_7424,42,Female,Quetta,Teacher,94000,Current,14.9
USER_7425,63,Male,Karachi,Student,19000,Current,1.4
USER_7426,69,Female,Hyderabad,Student,33000,Salary,9.3
USER_7427,49,Male,Hyderabad,Teacher,97000,Salary,4.1
USER_7428,57,Male,Faisalabad,Teacher,91000,Salary,14.7
USER_7429,38,Male,Karachi,Teacher,91000,Savings,2.3
USER_7430,51,Male,Islamabad,Shopkeeper,192000,Current,5.8
USER_7431,18,Male,Multan,Driver,56000,Savings,13.5
USER_7432,57,Female,Peshawar,Engineer,198000,Current,3.5
USER_7433,50,Male,Quetta,Teacher,72000,Current,5
USER_7434,28,Male,Quetta,Engineer,121000,Current,2.9
USER_7435,32,Male,Karachi,Engineer,157000,Salary,5.7
USER_7436,41,Male,Lahore,Government Employee,103000,Savings,4.2
USER_7437,23,Female,Quetta,Business Owner,647000,Salary,11.5
USER_7438,18,Female,Lahore,Government Employee,173000,Salary,11.3
USER_7439,51,Female,Lahore,Business Owner,176000,Current,11.4
USER_7440,24,Male,Karachi,Retired,30000,Current,4.2
USER_7441,35,Female,Lahore,Engineer,232000,Salary,9.3
USER_7442,31,Male,Peshawar,Doctor,567000,Salary,2.6
USER_7443,53,Female,Peshawar,Government Employee,127000,Current,12.6
USER_7444,20,Male,Multan,Salaried Employee,97000,Salary,1.2
USER_7445,41,Female,Rawalpindi,Doctor,224000,Current,1.7
USER_7446,70,Male,Rawalpindi,Shopkeeper,134000,Salary,12.8
USER_7447,23,Male,Multan,Business Owner,223000,Salary,3.7
USER_7448,42,Female,Rawalpindi,Doctor,356000,Savings,14.5
USER_7449,61,Male,Lahore,Driver,40000,Salary,14.5
USER_7450,56,Female,Multan,Doctor,489000,Savings,5.8
USER_7451,55,Female,Lahore,Teacher,85000,Salary,3.9
USER_7452,24,Female,Sialkot,Business Owner,757000,Current,13.2
USER_7453,33,Male,Islamabad,Government Employee,61000,Current,2.8
USER_7454,33,Male,Quetta,Business Owner,812000,Savings,2
USER_7455,42,Male,Islamabad,Engineer,127000,Salary,11
USER_7456,27,Female,Karachi,Teacher,60000,Savings,11.8
USER_7457,67,Female,Hyderabad,Doctor,470000,Current,7.3
USER_7458,59,Male,Hyderabad,Student,34000,Savings,7.2
USER_7459,64,Female,Hyderabad,Government Employee,114000,Salary,0.9
USER_7460,49,Male,Quetta,Student,38000,Salary,11.7
USER_7461,30,Male,Karachi,Freelancer,311000,Savings,1.9
USER_7462,52,Male,Faisalabad,Shopkeeper,211000,Savings,9.6
USER_7463,41,Male,Quetta,Retired,82000,Savings,2
USER_7464,50,Female,Rawalpindi,Doctor,441000,Salary,14.1
USER_7465,29,Male,Hyderabad,Business Owner,752000,Current,0.7
USER_7466,67,Female,Quetta,Driver,60000,Salary,1.4
USER_7467,49,Male,Faisalabad,Retired,51000,Current,3
USER_7468,35,Female,Multan,Business Owner,174000,Current,8.4
USER_7469,61,Female,Sialkot,Salaried Employee,91000,Salary,4.6
USER_7470,57,Female,Sialkot,Shopkeeper,82000,Savings,2.3
USER_7471,21,Male,Faisalabad,Business Owner,910000,Savings,9.5
USER_7472,64,Female,Faisalabad,Business Owner,628000,Salary,8.8
USER_7473,52,Male,Rawalpindi,Teacher,87000,Current,8.3
USER_7474,47,Male,Hyderabad,Student,16000,Savings,3.6
USER_7475,50,Male,Hyderabad,Retired,85000,Salary,11
USER_7476,21,Female,Sialkot,Freelancer,320000,Salary,10.4
USER_7477,58,Male,Quetta,Shopkeeper,226000,Savings,12.7
USER_7478,46,Male,Multan,Retired,62000,Current,2.1
USER_7479,65,Female,Karachi,Teacher,119000,Savings,5.3
USER_7480,49,Male,Rawalpindi,Driver,54000,Current,3.4
USER_7481,36,Male,Lahore,Shopkeeper,169000,Current,14.7
USER_7482,48,Female,Faisalabad,Government Employee,86000,Savings,7.7
USER_7483,28,Female,Rawalpindi,Retired,35000,Current,9.9
USER_7484,48,Female,Hyderabad,Salaried Employee,74000,Salary,5
USER_7485,46,Female,Hyderabad,Teacher,119000,Savings,11.6
USER_7486,46,Female,Faisalabad,Doctor,402000,Savings,2.2
USER_7487,62,Female,Quetta,Driver,40000,Current,5.5
USER_7488,38,Female,Faisalabad,Salaried Employee,104000,Current,8.7
USER_7489,43,Female,Islamabad,Freelancer,164000,Salary,9.3
USER_7490,28,Male,Hyderabad,Shopkeeper,241000,Current,1.1
USER_7491,19,Male,Multan,Teacher,67000,Savings,8
USER_7492,63,Male,Quetta,Doctor,552000,Salary,8.1
USER_7493,57,Male,Rawalpindi,Business Owner,849000,Salary,8.1
USER_7494,27,Female,Faisalabad,Doctor,540000,Salary,11.2
USER_7495,54,Female,Hyderabad,Housewife,0,Savings,5.7
USER_7496,49,Female,Quetta,Student,28000,Current,3.4
USER_7497,23,Female,Sialkot,Salaried Employee,124000,Savings,7.5
USER_7498,41,Male,Hyderabad,Student,12000,Salary,1.6
USER_7499,44,Female,Hyderabad,Driver,57000,Savings,9
USER_7500,22,Female,Sialkot,Student,29000,Savings,0.6
USER_7501,24,Female,Hyderabad,Engineer,295000,Salary,13.2
USER_7502,39,Female,Rawalpindi,Student,12000,Savings,7.4
USER_7503,35,Female,Islamabad,Driver,54000,Current,11
USER_7504,62,Male,Karachi,Driver,40000,Savings,12.4
USER_7505,39,Female,Rawalpindi,Student,26000,Savings,2.8
USER_7506,43,Female,Hyderabad,Freelancer,126000,Savings,11.4
USER_7507,58,Female,Lahore,Housewife,25000,Savings,3.6
USER_7508,18,Male,Multan,Student,11000,Current,4.4
USER_7509,47,Female,Faisalabad,Government Employee,101000,Salary,9.9
USER_7510,44,Female,Islamabad,Doctor,553000,Salary,13.8
USER_7511,38,Male,Faisalabad,Shopkeeper,209000,Salary,12.8
USER_7512,23,Female,Karachi,Salaried Employee,137000,Current,10.7
USER_7513,30,Female,Multan,Engineer,277000,Salary,13.6
USER_7514,38,Male,Karachi,Teacher,107000,Savings,10.3
USER_7515,28,Male,Rawalpindi,Student,36000,Savings,6.3
USER_7516,64,Male,Karachi,Driver,38000,Salary,14.5
USER_7517,56,Female,Peshawar,Retired,67000,Current,9.8
USER_7518,32,Male,Islamabad,Freelancer,232000,Current,10.3
USER_7519,45,Female,Faisalabad,Retired,37000,Current,15
USER_7520,47,Male,Faisalabad,Driver,51000,Current,10.9
USER_7521,48,Male,Quetta,Government Employee,147000,Current,2
USER_7522,44,Female,Lahore,Student,11000,Salary,8.8
USER_7523,36,Female,Islamabad,Freelancer,336000,Savings,8.9
USER_7524,22,Female,Faisalabad,Salaried Employee,86000,Savings,7.8
USER_7525,40,Female,Sialkot,Shopkeeper,93000,Savings,4.6
USER_7527,22,Male,Multan,Driver,42000,Current,8.7
USER_7528,23,Female,Quetta,Retired,64000,Savings,4.3
USER_7529,42,Female,Lahore,Driver,35000,Savings,4.7
USER_7530,35,Male,Peshawar,Retired,34000,Salary,11.7
USER_7531,59,Male,Lahore,Retired,61000,Salary,5.3
USER_7532,36,Male,Multan,Shopkeeper,222000,Salary,11.9
USER_7533,38,Male,Peshawar,Government Employee,151000,Salary,12.6
USER_7534,51,Male,Lahore,Driver,33000,Savings,3.1
USER_7535,58,Male,Lahore,Driver,47000,Savings,5.1
USER_7536,67,Female,Quetta,Business Owner,762000,Savings,11.6
USER_7537,47,Male,Peshawar,Student,22000,Savings,6.9
USER_7538,41,Male,Hyderabad,Salaried Employee,120000,Salary,3.7
USER_7539,43,Male,Faisalabad,Retired,56000,Savings,6.7
USER_7540,27,Male,Peshawar,Freelancer,345000,Savings,4.2
USER_7541,20,Female,Quetta,Freelancer,197000,Current,9.3
USER_7542,49,Female,Multan,Salaried Employee,95000,Salary,9
USER_7543,30,Female,Sialkot,Housewife,10000,Current,4.5
USER_7544,61,Male,Quetta,Engineer,239000,Salary,13.4
USER_7545,51,Male,Hyderabad,Salaried Employee,149000,Savings,2
USER_7546,24,Female,Sialkot,Retired,71000,Savings,7.5
USER_7547,46,Female,Lahore,Engineer,289000,Current,11.2
USER_7548,31,Male,Peshawar,Freelancer,189000,Savings,12
USER_7549,59,Female,Peshawar,Engineer,220000,Savings,9.4
USER_7550,65,Male,Peshawar,Doctor,389000,Salary,1.2
USER_7551,69,Male,Karachi,Student,16000,Current,8.2
USER_7552,60,Female,Quetta,Driver,60000,Current,1.3
USER_7553,40,Male,Islamabad,Engineer,180000,Salary,13.5
USER_7554,59,Female,Rawalpindi,Housewife,0,Current,13.6
USER_7555,42,Male,Islamabad,Retired,91000,Salary,8.8
USER_7556,28,Female,Faisalabad,Driver,58000,Current,11.7
USER_7557,43,Female,Multan,Government Employee,72000,Savings,11.3
USER_7558,28,Female,Rawalpindi,Business Owner,666000,Savings,13
USER_7559,46,Female,Peshawar,Freelancer,171000,Salary,1.9
USER_7560,37,Female,Sialkot,Teacher,113000,Savings,9.1
USER_7561,42,Female,Multan,Driver,49000,Salary,6.1
USER_7562,34,Male,Quetta,Teacher,60000,Salary,14.2
USER_7563,27,Female,Peshawar,Driver,32000,Current,7
USER_7564,60,Female,Quetta,Engineer,121000,Salary,6.9
USER_7565,61,Male,Quetta,Salaried Employee,116000,Savings,9.9
USER_7566,68,Female,Rawalpindi,Housewife,20000,Current,2.4
USER_7567,48,Female,Sialkot,Housewife,10000,Current,12.5
USER_7568,44,Female,Lahore,Freelancer,284000,Current,11.1
USER_7569,42,Male,Lahore,Retired,74000,Savings,10.9
USER_7570,35,Male,Lahore,Student,16000,Current,10
USER_7571,47,Female,Faisalabad,Shopkeeper,177000,Current,12.7
USER_7572,41,Female,Rawalpindi,Retired,48000,Salary,9.8
USER_7573,37,Male,Karachi,Engineer,121000,Current,8
USER_7574,19,Male,Rawalpindi,Government Employee,67000,Salary,11.9
USER_7575,66,Male,Lahore,Teacher,106000,Current,9.7
USER_7576,24,Female,Multan,Government Employee,171000,Current,3.7
USER_7577,38,Male,Faisalabad,Salaried Employee,141000,Salary,0.5
USER_7578,63,Male,Hyderabad,Salaried Employee,146000,Savings,1.4
USER_7579,69,Female,Lahore,Engineer,135000,Current,2.1
USER_7580,45,Female,Lahore,Doctor,517000,Savings,3.7
USER_7581,21,Female,Sialkot,Student,19000,Savings,2.2
USER_7582,54,Female,Peshawar,Freelancer,296000,Salary,3.4
USER_7583,54,Female,Hyderabad,Shopkeeper,88000,Salary,14
USER_7584,61,Male,Quetta,Shopkeeper,151000,Salary,6.6
USER_7585,27,Male,Sialkot,Business Owner,380000,Savings,7.9
USER_7586,52,Female,Peshawar,Shopkeeper,228000,Salary,7.9
USER_7587,27,Female,Rawalpindi,Shopkeeper,171000,Salary,6.3
USER_7588,65,Female,Quetta,Driver,44000,Savings,7
USER_7589,50,Male,Rawalpindi,Student,39000,Savings,8.8
USER_7590,22,Female,Faisalabad,Shopkeeper,167000,Salary,14.8
USER_7591,25,Male,Rawalpindi,Doctor,437000,Savings,11
USER_7592,22,Female,Hyderabad,Shopkeeper,217000,Savings,4.5
USER_7593,28,Male,Faisalabad,Doctor,362000,Salary,9.8
USER_7594,59,Female,Peshawar,Housewife,20000,Current,1.3
USER_7595,60,Male,Rawalpindi,Driver,33000,Current,13.6
USER_7596,58,Male,Peshawar,Business Owner,240000,Savings,2.2
USER_7597,57,Female,Multan,Housewife,0,Salary,4
USER_7598,69,Male,Karachi,Teacher,119000,Current,9.1
USER_7599,45,Female,Faisalabad,Freelancer,207000,Savings,11.7
USER_7600,69,Female,Multan,Housewife,5000,Salary,4.2
USER_7601,49,Male,Lahore,Freelancer,154000,Current,11.9
USER_7602,56,Male,Karachi,Freelancer,332000,Current,14.4
USER_7603,58,Female,Quetta,Housewife,10000,Current,13
USER_7604,58,Female,Hyderabad,Housewife,0,Current,11.5
USER_7605,27,Female,Islamabad,Student,23000,Current,1.2
USER_7606,39,Female,Quetta,Salaried Employee,107000,Salary,0.7
USER_7607,59,Female,Peshawar,Retired,72000,Salary,7.5
USER_7608,18,Male,Rawalpindi,Student,16000,Savings,5.8
USER_7609,68,Female,Lahore,Shopkeeper,171000,Salary,8.6
USER_7610,29,Male,Faisalabad,Freelancer,229000,Salary,14
USER_7611,34,Male,Sialkot,Teacher,99000,Current,13
USER_7612,29,Female,Lahore,Freelancer,370000,Savings,1.7
USER_7613,69,Female,Rawalpindi,Government Employee,94000,Salary,12.6
USER_7614,46,Female,Peshawar,Student,27000,Current,8.9
USER_7615,28,Female,Quetta,Salaried Employee,101000,Salary,10.1
USER_7616,65,Female,Faisalabad,Government Employee,151000,Current,4.2
USER_7617,23,Male,Quetta,Driver,30000,Savings,2.3
USER_7618,39,Female,Hyderabad,Freelancer,215000,Savings,10.2
USER_7619,24,Male,Sialkot,Business Owner,950000,Current,14.7
USER_7620,28,Male,Peshawar,Engineer,124000,Salary,11.5
USER_7621,49,Male,Lahore,Shopkeeper,164000,Savings,12.3
USER_7622,61,Male,Islamabad,Teacher,75000,Current,10.6
USER_7623,65,Male,Sialkot,Engineer,246000,Salary,13.3
USER_7624,45,Male,Quetta,Student,26000,Savings,13.4
USER_7625,19,Male,Hyderabad,Retired,64000,Salary,5.2
USER_7626,64,Male,Faisalabad,Business Owner,329000,Salary,13.4
USER_7627,48,Male,Quetta,Doctor,298000,Current,11.2
USER_7628,46,Male,Sialkot,Government Employee,174000,Salary,11.4
USER_7629,67,Female,Islamabad,Driver,51000,Current,13.1
USER_7630,64,Male,Hyderabad,Student,27000,Savings,5.8
USER_7631,26,Male,Hyderabad,Salaried Employee,97000,Salary,10.1
USER_7632,47,Female,Karachi,Housewife,0,Current,3.4
USER_7633,58,Female,Karachi,Government Employee,170000,Current,11.6
USER_7634,46,Female,Multan,Doctor,566000,Salary,7.9
USER_7635,44,Female,Peshawar,Housewife,5000,Current,14.8
USER_7636,52,Female,Karachi,Business Owner,183000,Salary,14.6
USER_7637,33,Male,Quetta,Freelancer,359000,Salary,14.9
USER_7638,63,Male,Rawalpindi,Driver,58000,Salary,6.2
USER_7639,46,Female,Rawalpindi,Driver,46000,Current,4.4
USER_7640,39,Male,Islamabad,Driver,41000,Current,2.7
USER_7641,27,Male,Quetta,Driver,37000,Current,11.7
USER_7642,61,Female,Islamabad,Freelancer,367000,Salary,11.1
USER_7643,31,Female,Peshawar,Housewife,20000,Savings,13.8
USER_7644,54,Male,Sialkot,Freelancer,208000,Current,1.6
USER_7645,60,Male,Quetta,Retired,50000,Salary,2.5
USER_7646,27,Female,Karachi,Teacher,105000,Savings,7.5
USER_7647,62,Female,Lahore,Student,18000,Current,9.9
USER_7648,18,Female,Hyderabad,Freelancer,245000,Salary,14.3
USER_7649,29,Female,Karachi,Driver,49000,Current,9.4
USER_7651,26,Male,Multan,Salaried Employee,142000,Salary,8.4
USER_7652,61,Male,Quetta,Business Owner,947000,Salary,14.1
USER_7653,51,Male,Lahore,Student,25000,Savings,4.6
USER_7654,29,Male,Hyderabad,Student,18000,Current,7.9
USER_7655,59,Female,Quetta,Driver,47000,Current,4.3
USER_7656,31,Female,Islamabad,Housewife,5000,Savings,6.8
USER_7657,63,Female,Peshawar,Doctor,311000,Salary,11.8
USER_7658,67,Female,Sialkot,Housewife,0,Current,3.9
USER_7659,62,Male,Karachi,Freelancer,316000,Salary,14.5
USER_7660,67,Female,Quetta,Retired,64000,Savings,2.2
USER_7661,53,Male,Lahore,Business Owner,933000,Current,4.5
USER_7662,56,Female,Rawalpindi,Housewife,0,Savings,14.5
USER_7663,57,Female,Faisalabad,Doctor,204000,Savings,1.3
USER_7664,31,Female,Islamabad,Housewife,25000,Salary,2.1
USER_7665,37,Male,Rawalpindi,Salaried Employee,135000,Current,8.1
USER_7666,23,Male,Quetta,Engineer,280000,Savings,0.9
USER_7667,19,Female,Lahore,Doctor,380000,Savings,13
USER_7668,43,Male,Quetta,Freelancer,124000,Savings,8.8
USER_7669,24,Female,Karachi,Housewife,25000,Salary,10.1
USER_7670,66,Female,Lahore,Government Employee,112000,Salary,3
USER_7671,52,Male,Lahore,Government Employee,147000,Current,14.3
USER_7672,19,Male,Sialkot,Teacher,60000,Savings,13.1
USER_7673,42,Female,Lahore,Retired,61000,Current,1
USER_7674,49,Male,Peshawar,Salaried Employee,75000,Salary,11.3
USER_7675,21,Male,Hyderabad,Retired,57000,Salary,10.4
USER_7676,32,Male,Rawalpindi,Engineer,127000,Savings,14.3
USER_7677,29,Female,Islamabad,Engineer,138000,Savings,5
USER_7678,35,Female,Lahore,Shopkeeper,144000,Savings,13.2
USER_7679,60,Female,Multan,Housewife,5000,Savings,10
USER_7680,55,Female,Peshawar,Government Employee,67000,Salary,12.6
USER_7681,36,Male,Peshawar,Teacher,66000,Salary,12.7
USER_7682,54,Female,Hyderabad,Engineer,183000,Savings,8.7
USER_7683,68,Female,Rawalpindi,Driver,47000,Current,7.5
USER_7684,32,Male,Sialkot,Engineer,252000,Savings,10.7
USER_7685,68,Female,Lahore,Doctor,274000,Salary,6
USER_7686,20,Male,Faisalabad,Doctor,472000,Savings,9.9
USER_7687,43,Female,Karachi,Student,17000,Salary,4.2
USER_7688,41,Female,Quetta,Retired,68000,Current,13
USER_7689,59,Female,Karachi,Housewife,0,Salary,13.8
USER_7690,26,Male,Islamabad,Student,13000,Current,14.7
USER_7691,56,Male,Hyderabad,Retired,32000,Salary,2.1
USER_7692,67,Female,Karachi,Shopkeeper,170000,Savings,13.8
USER_7693,55,Male,Hyderabad,Shopkeeper,204000,Salary,5.6
USER_7694,35,Female,Lahore,Doctor,539000,Savings,10.1
USER_7695,58,Female,Rawalpindi,Retired,87000,Current,6.7
USER_7696,58,Female,Islamabad,Student,15000,Savings,4.2
USER_7697,49,Male,Karachi,Government Employee,110000,Salary,5.4
USER_7698,49,Female,Faisalabad,Housewife,10000,Current,11.9
USER_7699,63,Female,Lahore,Driver,60000,Salary,14.1
USER_7700,39,Male,Lahore,Teacher,84000,Salary,5.8
USER_7701,53,Male,Karachi,Salaried Employee,72000,Current,10.9
USER_7702,37,Female,Rawalpindi,Engineer,231000,Current,2.5
USER_7703,62,Male,Sialkot,Teacher,73000,Current,9.6
USER_7704,68,Male,Sialkot,Business Owner,317000,Current,5.2
USER_7705,51,Male,Faisalabad,Retired,86000,Salary,4.8
USER_7706,27,Male,Hyderabad,Student,24000,Current,2.1
USER_7707,68,Female,Karachi,Salaried Employee,93000,Current,3
USER_7708,30,Male,Rawalpindi,Teacher,109000,Savings,7
USER_7709,29,Male,Sialkot,Engineer,198000,Savings,7.6
USER_7710,61,Male,Lahore,Doctor,330000,Current,9.4
USER_7711,67,Female,Quetta,Salaried Employee,143000,Savings,7
USER_7712,31,Male,Sialkot,Retired,83000,Salary,9.6
USER_7713,19,Male,Sialkot,Doctor,542000,Salary,14.6
USER_7714,24,Male,Karachi,Doctor,349000,Current,4.5
USER_7715,48,Female,Faisalabad,Shopkeeper,225000,Current,6
USER_7716,21,Female,Multan,Student,34000,Salary,1.6
USER_7717,33,Male,Multan,Shopkeeper,84000,Salary,8.9
USER_7718,50,Female,Lahore,Student,15000,Salary,5.5
USER_7719,66,Male,Faisalabad,Government Employee,129000,Salary,12.9
USER_7720,61,Female,Islamabad,Student,18000,Savings,14.1
USER_7721,64,Female,Multan,Freelancer,132000,Salary,11.6
USER_7722,54,Male,Multan,Salaried Employee,139000,Savings,12.2
USER_7723,39,Male,Karachi,Doctor,456000,Savings,13.4
USER_7724,60,Male,Karachi,Government Employee,134000,Salary,4.7
USER_7725,65,Female,Peshawar,Shopkeeper,185000,Salary,2.6
USER_7726,22,Male,Karachi,Engineer,123000,Current,13.3
USER_7727,47,Male,Sialkot,Engineer,247000,Current,14.6
USER_7728,40,Female,Karachi,Doctor,510000,Savings,13.4
USER_7729,50,Female,Hyderabad,Shopkeeper,134000,Salary,9.8
USER_7730,25,Female,Multan,Doctor,460000,Current,9.3
USER_7731,47,Male,Sialkot,Doctor,294000,Salary,6.4
USER_7732,63,Female,Rawalpindi,Salaried Employee,105000,Savings,7.6
USER_7733,30,Male,Sialkot,Driver,31000,Current,6.4
USER_7734,61,Female,Faisalabad,Housewife,5000,Current,3.3
USER_7735,43,Male,Islamabad,Freelancer,336000,Current,6.1
USER_7736,53,Male,Hyderabad,Student,22000,Salary,9.6
USER_7737,24,Female,Karachi,Salaried Employee,105000,Savings,13.1
USER_7738,65,Male,Peshawar,Teacher,108000,Salary,3.6
USER_7739,52,Male,Lahore,Government Employee,70000,Salary,14.9
USER_7740,36,Male,Rawalpindi,Engineer,297000,Current,10.9
USER_7741,65,Female,Hyderabad,Housewife,0,Savings,11.2
USER_7742,47,Female,Islamabad,Student,25000,Savings,4.2
USER_7743,48,Male,Multan,Teacher,68000,Current,12.5
USER_7744,40,Female,Faisalabad,Shopkeeper,131000,Savings,10
USER_7745,50,Female,Sialkot,Salaried Employee,123000,Current,3.9
USER_7746,64,Male,Karachi,Business Owner,829000,Salary,13.4
USER_7747,32,Female,Karachi,Housewife,10000,Salary,10.2
USER_7748,50,Male,Hyderabad,Engineer,234000,Savings,8
USER_7749,61,Female,Lahore,Business Owner,867000,Salary,1
USER_7750,26,Female,Faisalabad,Doctor,575000,Savings,8.6
USER_7751,45,Male,Peshawar,Government Employee,94000,Salary,6
USER_7752,47,Male,Hyderabad,Government Employee,70000,Current,8.7
USER_7753,23,Male,Rawalpindi,Shopkeeper,115000,Savings,9
USER_7754,51,Male,Faisalabad,Engineer,122000,Salary,3.8
USER_7755,51,Male,Faisalabad,Freelancer,129000,Salary,1.7
USER_7756,49,Female,Faisalabad,Freelancer,167000,Salary,7.4
USER_7757,62,Female,Quetta,Housewife,5000,Savings,13.9
USER_7758,59,Male,Islamabad,Driver,46000,Salary,11.8
USER_7759,53,Male,Multan,Engineer,174000,Salary,8.9
USER_7760,62,Male,Karachi,Salaried Employee,82000,Savings,6.3
USER_7761,44,Male,Rawalpindi,Government Employee,126000,Current,1.6
USER_7762,48,Female,Hyderabad,Student,15000,Salary,7.7
USER_7763,18,Female,Islamabad,Doctor,562000,Salary,4.1
USER_7764,22,Male,Multan,Retired,34000,Savings,9
USER_7765,48,Male,Islamabad,Business Owner,686000,Salary,4
USER_7766,58,Male,Sialkot,Driver,48000,Current,13.6
USER_7767,32,Male,Quetta,Salaried Employee,94000,Current,9.9
USER_7768,24,Female,Hyderabad,Freelancer,253000,Savings,9.1
USER_7769,70,Female,Sialkot,Business Owner,915000,Savings,4
USER_7770,20,Female,Islamabad,Driver,40000,Salary,6.5
USER_7771,23,Female,Hyderabad,Driver,57000,Savings,3.9
USER_7772,70,Female,Peshawar,Business Owner,181000,Savings,10.3
USER_7773,42,Female,Karachi,Housewife,10000,Salary,14.8
USER_7774,53,Male,Faisalabad,Teacher,89000,Savings,14.9
USER_7775,20,Male,Hyderabad,Salaried Employee,107000,Salary,7
USER_7776,39,Female,Islamabad,Government Employee,167000,Current,8.4
USER_7777,45,Male,Peshawar,Government Employee,165000,Savings,12.1
USER_7778,44,Male,Hyderabad,Government Employee,140000,Salary,10.5
USER_7779,22,Male,Hyderabad,Business Owner,747000,Salary,1.2
USER_7780,67,Female,Faisalabad,Housewife,20000,Salary,8.5
USER_7781,32,Female,Hyderabad,Retired,62000,Salary,4.1
USER_7782,41,Female,Lahore,Business Owner,436000,Current,3.7
USER_7783,46,Female,Peshawar,Business Owner,530000,Salary,2.5
USER_7784,35,Female,Quetta,Government Employee,114000,Savings,8.3
USER_7785,69,Male,Peshawar,Teacher,80000,Salary,13.2
USER_7786,30,Female,Karachi,Teacher,69000,Current,4.4
USER_7787,29,Female,Hyderabad,Shopkeeper,248000,Savings,2.8
USER_7788,69,Male,Sialkot,Engineer,274000,Salary,8.4
USER_7789,43,Male,Karachi,Government Employee,117000,Salary,6.5
USER_7790,55,Female,Karachi,Government Employee,169000,Salary,14.9
USER_7791,19,Female,Rawalpindi,Shopkeeper,147000,Savings,9.6
USER_7792,57,Male,Quetta,Retired,79000,Current,5.1
USER_7793,18,Female,Lahore,Freelancer,381000,Current,13.8
USER_7794,49,Male,Sialkot,Government Employee,149000,Savings,3.9
USER_7795,37,Male,Islamabad,Driver,45000,Current,9
USER_7796,40,Male,Lahore,Doctor,396000,Current,5.8
USER_7797,48,Female,Quetta,Doctor,311000,Salary,2.7
USER_7798,18,Female,Karachi,Engineer,223000,Savings,13.1
USER_7799,38,Female,Rawalpindi,Business Owner,902000,Salary,11.6
USER_7800,25,Male,Sialkot,Doctor,203000,Savings,11.3
USER_7801,70,Male,Hyderabad,Driver,58000,Savings,10.1
USER_7802,23,Female,Hyderabad,Doctor,211000,Salary,2.9
USER_7803,62,Female,Hyderabad,Freelancer,313000,Salary,9.1
USER_7804,23,Female,Rawalpindi,Government Employee,160000,Salary,13.5
USER_7805,57,Female,Multan,Shopkeeper,167000,Current,4.3
USER_7806,42,Male,Faisalabad,Salaried Employee,125000,Savings,5.9
USER_7807,51,Male,Faisalabad,Freelancer,379000,Current,9
USER_7808,64,Male,Quetta,Retired,45000,Salary,7.3
USER_7809,51,Female,Faisalabad,Housewife,10000,Salary,0.8
USER_7810,32,Female,Quetta,Shopkeeper,148000,Current,2
USER_7811,42,Male,Sialkot,Government Employee,174000,Current,9.4
USER_7812,28,Male,Karachi,Freelancer,223000,Current,3.6
USER_7813,61,Male,Lahore,Government Employee,96000,Salary,5.2
USER_7814,56,Male,Karachi,Shopkeeper,129000,Current,6.3
USER_7815,49,Male,Rawalpindi,Student,23000,Salary,3.5
USER_7816,40,Female,Quetta,Government Employee,118000,Salary,1.6
USER_7817,41,Male,Karachi,Teacher,66000,Savings,6.3
USER_7818,48,Female,Peshawar,Freelancer,259000,Salary,10
USER_7819,30,Male,Islamabad,Teacher,117000,Salary,6.1
USER_7820,47,Male,Sialkot,Doctor,447000,Current,5.3
USER_7821,55,Male,Islamabad,Student,37000,Salary,4.9
USER_7822,60,Male,Islamabad,Business Owner,889000,Salary,13.3
USER_7823,37,Male,Quetta,Retired,99000,Savings,6
USER_7824,46,Female,Sialkot,Teacher,68000,Savings,10.3
USER_7825,49,Female,Quetta,Business Owner,597000,Salary,9.3
USER_7826,43,Male,Quetta,Shopkeeper,216000,Current,3.9
USER_7827,37,Male,Quetta,Retired,61000,Current,9
USER_7828,64,Female,Sialkot,Student,33000,Current,12
USER_7829,47,Female,Islamabad,Shopkeeper,94000,Current,2.5
USER_7830,35,Female,Islamabad,Shopkeeper,227000,Current,1.4
USER_7831,39,Female,Peshawar,Driver,35000,Salary,7.4
USER_7832,47,Female,Lahore,Freelancer,199000,Salary,2.3
USER_7833,42,Male,Rawalpindi,Shopkeeper,223000,Savings,14.7
USER_7834,32,Female,Hyderabad,Business Owner,777000,Salary,10.5
USER_7835,19,Female,Quetta,Shopkeeper,206000,Current,0.5
USER_7836,48,Female,Karachi,Housewife,5000,Salary,10
USER_7837,31,Male,Multan,Doctor,437000,Salary,14
USER_7838,62,Female,Hyderabad,Government Employee,72000,Current,11.8
USER_7839,51,Female,Islamabad,Doctor,413000,Salary,6.9
USER_7840,44,Male,Hyderabad,Government Employee,164000,Savings,11.6
USER_7841,31,Male,Rawalpindi,Student,16000,Savings,11.3
USER_7842,26,Female,Sialkot,Business Owner,592000,Current,0.9
USER_7843,43,Female,Multan,Teacher,97000,Current,7.1
USER_7844,32,Female,Faisalabad,Teacher,113000,Savings,12.3
USER_7845,59,Female,Faisalabad,Housewife,0,Savings,10
USER_7846,28,Male,Quetta,Driver,31000,Savings,10.7
USER_7847,57,Male,Faisalabad,Business Owner,321000,Salary,0.6
USER_7848,68,Male,Karachi,Engineer,185000,Current,5.2
USER_7849,58,Female,Hyderabad,Business Owner,597000,Salary,6.6
USER_7850,20,Male,Sialkot,Salaried Employee,99000,Savings,1.8
USER_7851,26,Female,Karachi,Teacher,118000,Savings,14
USER_7852,47,Female,Quetta,Retired,65000,Salary,12.1
USER_7853,45,Female,Lahore,Driver,57000,Savings,7.5
USER_7854,54,Male,Rawalpindi,Government Employee,91000,Current,6.8
USER_7855,37,Female,Karachi,Housewife,10000,Current,12
USER_7856,43,Female,Lahore,Doctor,576000,Salary,14.2
USER_7857,63,Female,Karachi,Retired,84000,Current,1.4
USER_7858,22,Female,Lahore,Driver,51000,Current,13.4
USER_7859,29,Female,Multan,Salaried Employee,98000,Current,9.7
USER_7860,41,Female,Faisalabad,Doctor,592000,Savings,2.3
USER_7861,69,Male,Rawalpindi,Business Owner,444000,Salary,14.7
USER_7862,61,Male,Hyderabad,Teacher,80000,Salary,1.3
USER_7863,70,Male,Quetta,Freelancer,130000,Current,10.4
USER_7864,31,Female,Faisalabad,Salaried Employee,115000,Salary,10.9
USER_7865,26,Female,Karachi,Shopkeeper,214000,Savings,12.6
USER_7866,68,Female,Peshawar,Engineer,139000,Savings,11.2
USER_7867,67,Male,Peshawar,Driver,39000,Salary,1.8
USER_7868,38,Male,Multan,Retired,48000,Salary,4.3
USER_7869,60,Female,Faisalabad,Doctor,574000,Current,1.6
USER_7870,43,Female,Hyderabad,Housewife,0,Salary,14.2
USER_7871,40,Female,Rawalpindi,Driver,44000,Savings,5.3
USER_7872,32,Male,Multan,Business Owner,436000,Current,5
USER_7873,68,Female,Faisalabad,Salaried Employee,142000,Savings,10.5
USER_7874,61,Male,Karachi,Freelancer,156000,Salary,11.4
USER_7875,54,Female,Karachi,Shopkeeper,227000,Current,4
USER_7876,61,Male,Sialkot,Student,38000,Savings,4
USER_7877,58,Male,Islamabad,Retired,51000,Current,2.6
USER_7878,61,Female,Multan,Retired,75000,Salary,14.9
USER_7879,50,Female,Sialkot,Shopkeeper,177000,Current,12.1
USER_7880,46,Male,Rawalpindi,Freelancer,197000,Salary,8.9
USER_7881,31,Male,Karachi,Freelancer,254000,Savings,14.6
USER_7882,50,Female,Peshawar,Business Owner,611000,Salary,13.9
USER_7883,18,Female,Peshawar,Salaried Employee,137000,Savings,9.3
USER_7884,30,Male,Lahore,Business Owner,782000,Salary,6.8
USER_7885,58,Female,Hyderabad,Driver,53000,Salary,0.8
USER_7886,66,Female,Multan,Doctor,283000,Salary,5.1
USER_7887,42,Female,Karachi,Government Employee,180000,Savings,7
USER_7888,69,Female,Multan,Business Owner,624000,Current,1.3
USER_7889,53,Male,Islamabad,Student,26000,Current,13.3
USER_7890,26,Male,Faisalabad,Doctor,507000,Savings,13.4
USER_7891,31,Male,Hyderabad,Teacher,95000,Current,7.5
USER_7892,30,Male,Karachi,Salaried Employee,109000,Salary,12
USER_7893,18,Female,Rawalpindi,Driver,33000,Salary,7.5
USER_7894,59,Female,Lahore,Housewife,0,Savings,11.5
USER_7895,49,Male,Sialkot,Driver,51000,Savings,11.2
USER_7896,69,Female,Islamabad,Doctor,243000,Salary,11.8
USER_7897,44,Female,Faisalabad,Shopkeeper,97000,Savings,7.6
USER_7898,32,Female,Islamabad,Shopkeeper,170000,Current,5.8
USER_7899,63,Male,Quetta,Government Employee,74000,Salary,13.6
USER_7900,18,Male,Lahore,Retired,81000,Savings,9.7
USER_7901,32,Male,Lahore,Engineer,162000,Salary,14.1
USER_7902,49,Female,Lahore,Retired,80000,Current,10.8
USER_7903,31,Male,Quetta,Doctor,213000,Current,2.7
USER_7905,33,Male,Hyderabad,Shopkeeper,117000,Savings,2.4
USER_7906,42,Female,Faisalabad,Shopkeeper,110000,Savings,6
USER_7907,21,Female,Peshawar,Driver,38000,Current,13.7
USER_7908,52,Male,Lahore,Teacher,68000,Salary,2.2
USER_7909,47,Male,Sialkot,Student,27000,Salary,4.2
USER_7910,69,Male,Lahore,Driver,33000,Current,1.4
USER_7911,67,Female,Faisalabad,Shopkeeper,247000,Salary,6.7
USER_7912,52,Female,Peshawar,Engineer,238000,Salary,0.8
USER_7913,69,Male,Hyderabad,Driver,45000,Salary,5.1
USER_7914,66,Female,Peshawar,Freelancer,114000,Savings,12.4
USER_7915,63,Male,Peshawar,Business Owner,446000,Salary,10.9
USER_7916,38,Male,Rawalpindi,Student,28000,Savings,4.7
USER_7917,30,Female,Rawalpindi,Student,19000,Salary,12.4
USER_7918,19,Female,Karachi,Student,11000,Savings,6.2
USER_7919,40,Female,Faisalabad,Shopkeeper,171000,Savings,12.3
USER_7920,45,Female,Lahore,Doctor,311000,Salary,2.5
USER_7921,24,Female,Islamabad,Driver,37000,Savings,3.3
USER_7922,50,Male,Lahore,Shopkeeper,126000,Current,14.4
USER_7923,33,Male,Quetta,Student,36000,Salary,13.8
USER_7924,70,Male,Quetta,Retired,98000,Salary,6.7
USER_7925,23,Male,Islamabad,Engineer,252000,Savings,4.9
USER_7926,32,Male,Hyderabad,Engineer,299000,Current,13.9
USER_7927,23,Male,Islamabad,Shopkeeper,108000,Salary,6.4
USER_7928,18,Male,Peshawar,Doctor,425000,Savings,13.7
USER_7929,23,Female,Islamabad,Doctor,454000,Savings,12.5
USER_7930,25,Male,Karachi,Shopkeeper,82000,Current,8.2
USER_7931,59,Female,Faisalabad,Doctor,587000,Current,2
USER_7932,33,Female,Sialkot,Teacher,88000,Salary,8.8
USER_7933,58,Female,Faisalabad,Salaried Employee,115000,Savings,5.1
USER_7934,42,Female,Peshawar,Government Employee,149000,Salary,5.9
USER_7935,58,Female,Karachi,Government Employee,155000,Savings,14.6
USER_7936,33,Female,Karachi,Housewife,10000,Salary,11
USER_7937,40,Male,Peshawar,Driver,57000,Savings,5.6
USER_7938,57,Female,Rawalpindi,Salaried Employee,99000,Savings,9.9
USER_7939,49,Male,Multan,Retired,85000,Savings,10.7
USER_7940,58,Female,Rawalpindi,Government Employee,165000,Salary,11.7
USER_7941,43,Male,Sialkot,Driver,60000,Savings,6.8
USER_7942,65,Male,Multan,Retired,84000,Current,1.3
USER_7943,19,Female,Multan,Housewife,5000,Current,14
USER_7944,70,Male,Hyderabad,Government Employee,102000,Current,8.1
USER_7945,51,Female,Peshawar,Freelancer,400000,Savings,4.6
USER_7946,36,Female,Lahore,Retired,86000,Current,6.1
USER_7947,69,Female,Faisalabad,Government Employee,63000,Salary,6.4
USER_7948,37,Male,Sialkot,Driver,37000,Savings,6.2
USER_7949,64,Female,Quetta,Shopkeeper,86000,Salary,10.9
USER_7950,29,Female,Lahore,Doctor,552000,Savings,8.6
USER_7951,20,Female,Multan,Teacher,94000,Savings,6
USER_7952,48,Female,Rawalpindi,Housewife,0,Current,8.1
USER_7953,60,Female,Hyderabad,Doctor,317000,Current,0.6
USER_7954,57,Female,Faisalabad,Teacher,91000,Current,5.4
USER_7955,67,Male,Faisalabad,Doctor,520000,Current,8
USER_7956,66,Male,Hyderabad,Freelancer,163000,Savings,7.4
USER_7957,47,Male,Rawalpindi,Engineer,292000,Savings,9.6
USER_7958,38,Female,Peshawar,Student,33000,Salary,12.6
USER_7959,58,Male,Multan,Shopkeeper,148000,Salary,5.3
USER_7960,20,Female,Hyderabad,Doctor,364000,Salary,7.2
USER_7961,25,Male,Quetta,Driver,38000,Savings,3.1
USER_7962,20,Female,Quetta,Government Employee,86000,Current,9.3
USER_7963,29,Male,Faisalabad,Engineer,153000,Current,12.5
USER_7964,52,Male,Hyderabad,Student,32000,Savings,13.3
USER_7965,37,Male,Peshawar,Doctor,567000,Current,5
USER_7966,69,Female,Lahore,Housewife,0,Savings,10
USER_7967,61,Female,Rawalpindi,Freelancer,112000,Salary,3
USER_7968,50,Male,Multan,Business Owner,413000,Current,8.6
USER_7969,18,Male,Islamabad,Shopkeeper,204000,Savings,2.5
USER_7970,49,Male,Multan,Doctor,539000,Salary,14.9
USER_7971,70,Female,Sialkot,Housewife,25000,Current,4.4
USER_7972,34,Male,Quetta,Student,32000,Savings,0.9
USER_7973,56,Male,Islamabad,Freelancer,93000,Current,4.3
USER_7974,56,Female,Multan,Business Owner,935000,Current,1
USER_7975,54,Male,Peshawar,Doctor,332000,Current,2.3
USER_7976,58,Female,Quetta,Shopkeeper,114000,Salary,0.7
USER_7977,33,Female,Multan,Doctor,294000,Current,1.1
USER_7978,53,Male,Multan,Freelancer,355000,Savings,10.2
USER_7979,51,Male,Karachi,Retired,62000,Savings,0.5
USER_7980,47,Male,Quetta,Doctor,475000,Salary,7.4
USER_7981,68,Male,Karachi,Government Employee,61000,Current,1.5
USER_7982,22,Female,Sialkot,Retired,52000,Savings,3.5
USER_7983,55,Female,Hyderabad,Driver,43000,Savings,2.1
USER_7984,22,Female,Lahore,Freelancer,364000,Savings,7
USER_7985,26,Female,Islamabad,Freelancer,157000,Salary,9.1
USER_7986,60,Female,Rawalpindi,Engineer,261000,Savings,4.9
USER_7987,63,Female,Rawalpindi,Business Owner,761000,Salary,12.4
USER_7988,59,Female,Sialkot,Engineer,212000,Salary,1.8
USER_7989,27,Male,Rawalpindi,Engineer,215000,Salary,7.8
USER_7990,27,Male,Faisalabad,Doctor,543000,Savings,9.9
USER_7991,24,Female,Lahore,Driver,50000,Savings,5.6
USER_7992,49,Female,Rawalpindi,Student,33000,Salary,2.7
USER_7993,23,Female,Sialkot,Freelancer,100000,Salary,12.9
USER_7994,37,Male,Hyderabad,Shopkeeper,228000,Current,9.6
USER_7995,59,Male,Islamabad,Shopkeeper,236000,Salary,9.4
USER_7996,62,Male,Faisalabad,Engineer,189000,Salary,1.7
USER_7997,53,Male,Peshawar,Driver,35000,Salary,4.6
USER_7998,37,Female,Faisalabad,Freelancer,205000,Savings,12.7
USER_7999,29,Female,Islamabad,Business Owner,968000,Salary,14.6
USER_8000,65,Male,Peshawar,Driver,36000,Savings,12.5
USER_8001,58,Male,Multan,Shopkeeper,85000,Savings,8.8
USER_8002,36,Male,Multan,Shopkeeper,164000,Salary,2.6
USER_8003,26,Female,Multan,Retired,79000,Salary,6.6
USER_8004,62,Female,Hyderabad,Freelancer,77000,Savings,2
USER_8005,59,Male,Islamabad,Government Employee,110000,Savings,4.5
USER_8006,36,Female,Peshawar,Driver,31000,Savings,2.5
USER_8007,25,Male,Hyderabad,Driver,45000,Savings,5
USER_8008,67,Female,Karachi,Freelancer,259000,Current,10.5
USER_8009,36,Female,Peshawar,Teacher,90000,Current,4
USER_8010,61,Male,Multan,Shopkeeper,115000,Salary,8.3
USER_8011,57,Male,Karachi,Student,33000,Salary,12.5
USER_8012,35,Female,Faisalabad,Driver,55000,Salary,1.7
USER_8013,70,Female,Islamabad,Student,32000,Savings,2.8
USER_8014,38,Female,Multan,Shopkeeper,145000,Savings,14.8
USER_8015,53,Male,Quetta,Shopkeeper,179000,Current,14.4
USER_8016,64,Female,Multan,Salaried Employee,113000,Salary,6.5
USER_8017,42,Female,Karachi,Retired,86000,Current,4.4
USER_8018,48,Male,Hyderabad,Teacher,117000,Salary,7.4
USER_8019,20,Male,Karachi,Salaried Employee,115000,Current,4.3
USER_8020,34,Female,Rawalpindi,Government Employee,97000,Current,9.5
USER_8021,26,Female,Quetta,Teacher,79000,Current,0.6
USER_8022,62,Female,Multan,Student,21000,Salary,11.3
USER_8023,66,Male,Peshawar,Student,24000,Salary,13.7
USER_8024,24,Female,Quetta,Housewife,20000,Salary,2.2
USER_8025,59,Female,Multan,Driver,50000,Current,5.2
USER_8026,28,Male,Sialkot,Business Owner,258000,Salary,3.3
USER_8027,27,Female,Lahore,Freelancer,392000,Current,12.8
USER_8028,64,Male,Lahore,Business Owner,156000,Savings,10.9
USER_8029,46,Female,Faisalabad,Government Employee,110000,Savings,12.5
USER_8030,57,Male,Sialkot,Business Owner,498000,Salary,2.8
USER_8031,34,Male,Hyderabad,Freelancer,212000,Current,4.2
USER_8032,31,Female,Peshawar,Doctor,566000,Salary,8.2
USER_8033,63,Female,Lahore,Doctor,531000,Salary,1.8
USER_8034,60,Female,Peshawar,Doctor,361000,Salary,5.1
USER_8035,21,Female,Rawalpindi,Housewife,20000,Salary,5.1
USER_8036,22,Female,Sialkot,Retired,35000,Salary,11.9
USER_8037,30,Male,Islamabad,Doctor,210000,Current,5.1
USER_8038,37,Male,Islamabad,Driver,56000,Salary,11.4
USER_8039,39,Female,Quetta,Shopkeeper,191000,Salary,5.2
USER_8040,24,Male,Hyderabad,Business Owner,245000,Savings,1
USER_8041,33,Female,Rawalpindi,Housewife,5000,Current,8.9
USER_8042,24,Male,Rawalpindi,Retired,64000,Current,9
USER_8043,30,Male,Multan,Retired,98000,Savings,14.5
USER_8044,36,Female,Multan,Shopkeeper,100000,Savings,11.6
USER_8045,69,Female,Faisalabad,Government Employee,104000,Savings,13.7
USER_8046,56,Male,Quetta,Doctor,305000,Savings,7.7
USER_8047,27,Male,Lahore,Shopkeeper,147000,Salary,13.6
USER_8048,26,Male,Karachi,Doctor,202000,Salary,12.9
USER_8049,32,Female,Faisalabad,Government Employee,87000,Current,10.4
USER_8050,29,Female,Rawalpindi,Government Employee,155000,Current,6.3
USER_8051,63,Female,Islamabad,Freelancer,357000,Salary,14.2
USER_8052,69,Male,Multan,Salaried Employee,82000,Current,11
USER_8053,35,Female,Multan,Housewife,25000,Savings,9.9
USER_8054,42,Female,Karachi,Teacher,108000,Salary,12
USER_8055,52,Female,Islamabad,Doctor,227000,Salary,13.3
USER_8056,70,Male,Multan,Teacher,103000,Current,2.7
USER_8057,34,Male,Multan,Retired,77000,Savings,1.2
USER_8058,22,Male,Rawalpindi,Freelancer,79000,Savings,4.4
USER_8059,51,Male,Peshawar,Engineer,286000,Savings,3.3
USER_8060,50,Female,Karachi,Engineer,230000,Salary,12
USER_8061,32,Male,Multan,Engineer,214000,Current,4
USER_8062,55,Male,Quetta,Salaried Employee,143000,Current,13.3
USER_8063,54,Female,Faisalabad,Business Owner,979000,Current,8.9
USER_8064,20,Female,Multan,Shopkeeper,135000,Savings,13.7
USER_8065,47,Male,Hyderabad,Driver,43000,Savings,8.9
USER_8066,18,Female,Faisalabad,Shopkeeper,177000,Savings,2
USER_8067,18,Female,Hyderabad,Driver,57000,Current,5.5
USER_8068,51,Male,Hyderabad,Engineer,260000,Current,13.1
USER_8069,68,Male,Islamabad,Government Employee,82000,Current,3.1
USER_8070,33,Male,Karachi,Doctor,325000,Salary,1.4
USER_8071,20,Female,Sialkot,Shopkeeper,106000,Salary,12.8
USER_8072,66,Male,Multan,Freelancer,111000,Salary,12.1
USER_8073,37,Male,Karachi,Salaried Employee,142000,Current,2.1
USER_8074,31,Male,Quetta,Doctor,556000,Savings,4.4
USER_8075,67,Male,Faisalabad,Engineer,198000,Savings,2.6
USER_8076,56,Male,Islamabad,Teacher,76000,Savings,2.7
USER_8077,26,Male,Karachi,Student,13000,Savings,2.4
USER_8078,56,Male,Quetta,Driver,52000,Savings,4.3
USER_8079,39,Male,Sialkot,Shopkeeper,229000,Savings,10.9
USER_8080,39,Male,Islamabad,Freelancer,239000,Current,2.2
USER_8081,44,Male,Sialkot,Teacher,119000,Salary,10.6
USER_8082,44,Female,Hyderabad,Teacher,64000,Salary,11.4
USER_8083,47,Female,Sialkot,Engineer,176000,Current,1.5
USER_8084,18,Male,Karachi,Driver,45000,Savings,9.2
USER_8085,33,Male,Hyderabad,Student,14000,Current,14.3
USER_8086,64,Female,Hyderabad,Shopkeeper,123000,Current,1.5
USER_8087,67,Male,Hyderabad,Salaried Employee,147000,Savings,4.7
USER_8088,60,Female,Peshawar,Shopkeeper,131000,Salary,11
USER_8089,62,Female,Rawalpindi,Business Owner,314000,Savings,4.6
USER_8090,56,Male,Islamabad,Salaried Employee,91000,Salary,12.9
USER_8091,51,Male,Rawalpindi,Business Owner,491000,Savings,11
USER_8092,39,Male,Hyderabad,Salaried Employee,134000,Salary,0.9
USER_8093,63,Female,Karachi,Retired,43000,Current,4.8
USER_8094,37,Female,Islamabad,Salaried Employee,147000,Savings,4.1
USER_8095,42,Female,Karachi,Business Owner,848000,Salary,8.7
USER_8096,63,Male,Multan,Student,19000,Current,13.7
USER_8097,57,Male,Rawalpindi,Driver,45000,Current,2.1
USER_8098,39,Male,Rawalpindi,Retired,98000,Current,7.9
USER_8099,41,Male,Sialkot,Student,21000,Savings,11.6
USER_8100,58,Female,Multan,Business Owner,656000,Current,8.8
USER_8101,50,Male,Multan,Shopkeeper,114000,Savings,3.1
USER_8102,61,Male,Karachi,Student,26000,Savings,8.6
USER_8103,53,Female,Sialkot,Teacher,93000,Current,6.2
USER_8104,36,Female,Multan,Salaried Employee,83000,Current,8.4
USER_8105,41,Female,Multan,Student,28000,Salary,11.7
USER_8106,26,Male,Peshawar,Driver,30000,Salary,3
USER_8107,61,Female,Faisalabad,Driver,33000,Savings,11.3
USER_8108,66,Female,Multan,Retired,84000,Savings,10
USER_8109,27,Female,Hyderabad,Shopkeeper,190000,Salary,7.9
USER_8110,54,Female,Karachi,Retired,71000,Salary,6.3
USER_8111,20,Male,Rawalpindi,Doctor,340000,Savings,12.7
USER_8112,66,Male,Islamabad,Student,24000,Current,4.4
USER_8113,64,Male,Islamabad,Doctor,532000,Savings,4.8
USER_8114,37,Male,Rawalpindi,Shopkeeper,99000,Current,2.7
USER_8115,35,Male,Lahore,Student,30000,Savings,5.4
USER_8116,52,Male,Karachi,Freelancer,261000,Savings,11
USER_8117,65,Male,Islamabad,Engineer,163000,Salary,13
USER_8118,35,Female,Faisalabad,Shopkeeper,224000,Current,1.4
USER_8119,59,Female,Faisalabad,Teacher,71000,Salary,6.5
USER_8120,20,Female,Karachi,Shopkeeper,217000,Savings,11.2
USER_8121,22,Male,Lahore,Salaried Employee,109000,Current,8.1
USER_8122,41,Female,Sialkot,Driver,40000,Savings,2
USER_8123,50,Female,Faisalabad,Retired,33000,Savings,4.6
USER_8124,22,Male,Karachi,Shopkeeper,124000,Salary,3.3
USER_8125,64,Female,Sialkot,Salaried Employee,74000,Current,8.7
USER_8126,19,Female,Faisalabad,Student,39000,Current,1.7
USER_8127,21,Female,Karachi,Driver,58000,Current,10.4
USER_8128,22,Male,Multan,Engineer,122000,Savings,1.8
USER_8129,51,Female,Quetta,Engineer,130000,Current,6.5
USER_8130,46,Female,Lahore,Teacher,68000,Current,8.1
USER_8131,22,Female,Hyderabad,Student,29000,Current,2.2
USER_8132,26,Female,Peshawar,Student,32000,Savings,1.4
USER_8133,52,Female,Lahore,Housewife,15000,Savings,2.2
USER_8134,45,Female,Peshawar,Housewife,10000,Savings,11.4
USER_8135,30,Female,Lahore,Student,23000,Savings,9.9
USER_8136,38,Male,Faisalabad,Retired,95000,Savings,14.2
USER_8137,31,Male,Karachi,Shopkeeper,132000,Current,13.5
USER_8138,27,Male,Peshawar,Salaried Employee,112000,Salary,1
USER_8139,37,Female,Islamabad,Teacher,61000,Salary,8
USER_8140,68,Male,Sialkot,Doctor,554000,Salary,2.4
USER_8141,70,Male,Hyderabad,Student,13000,Salary,0.7
USER_8142,65,Male,Lahore,Freelancer,122000,Salary,12.6
USER_8143,19,Male,Islamabad,Retired,89000,Salary,2.1
USER_8144,26,Male,Quetta,Business Owner,619000,Current,11.1
USER_8145,63,Female,Sialkot,Salaried Employee,117000,Current,9.7
USER_8146,63,Female,Karachi,Salaried Employee,123000,Current,4.3
USER_8147,48,Male,Quetta,Retired,87000,Salary,9.1
USER_8148,45,Female,Quetta,Housewife,0,Savings,5.3
USER_8149,54,Male,Peshawar,Salaried Employee,106000,Savings,0.8
USER_8150,49,Female,Peshawar,Freelancer,341000,Savings,10.1
USER_8151,47,Male,Karachi,Shopkeeper,81000,Salary,10.5
USER_8152,34,Male,Quetta,Freelancer,187000,Salary,5.7
USER_8153,62,Male,Rawalpindi,Retired,43000,Current,7.1
USER_8154,21,Male,Rawalpindi,Doctor,402000,Savings,12.5
USER_8155,59,Female,Karachi,Housewife,25000,Savings,9
USER_8156,64,Male,Islamabad,Doctor,538000,Current,1.3
USER_8157,53,Female,Sialkot,Doctor,258000,Savings,12.8
USER_8158,53,Female,Karachi,Driver,38000,Salary,0.9
USER_8159,29,Female,Hyderabad,Shopkeeper,137000,Current,0.8
USER_8160,44,Male,Rawalpindi,Government Employee,167000,Salary,9.1
USER_8161,20,Female,Hyderabad,Retired,83000,Salary,15
USER_8162,18,Female,Multan,Student,27000,Salary,0.9
USER_8163,39,Male,Sialkot,Student,28000,Savings,1.1
USER_8164,57,Male,Multan,Student,33000,Salary,9.1
USER_8165,20,Female,Multan,Doctor,355000,Current,12.1
USER_8166,54,Female,Lahore,Salaried Employee,104000,Savings,6.6
USER_8167,21,Female,Karachi,Retired,54000,Salary,9.7
USER_8168,57,Male,Peshawar,Doctor,248000,Salary,2.2
USER_8169,50,Male,Faisalabad,Freelancer,351000,Savings,6.5
USER_8170,34,Male,Rawalpindi,Salaried Employee,82000,Current,6.9
USER_8171,62,Male,Lahore,Shopkeeper,194000,Current,5.3
USER_8172,62,Male,Faisalabad,Government Employee,168000,Current,5.4
USER_8173,65,Male,Multan,Shopkeeper,173000,Salary,14.1
USER_8174,29,Female,Karachi,Retired,62000,Salary,6.2
USER_8175,55,Male,Rawalpindi,Doctor,460000,Current,8.6
USER_8176,41,Female,Peshawar,Engineer,173000,Current,14.2
USER_8177,33,Female,Peshawar,Teacher,73000,Salary,14
USER_8178,18,Male,Islamabad,Student,25000,Salary,1.1
USER_8179,19,Male,Peshawar,Business Owner,243000,Savings,2.2
USER_8180,58,Male,Karachi,Business Owner,310000,Savings,4.2
USER_8181,70,Female,Karachi,Freelancer,392000,Savings,8.9
USER_8182,49,Female,Lahore,Doctor,409000,Savings,8.7
USER_8183,43,Female,Faisalabad,Teacher,119000,Salary,1.2
USER_8184,68,Female,Hyderabad,Retired,40000,Current,14.4
USER_8185,26,Male,Peshawar,Retired,88000,Savings,6.8
USER_8186,39,Female,Karachi,Salaried Employee,120000,Savings,11.3
USER_8187,51,Female,Hyderabad,Engineer,207000,Salary,2.6
USER_8188,63,Female,Hyderabad,Business Owner,682000,Current,13.6
USER_8189,54,Male,Rawalpindi,Driver,49000,Current,14.7
USER_8190,30,Male,Quetta,Student,16000,Savings,8.3
USER_8191,46,Female,Lahore,Driver,40000,Current,4.2
USER_8192,63,Male,Peshawar,Government Employee,110000,Salary,9.9
USER_8193,21,Female,Peshawar,Engineer,178000,Salary,7.3
USER_8194,46,Female,Rawalpindi,Housewife,5000,Salary,4.2
USER_8195,54,Male,Karachi,Salaried Employee,107000,Salary,2.9
USER_8196,52,Female,Islamabad,Government Employee,99000,Current,11
USER_8197,23,Female,Lahore,Salaried Employee,85000,Current,7.6
USER_8198,18,Female,Karachi,Housewife,0,Current,14.2
USER_8199,38,Female,Quetta,Driver,35000,Salary,5
USER_8200,41,Female,Multan,Business Owner,287000,Salary,3.7
USER_8201,34,Male,Faisalabad,Retired,69000,Salary,5.4
USER_8202,32,Female,Rawalpindi,Business Owner,358000,Salary,4.2
USER_8203,56,Female,Quetta,Housewife,10000,Current,9.3
USER_8204,20,Male,Sialkot,Retired,83000,Current,14.8
USER_8205,61,Male,Lahore,Engineer,294000,Savings,0.8
USER_8206,47,Male,Sialkot,Student,36000,Current,10.7
USER_8207,49,Female,Karachi,Housewife,15000,Savings,8
USER_8208,69,Male,Rawalpindi,Teacher,113000,Current,1.5
USER_8209,51,Male,Sialkot,Driver,54000,Current,5.5
USER_8210,50,Male,Rawalpindi,Shopkeeper,227000,Salary,2.1
USER_8211,49,Female,Islamabad,Engineer,126000,Current,12.1
USER_8212,32,Male,Karachi,Government Employee,138000,Current,12.5
USER_8213,59,Male,Peshawar,Business Owner,599000,Current,7
USER_8214,39,Male,Karachi,Engineer,170000,Salary,5.1
USER_8215,58,Female,Karachi,Driver,37000,Current,13
USER_8216,31,Female,Lahore,Teacher,72000,Current,7.3
USER_8217,40,Male,Hyderabad,Retired,59000,Savings,9.4
USER_8218,44,Male,Faisalabad,Business Owner,957000,Salary,2.8
USER_8219,34,Male,Hyderabad,Teacher,96000,Current,1.6
USER_8220,28,Female,Multan,Retired,95000,Current,3.4
USER_8221,22,Female,Hyderabad,Student,13000,Current,10.2
USER_8222,56,Female,Faisalabad,Student,39000,Salary,1.4
USER_8223,55,Male,Multan,Doctor,555000,Salary,12
USER_8224,39,Female,Islamabad,Shopkeeper,216000,Savings,9.6
USER_8225,48,Female,Peshawar,Doctor,372000,Current,0.5
USER_8226,37,Female,Lahore,Teacher,83000,Savings,13.3
USER_8227,35,Male,Islamabad,Business Owner,829000,Savings,6.6
USER_8228,69,Female,Multan,Salaried Employee,145000,Savings,13.7
USER_8229,48,Female,Hyderabad,Salaried Employee,130000,Current,11.5
USER_8230,61,Female,Karachi,Government Employee,162000,Current,9
USER_8231,66,Male,Sialkot,Shopkeeper,175000,Salary,5.7
USER_8232,43,Female,Islamabad,Salaried Employee,76000,Salary,4.3
USER_8233,39,Female,Faisalabad,Shopkeeper,184000,Current,7.8
USER_8234,62,Male,Sialkot,Driver,55000,Salary,12.9
USER_8235,22,Female,Hyderabad,Retired,52000,Current,1.4
USER_8236,50,Female,Islamabad,Business Owner,623000,Savings,12.8
USER_8237,67,Male,Faisalabad,Driver,51000,Current,3.8
USER_8238,70,Female,Rawalpindi,Business Owner,483000,Current,4.4
USER_8239,69,Female,Karachi,Salaried Employee,104000,Salary,11.6
USER_8240,62,Female,Quetta,Business Owner,554000,Salary,11
USER_8241,57,Male,Quetta,Retired,89000,Current,3.4
USER_8242,60,Male,Peshawar,Salaried Employee,110000,Current,12.2
USER_8243,25,Female,Peshawar,Business Owner,628000,Savings,7.5
USER_8244,23,Female,Hyderabad,Housewife,20000,Savings,1.4
USER_8245,31,Female,Peshawar,Housewife,5000,Salary,8.1
USER_8246,30,Male,Faisalabad,Student,33000,Salary,14.7
USER_8247,54,Male,Hyderabad,Doctor,418000,Salary,2.2
USER_8248,37,Female,Sialkot,Retired,99000,Salary,8.9
USER_8249,45,Female,Hyderabad,Salaried Employee,80000,Salary,2.5
USER_8250,47,Male,Islamabad,Teacher,92000,Current,10
USER_8251,45,Female,Karachi,Driver,45000,Savings,6.2
USER_8252,23,Female,Quetta,Driver,49000,Current,7.2
USER_8253,39,Female,Quetta,Engineer,165000,Savings,14.4
USER_8254,56,Male,Karachi,Freelancer,169000,Current,11.5
USER_8255,67,Female,Rawalpindi,Teacher,82000,Current,2.4
USER_8256,48,Male,Lahore,Engineer,202000,Salary,14.9
USER_8257,22,Male,Sialkot,Engineer,142000,Current,1.8
USER_8258,18,Female,Karachi,Doctor,439000,Current,10
USER_8259,56,Male,Lahore,Government Employee,73000,Current,13.6
USER_8260,38,Male,Quetta,Government Employee,85000,Current,13.4
USER_8261,40,Female,Karachi,Government Employee,107000,Savings,4
USER_8262,65,Male,Lahore,Student,13000,Savings,5.4
USER_8263,62,Female,Peshawar,Engineer,276000,Savings,4.7
USER_8264,60,Female,Sialkot,Shopkeeper,204000,Savings,3.9
USER_8265,69,Female,Karachi,Engineer,232000,Salary,10
USER_8266,41,Male,Islamabad,Student,12000,Current,12.1
USER_8267,39,Female,Multan,Doctor,301000,Current,13.2
USER_8268,50,Male,Hyderabad,Business Owner,605000,Savings,6.6
USER_8269,60,Female,Faisalabad,Freelancer,336000,Savings,0.9
USER_8270,30,Male,Hyderabad,Shopkeeper,131000,Salary,2.5
USER_8271,42,Male,Faisalabad,Salaried Employee,146000,Current,2.6
USER_8272,26,Male,Lahore,Freelancer,162000,Current,7
USER_8273,59,Female,Karachi,Doctor,516000,Salary,7.5
USER_8274,21,Male,Quetta,Shopkeeper,115000,Savings,1.9
USER_8275,31,Male,Sialkot,Freelancer,335000,Savings,9
USER_8276,20,Male,Multan,Student,36000,Salary,14.3
USER_8277,41,Female,Faisalabad,Shopkeeper,192000,Savings,6.8
USER_8278,64,Female,Quetta,Student,18000,Savings,5
USER_8279,18,Female,Faisalabad,Doctor,473000,Savings,1.6
USER_8280,67,Male,Lahore,Teacher,74000,Savings,6.5
USER_8281,49,Female,Rawalpindi,Salaried Employee,83000,Salary,13.3
USER_8282,40,Female,Sialkot,Engineer,282000,Salary,11.2
USER_8283,57,Female,Sialkot,Housewife,25000,Salary,11.2
USER_8284,56,Female,Sialkot,Driver,32000,Salary,13
USER_8285,42,Female,Lahore,Shopkeeper,249000,Current,5.1
USER_8286,54,Male,Karachi,Engineer,270000,Current,8.4
USER_8287,68,Female,Karachi,Freelancer,84000,Savings,6.6
USER_8288,18,Male,Lahore,Engineer,293000,Savings,14.9
USER_8289,19,Female,Faisalabad,Government Employee,140000,Current,5.8
USER_8290,59,Female,Sialkot,Shopkeeper,134000,Savings,1.4
USER_8291,44,Male,Lahore,Engineer,171000,Current,3.4
USER_8292,68,Male,Multan,Government Employee,83000,Current,14.5
USER_8293,29,Female,Quetta,Business Owner,928000,Salary,9.9
USER_8294,70,Male,Faisalabad,Freelancer,330000,Savings,4.3
USER_8295,53,Female,Multan,Engineer,145000,Salary,6.4
USER_8296,31,Male,Faisalabad,Student,38000,Current,13.4
USER_8297,46,Female,Lahore,Housewife,5000,Current,3.4
USER_8298,58,Male,Rawalpindi,Business Owner,825000,Salary,1.6
USER_8299,70,Female,Peshawar,Shopkeeper,87000,Salary,13.1
USER_8300,27,Male,Quetta,Engineer,297000,Salary,12.8
USER_8301,51,Male,Faisalabad,Retired,55000,Salary,4.3
USER_8302,18,Male,Quetta,Driver,52000,Salary,9
USER_8303,38,Female,Peshawar,Business Owner,979000,Savings,9.3
USER_8304,20,Male,Peshawar,Student,17000,Current,7.3
USER_8305,27,Male,Multan,Business Owner,978000,Salary,6.4
USER_8306,62,Female,Quetta,Engineer,174000,Salary,1.4
USER_8307,51,Female,Quetta,Housewife,5000,Current,14.6
USER_8308,55,Female,Lahore,Teacher,61000,Current,1.3
USER_8309,53,Male,Rawalpindi,Retired,81000,Savings,7.7
USER_8310,18,Male,Faisalabad,Business Owner,525000,Current,11.1
USER_8311,64,Male,Rawalpindi,Driver,38000,Salary,13.9
USER_8312,64,Female,Multan,Salaried Employee,112000,Current,13.3
USER_8313,54,Female,Islamabad,Engineer,215000,Current,1.6
USER_8314,24,Male,Sialkot,Business Owner,617000,Savings,1.4
USER_8315,57,Female,Islamabad,Housewife,15000,Savings,9
USER_8316,49,Female,Lahore,Housewife,0,Current,8
USER_8317,28,Female,Karachi,Freelancer,283000,Salary,5.5
USER_8318,61,Female,Lahore,Salaried Employee,86000,Current,12.4
USER_8319,63,Female,Quetta,Housewife,0,Savings,1.6
USER_8320,63,Male,Rawalpindi,Retired,33000,Savings,6.6
USER_8321,70,Female,Multan,Engineer,284000,Current,9.9
USER_8322,29,Male,Quetta,Retired,55000,Current,7.8
USER_8323,36,Male,Faisalabad,Teacher,86000,Savings,3
USER_8324,19,Female,Faisalabad,Driver,50000,Salary,1.3
USER_8325,50,Male,Multan,Retired,78000,Savings,9.4
USER_8326,35,Male,Quetta,Driver,32000,Current,8.4
USER_8327,27,Female,Peshawar,Shopkeeper,127000,Savings,0.9
USER_8328,49,Male,Peshawar,Teacher,68000,Savings,12.6
USER_8329,55,Male,Multan,Retired,90000,Salary,7.9
USER_8330,23,Female,Multan,Engineer,144000,Salary,5
USER_8331,63,Female,Islamabad,Freelancer,292000,Current,4.1
USER_8332,26,Male,Lahore,Shopkeeper,132000,Savings,8.5
USER_8333,34,Female,Islamabad,Freelancer,350000,Savings,10.1
USER_8334,27,Male,Peshawar,Salaried Employee,120000,Current,11.7
USER_8335,59,Male,Faisalabad,Salaried Employee,74000,Current,9.6
USER_8336,51,Female,Rawalpindi,Housewife,10000,Current,14.4
USER_8337,26,Female,Rawalpindi,Student,17000,Savings,13.3
USER_8338,22,Male,Karachi,Student,14000,Savings,3.6
USER_8339,45,Female,Faisalabad,Salaried Employee,81000,Current,4.1
USER_8340,48,Male,Multan,Engineer,294000,Salary,2.5
USER_8341,48,Female,Karachi,Driver,34000,Current,1.3
USER_8342,54,Female,Hyderabad,Freelancer,318000,Salary,9
USER_8343,46,Male,Multan,Doctor,552000,Salary,6.8
USER_8344,22,Male,Rawalpindi,Engineer,124000,Current,10.5
USER_8345,57,Female,Peshawar,Salaried Employee,129000,Salary,6.3
USER_8346,54,Female,Quetta,Student,11000,Current,2.1
USER_8347,57,Female,Peshawar,Engineer,133000,Salary,14.3
USER_8348,58,Male,Islamabad,Student,13000,Savings,2.6
USER_8349,70,Male,Faisalabad,Salaried Employee,87000,Salary,5.9
USER_8350,64,Male,Rawalpindi,Driver,54000,Savings,3.5
USER_8351,23,Female,Rawalpindi,Government Employee,75000,Current,13.5
USER_8352,45,Female,Sialkot,Driver,45000,Current,10.3
USER_8353,55,Female,Karachi,Shopkeeper,110000,Savings,9.3
USER_8354,69,Female,Lahore,Housewife,0,Current,7.7
USER_8355,26,Male,Sialkot,Student,40000,Savings,7.7
USER_8356,59,Female,Quetta,Doctor,205000,Savings,6.3
USER_8357,31,Female,Islamabad,Retired,70000,Current,12.1
USER_8358,64,Female,Hyderabad,Retired,57000,Current,1.5
USER_8359,47,Female,Multan,Student,27000,Salary,0.8
USER_8360,62,Female,Lahore,Housewife,25000,Salary,4.2
USER_8361,35,Male,Karachi,Salaried Employee,134000,Current,11.7
USER_8362,34,Male,Faisalabad,Teacher,75000,Current,9.3
USER_8363,43,Female,Hyderabad,Student,19000,Current,8.3
USER_8364,68,Female,Lahore,Housewife,0,Current,1.5
USER_8365,65,Female,Peshawar,Driver,37000,Current,12.4
USER_8366,36,Female,Peshawar,Business Owner,927000,Current,5.9
USER_8367,47,Male,Rawalpindi,Driver,51000,Salary,2
USER_8368,69,Male,Multan,Doctor,460000,Current,12.9
USER_8369,70,Male,Multan,Teacher,101000,Salary,5.6
USER_8370,46,Female,Karachi,Retired,90000,Salary,11.9
USER_8371,48,Female,Karachi,Teacher,101000,Salary,5.9
USER_8372,19,Male,Lahore,Shopkeeper,131000,Savings,11.8
USER_8373,24,Male,Peshawar,Salaried Employee,116000,Salary,3
USER_8374,29,Female,Hyderabad,Shopkeeper,113000,Current,1.3
USER_8375,39,Female,Multan,Housewife,25000,Current,4.7
USER_8376,40,Female,Multan,Salaried Employee,123000,Current,13.7
USER_8377,35,Male,Peshawar,Teacher,70000,Salary,11.3
USER_8378,19,Male,Islamabad,Student,19000,Savings,0.6
USER_8379,54,Female,Karachi,Shopkeeper,122000,Current,5.4
USER_8380,21,Male,Faisalabad,Business Owner,634000,Current,1.2
USER_8381,46,Male,Peshawar,Salaried Employee,119000,Savings,1.3
USER_8382,28,Male,Sialkot,Engineer,222000,Salary,12.7
USER_8383,30,Male,Karachi,Engineer,120000,Current,11.1
USER_8384,43,Female,Lahore,Driver,54000,Current,13.8
USER_8385,34,Female,Multan,Salaried Employee,98000,Current,4.1
USER_8386,22,Male,Karachi,Student,36000,Salary,3
USER_8387,54,Female,Peshawar,Doctor,592000,Savings,4.8
USER_8388,27,Female,Islamabad,Housewife,15000,Savings,10.6
USER_8389,38,Male,Sialkot,Doctor,448000,Salary,12
USER_8390,44,Male,Multan,Business Owner,601000,Current,3.9
USER_8391,61,Male,Faisalabad,Salaried Employee,94000,Savings,7.7
USER_8392,36,Male,Lahore,Driver,31000,Current,7.1
USER_8393,27,Female,Faisalabad,Freelancer,383000,Current,13.7
USER_8394,30,Female,Peshawar,Teacher,71000,Salary,11.1
USER_8395,23,Female,Hyderabad,Retired,92000,Salary,13.1
USER_8396,31,Female,Lahore,Housewife,0,Savings,1
USER_8397,29,Male,Rawalpindi,Business Owner,383000,Current,13.9
USER_8398,27,Male,Peshawar,Shopkeeper,168000,Savings,4.4
USER_8399,69,Male,Hyderabad,Driver,38000,Salary,3.2
USER_8400,53,Female,Quetta,Teacher,87000,Savings,4.5
USER_8401,63,Female,Hyderabad,Housewife,20000,Salary,11.3
USER_8402,58,Female,Islamabad,Shopkeeper,233000,Savings,3.3
USER_8403,54,Female,Karachi,Salaried Employee,86000,Current,10.2
USER_8404,65,Female,Sialkot,Retired,35000,Current,7.4
USER_8405,22,Male,Islamabad,Freelancer,294000,Salary,11.5
USER_8406,41,Female,Faisalabad,Housewife,0,Current,3.4
USER_8407,20,Male,Sialkot,Driver,44000,Current,13.9
USER_8408,39,Male,Rawalpindi,Engineer,228000,Savings,3.9
USER_8409,70,Male,Faisalabad,Doctor,550000,Current,11.7
USER_8410,18,Female,Quetta,Engineer,143000,Savings,9
USER_8411,43,Female,Hyderabad,Retired,61000,Savings,13
USER_8412,43,Female,Sialkot,Housewife,0,Savings,12.3
USER_8413,39,Male,Islamabad,Engineer,278000,Salary,3
USER_8414,29,Male,Hyderabad,Freelancer,223000,Savings,11.6
USER_8415,56,Male,Multan,Government Employee,132000,Current,1.5
USER_8416,39,Female,Hyderabad,Housewife,25000,Current,5.9
USER_8417,28,Male,Faisalabad,Engineer,257000,Salary,14.7
USER_8418,45,Female,Karachi,Shopkeeper,233000,Salary,3.6
USER_8419,36,Male,Quetta,Government Employee,156000,Savings,7.3
USER_8420,43,Male,Multan,Driver,49000,Savings,12.9
USER_8421,51,Female,Hyderabad,Driver,47000,Savings,8.4
USER_8422,48,Female,Hyderabad,Engineer,183000,Savings,0.9
USER_8423,69,Male,Peshawar,Engineer,124000,Salary,3.4
USER_8424,60,Male,Faisalabad,Shopkeeper,82000,Salary,2.8
USER_8425,33,Female,Peshawar,Housewife,10000,Savings,10.4
USER_8426,69,Female,Faisalabad,Shopkeeper,126000,Current,12.5
USER_8427,55,Male,Islamabad,Driver,43000,Salary,10.7
USER_8428,35,Female,Faisalabad,Salaried Employee,135000,Current,11.3
USER_8429,57,Male,Rawalpindi,Doctor,583000,Salary,13.1
USER_8430,31,Male,Faisalabad,Student,32000,Current,3
USER_8431,23,Female,Sialkot,Business Owner,260000,Salary,13.7
USER_8432,22,Male,Sialkot,Business Owner,938000,Savings,9.2
USER_8433,64,Male,Faisalabad,Student,30000,Savings,3.9
USER_8434,29,Female,Islamabad,Teacher,111000,Current,5.3
USER_8435,29,Female,Multan,Freelancer,206000,Savings,6.2
USER_8436,69,Male,Peshawar,Salaried Employee,94000,Savings,2
USER_8437,40,Male,Islamabad,Engineer,133000,Savings,6.2
USER_8438,30,Male,Sialkot,Shopkeeper,146000,Current,1.9
USER_8439,60,Female,Multan,Retired,39000,Current,0.6
USER_8440,29,Female,Sialkot,Engineer,148000,Savings,3.4
USER_8441,45,Male,Multan,Shopkeeper,165000,Savings,9.8
USER_8442,43,Female,Peshawar,Housewife,0,Salary,1.7
USER_8443,60,Male,Peshawar,Salaried Employee,95000,Salary,8.8
USER_8444,63,Male,Quetta,Teacher,86000,Current,13.9
USER_8445,67,Female,Rawalpindi,Doctor,504000,Salary,10.1
USER_8446,39,Male,Hyderabad,Shopkeeper,190000,Salary,13.2
USER_8447,57,Male,Sialkot,Doctor,416000,Salary,6.9
USER_8448,65,Male,Islamabad,Government Employee,110000,Current,14.8
USER_8449,63,Female,Lahore,Teacher,75000,Current,10.2
USER_8450,35,Male,Faisalabad,Salaried Employee,109000,Salary,2
USER_8451,27,Female,Rawalpindi,Housewife,25000,Current,7.3
USER_8452,63,Female,Islamabad,Salaried Employee,89000,Savings,12.9
USER_8453,37,Male,Lahore,Retired,93000,Savings,14.6
USER_8454,60,Male,Rawalpindi,Teacher,89000,Savings,2
USER_8455,24,Male,Islamabad,Freelancer,262000,Salary,3.9
USER_8456,38,Male,Quetta,Retired,57000,Savings,2.9
USER_8457,19,Female,Multan,Government Employee,156000,Current,1.8
USER_8458,38,Female,Rawalpindi,Driver,53000,Current,14.9
USER_8459,62,Female,Lahore,Freelancer,104000,Current,3.8
USER_8460,66,Female,Faisalabad,Shopkeeper,245000,Savings,10.7
USER_8461,31,Male,Quetta,Salaried Employee,112000,Current,2.1
USER_8462,52,Male,Islamabad,Student,23000,Salary,2.4
USER_8463,55,Female,Multan,Business Owner,871000,Savings,3
USER_8464,37,Female,Peshawar,Housewife,20000,Salary,14.3
USER_8465,66,Male,Hyderabad,Retired,53000,Current,14.2
USER_8466,56,Male,Lahore,Teacher,81000,Savings,11.1
USER_8467,24,Male,Rawalpindi,Business Owner,605000,Savings,11.9
USER_8468,47,Female,Hyderabad,Housewife,20000,Savings,6.7
USER_8469,38,Female,Rawalpindi,Government Employee,119000,Salary,0.8
USER_8470,68,Male,Hyderabad,Shopkeeper,101000,Savings,7.7
USER_8471,48,Male,Hyderabad,Freelancer,267000,Savings,12.2
USER_8472,24,Female,Quetta,Freelancer,229000,Savings,10.1
USER_8473,57,Female,Islamabad,Freelancer,293000,Current,14.8
USER_8474,35,Male,Quetta,Doctor,289000,Salary,3.3
USER_8475,66,Male,Hyderabad,Shopkeeper,225000,Salary,7.1
USER_8476,62,Female,Faisalabad,Shopkeeper,148000,Savings,13.4
USER_8477,56,Male,Multan,Engineer,185000,Savings,7.1
USER_8478,38,Male,Faisalabad,Doctor,254000,Current,2.1
USER_8479,32,Female,Karachi,Government Employee,139000,Current,2.3
USER_8480,48,Female,Faisalabad,Engineer,235000,Current,12.4
USER_8481,21,Female,Lahore,Teacher,68000,Current,14
USER_8482,57,Female,Hyderabad,Government Employee,114000,Salary,11.1
USER_8483,50,Female,Multan,Salaried Employee,136000,Salary,3.2
USER_8484,31,Male,Sialkot,Freelancer,294000,Current,7.9
USER_8485,30,Female,Quetta,Retired,78000,Salary,8.9
USER_8486,47,Female,Hyderabad,Government Employee,127000,Current,7.9
USER_8487,63,Male,Islamabad,Engineer,290000,Salary,14.8
USER_8488,49,Female,Rawalpindi,Doctor,412000,Savings,7.8
USER_8489,22,Female,Lahore,Doctor,394000,Savings,14.5
USER_8490,56,Female,Multan,Government Employee,139000,Current,13.9
USER_8491,45,Female,Quetta,Driver,34000,Salary,4.3
USER_8492,33,Male,Sialkot,Freelancer,312000,Salary,2.7
USER_8493,38,Female,Lahore,Shopkeeper,232000,Savings,10.7
USER_8494,37,Male,Lahore,Teacher,119000,Salary,10.7
USER_8495,28,Male,Multan,Teacher,80000,Salary,13.2
USER_8496,55,Female,Peshawar,Doctor,277000,Current,13.7
USER_8497,41,Female,Faisalabad,Student,20000,Savings,14.3
USER_8498,28,Female,Peshawar,Student,17000,Current,4.1
USER_8500,45,Female,Rawalpindi,Student,25000,Salary,13.3
USER_8501,69,Female,Multan,Housewife,0,Salary,0.9
USER_8502,59,Female,Lahore,Freelancer,218000,Savings,7.6
USER_8503,35,Female,Lahore,Engineer,131000,Current,2.2
USER_8504,22,Female,Karachi,Business Owner,310000,Salary,2.7
USER_8505,55,Female,Multan,Housewife,5000,Salary,0.9
USER_8506,55,Female,Karachi,Housewife,0,Current,6.9
USER_8507,46,Male,Sialkot,Freelancer,99000,Salary,5.5
USER_8508,38,Male,Rawalpindi,Shopkeeper,212000,Savings,10.6
USER_8509,34,Female,Multan,Shopkeeper,157000,Current,6
USER_8510,36,Female,Islamabad,Doctor,322000,Savings,3.6
USER_8511,67,Female,Hyderabad,Engineer,137000,Salary,13.8
USER_8512,63,Female,Quetta,Government Employee,164000,Savings,8.6
USER_8513,23,Female,Karachi,Housewife,20000,Savings,6.4
USER_8514,60,Female,Sialkot,Student,17000,Current,9.8
USER_8516,33,Female,Lahore,Shopkeeper,207000,Salary,13.3
USER_8517,31,Female,Rawalpindi,Retired,36000,Salary,12.6
USER_8518,25,Male,Lahore,Driver,58000,Salary,2.8
USER_8519,60,Male,Hyderabad,Driver,36000,Salary,2.9
USER_8520,22,Female,Peshawar,Driver,52000,Salary,2.1
USER_8521,60,Male,Quetta,Student,15000,Savings,13.8
USER_8522,33,Female,Sialkot,Driver,46000,Savings,11.7
USER_8523,69,Female,Peshawar,Freelancer,236000,Savings,11.8
USER_8524,37,Female,Lahore,Housewife,5000,Current,4.7
USER_8525,62,Male,Quetta,Doctor,331000,Salary,14.7
USER_8526,43,Male,Faisalabad,Student,32000,Savings,3.9
USER_8527,34,Male,Karachi,Government Employee,69000,Current,9.7
USER_8528,22,Female,Multan,Student,30000,Savings,9.2
USER_8529,59,Male,Sialkot,Driver,42000,Current,2.5
USER_8530,57,Male,Sialkot,Engineer,182000,Salary,14.3
USER_8531,19,Female,Peshawar,Government Employee,89000,Savings,13.8
USER_8532,46,Female,Multan,Government Employee,160000,Current,8.3
USER_8533,29,Female,Sialkot,Doctor,405000,Salary,9.4
USER_8534,28,Male,Quetta,Engineer,264000,Current,11
USER_8535,29,Male,Lahore,Student,32000,Savings,14.7
USER_8536,62,Female,Faisalabad,Teacher,111000,Current,8.5
USER_8537,49,Male,Karachi,Shopkeeper,151000,Savings,5.8
USER_8538,70,Female,Karachi,Government Employee,149000,Savings,3
USER_8539,59,Female,Peshawar,Engineer,281000,Salary,1.3
USER_8540,67,Female,Sialkot,Business Owner,403000,Salary,1.6
USER_8541,29,Female,Faisalabad,Housewife,0,Savings,9.8
USER_8542,50,Male,Karachi,Salaried Employee,148000,Current,3
USER_8543,70,Female,Multan,Engineer,150000,Savings,6.8
USER_8544,21,Male,Peshawar,Freelancer,294000,Salary,11.3
USER_8545,62,Male,Islamabad,Salaried Employee,116000,Savings,7.3
USER_8546,45,Male,Lahore,Salaried Employee,134000,Current,6.6
USER_8547,31,Male,Faisalabad,Engineer,271000,Salary,5.5
USER_8548,58,Female,Hyderabad,Engineer,224000,Savings,1.4
USER_8549,56,Female,Sialkot,Student,29000,Salary,8.7
USER_8550,22,Female,Peshawar,Engineer,175000,Current,6.7
USER_8551,66,Female,Quetta,Retired,53000,Current,14.4
USER_8552,67,Female,Quetta,Doctor,363000,Current,6.8
USER_8553,40,Female,Peshawar,Shopkeeper,81000,Current,2.2
USER_8554,41,Male,Hyderabad,Shopkeeper,237000,Salary,11.7
USER_8555,35,Female,Lahore,Housewife,15000,Salary,9.8
USER_8556,57,Male,Multan,Doctor,464000,Current,0.5
USER_8557,45,Female,Hyderabad,Freelancer,332000,Salary,5.7
USER_8558,52,Male,Faisalabad,Retired,82000,Current,12.7
USER_8559,58,Female,Rawalpindi,Business Owner,888000,Savings,7.8
USER_8560,63,Female,Lahore,Doctor,275000,Current,5.3
USER_8561,58,Male,Karachi,Driver,50000,Savings,3.1
USER_8562,25,Male,Rawalpindi,Business Owner,163000,Savings,8.9
USER_8563,64,Female,Faisalabad,Retired,80000,Savings,13.5
USER_8564,33,Female,Lahore,Teacher,94000,Current,4.3
USER_8565,58,Male,Multan,Driver,33000,Savings,10.3
USER_8566,35,Female,Quetta,Freelancer,196000,Salary,14.8
USER_8567,32,Male,Multan,Business Owner,843000,Current,8.8
USER_8568,56,Male,Hyderabad,Freelancer,252000,Savings,14.2
USER_8569,59,Female,Islamabad,Salaried Employee,142000,Salary,7.4
USER_8570,38,Male,Islamabad,Student,29000,Salary,1.1
USER_8571,23,Female,Faisalabad,Freelancer,310000,Savings,11.6
USER_8572,23,Female,Sialkot,Doctor,325000,Savings,6.6
USER_8573,54,Male,Karachi,Engineer,295000,Savings,4.6
USER_8574,56,Female,Lahore,Freelancer,307000,Salary,14.5
USER_8575,19,Female,Sialkot,Shopkeeper,176000,Salary,3.5
USER_8576,36,Female,Sialkot,Retired,66000,Savings,1.8
USER_8577,37,Male,Karachi,Driver,47000,Current,12.3
USER_8578,29,Female,Multan,Teacher,97000,Savings,12.6
USER_8579,46,Male,Multan,Engineer,129000,Salary,5.9
USER_8580,39,Male,Sialkot,Student,29000,Savings,7.1
USER_8581,66,Female,Karachi,Shopkeeper,232000,Current,10
USER_8582,61,Female,Lahore,Driver,44000,Salary,4.5
USER_8583,66,Female,Lahore,Salaried Employee,141000,Current,11.9
USER_8584,31,Female,Sialkot,Engineer,214000,Salary,12.5
USER_8585,28,Female,Peshawar,Retired,38000,Salary,6.4
USER_8586,26,Male,Hyderabad,Freelancer,128000,Current,6.1
USER_8587,60,Female,Sialkot,Student,24000,Savings,12.8
USER_8588,29,Female,Hyderabad,Housewife,0,Savings,3
USER_8589,40,Male,Islamabad,Student,30000,Current,5.8
USER_8590,63,Female,Sialkot,Housewife,15000,Current,3.5
USER_8591,56,Female,Rawalpindi,Business Owner,513000,Salary,10.1
USER_8592,31,Female,Multan,Freelancer,338000,Salary,11
USER_8593,62,Male,Rawalpindi,Retired,92000,Salary,8.2
USER_8594,25,Female,Lahore,Housewife,5000,Savings,12
USER_8595,38,Male,Rawalpindi,Government Employee,72000,Current,3.9
USER_8596,23,Female,Karachi,Driver,45000,Savings,2.6
USER_8597,49,Female,Rawalpindi,Government Employee,158000,Salary,7.5
USER_8598,59,Male,Quetta,Retired,39000,Savings,10.3
USER_8599,29,Male,Quetta,Salaried Employee,94000,Savings,4.9
USER_8600,36,Female,Multan,Housewife,25000,Salary,11.8
USER_8601,24,Female,Faisalabad,Freelancer,255000,Current,2.1
USER_8602,69,Female,Islamabad,Driver,59000,Current,14.9
USER_8603,19,Male,Islamabad,Business Owner,459000,Savings,2.4
USER_8604,49,Male,Lahore,Business Owner,990000,Salary,12.5
USER_8605,58,Male,Rawalpindi,Shopkeeper,209000,Salary,4.5
USER_8606,20,Male,Karachi,Engineer,295000,Current,8.8
USER_8607,63,Male,Peshawar,Government Employee,89000,Savings,13.9
USER_8608,25,Male,Hyderabad,Business Owner,321000,Savings,1.2
USER_8609,39,Male,Sialkot,Retired,94000,Salary,6.6
USER_8610,36,Female,Islamabad,Housewife,0,Current,14.3
USER_8611,58,Male,Hyderabad,Salaried Employee,76000,Salary,2.5
USER_8612,70,Male,Faisalabad,Student,25000,Salary,6
USER_8613,64,Female,Rawalpindi,Doctor,280000,Salary,2.4
USER_8614,33,Female,Karachi,Driver,58000,Savings,2
USER_8615,34,Female,Quetta,Retired,73000,Savings,9.1
USER_8616,23,Female,Quetta,Freelancer,381000,Current,5.7
USER_8617,64,Female,Sialkot,Shopkeeper,117000,Current,4.8
USER_8618,60,Male,Faisalabad,Shopkeeper,146000,Current,14.9
USER_8619,24,Female,Multan,Doctor,321000,Salary,4.2
USER_8620,34,Female,Multan,Housewife,10000,Current,4.2
USER_8621,62,Female,Peshawar,Teacher,94000,Savings,12.1
USER_8622,38,Male,Multan,Salaried Employee,137000,Salary,8.2
USER_8623,37,Female,Multan,Student,39000,Salary,9.4
USER_8624,34,Male,Lahore,Shopkeeper,226000,Current,2.8
USER_8625,56,Male,Rawalpindi,Doctor,569000,Salary,9.5
USER_8626,39,Female,Quetta,Government Employee,141000,Savings,7.6
USER_8627,26,Female,Lahore,Engineer,186000,Savings,2.9
USER_8628,28,Female,Karachi,Retired,57000,Salary,10.3
USER_8629,66,Male,Islamabad,Teacher,91000,Savings,3.1
USER_8630,27,Male,Peshawar,Teacher,120000,Savings,9.2
USER_8631,31,Female,Karachi,Driver,32000,Current,3.9
USER_8632,56,Female,Peshawar,Government Employee,90000,Current,2.8
USER_8633,51,Female,Quetta,Government Employee,144000,Current,5.8
USER_8634,52,Male,Hyderabad,Government Employee,81000,Savings,8.1
USER_8635,69,Female,Lahore,Retired,38000,Salary,8.1
USER_8636,54,Female,Quetta,Housewife,0,Salary,9.5
USER_8637,53,Male,Peshawar,Retired,61000,Current,2.5
USER_8638,18,Female,Faisalabad,Government Employee,86000,Salary,13.8
USER_8639,59,Female,Multan,Government Employee,166000,Current,3.3
USER_8640,54,Female,Lahore,Freelancer,303000,Savings,9.6
USER_8641,21,Male,Islamabad,Teacher,70000,Current,11.7
USER_8642,67,Male,Karachi,Freelancer,112000,Salary,11.2
USER_8643,32,Male,Hyderabad,Government Employee,89000,Savings,4.8
USER_8644,18,Female,Islamabad,Teacher,77000,Current,7.8
USER_8645,65,Female,Peshawar,Housewife,0,Savings,13.7
USER_8646,41,Female,Sialkot,Business Owner,767000,Current,14.1
USER_8647,21,Female,Faisalabad,Housewife,0,Current,11.6
USER_8648,36,Female,Islamabad,Student,24000,Current,8.8
USER_8649,70,Male,Multan,Salaried Employee,141000,Savings,1.7
USER_8650,47,Female,Quetta,Freelancer,257000,Savings,6.7
USER_8651,21,Male,Quetta,Student,12000,Current,4.5
USER_8652,66,Male,Peshawar,Shopkeeper,182000,Savings,2.2
USER_8653,32,Male,Hyderabad,Salaried Employee,114000,Current,5.8
USER_8654,20,Male,Rawalpindi,Doctor,415000,Salary,5.6
USER_8655,33,Female,Rawalpindi,Business Owner,433000,Current,14.6
USER_8656,65,Female,Multan,Business Owner,228000,Current,3.8
USER_8657,29,Male,Islamabad,Freelancer,111000,Salary,2.8
USER_8658,30,Female,Islamabad,Engineer,150000,Savings,2.5
USER_8659,51,Male,Rawalpindi,Retired,41000,Savings,2.7
USER_8660,32,Female,Karachi,Engineer,130000,Current,11.8
USER_8661,36,Male,Multan,Salaried Employee,90000,Salary,2.8
USER_8662,69,Female,Multan,Retired,67000,Current,6
USER_8663,45,Male,Faisalabad,Engineer,213000,Salary,14.3
USER_8664,31,Female,Multan,Government Employee,107000,Salary,13.9
USER_8665,28,Male,Peshawar,Salaried Employee,104000,Current,6.7
USER_8666,65,Male,Islamabad,Doctor,566000,Current,6.2
USER_8667,37,Female,Sialkot,Student,19000,Current,14.9
USER_8668,28,Male,Faisalabad,Retired,52000,Salary,1.1
USER_8669,68,Female,Faisalabad,Salaried Employee,118000,Current,9.3
USER_8670,21,Female,Faisalabad,Government Employee,123000,Savings,9.5
USER_8671,43,Male,Rawalpindi,Teacher,116000,Salary,9.5
USER_8672,22,Male,Hyderabad,Student,14000,Current,6
USER_8673,33,Female,Islamabad,Housewife,0,Salary,9.8
USER_8674,38,Female,Islamabad,Teacher,60000,Savings,5.5
USER_8675,65,Female,Rawalpindi,Driver,45000,Salary,14.6
USER_8676,63,Female,Quetta,Student,27000,Salary,4
USER_8677,63,Female,Multan,Business Owner,826000,Savings,6.7
USER_8678,34,Female,Multan,Freelancer,305000,Salary,8.7
USER_8679,48,Female,Islamabad,Engineer,197000,Savings,9.7
USER_8680,21,Female,Rawalpindi,Doctor,478000,Savings,12.1
USER_8681,43,Female,Sialkot,Shopkeeper,218000,Current,1.4
USER_8682,46,Female,Peshawar,Salaried Employee,112000,Savings,1.3
USER_8683,24,Female,Quetta,Student,28000,Current,14.5
USER_8684,61,Female,Multan,Housewife,0,Salary,13.6
USER_8685,28,Female,Hyderabad,Shopkeeper,99000,Salary,10.9
USER_8686,57,Male,Peshawar,Engineer,165000,Savings,6.9
USER_8687,19,Male,Islamabad,Retired,78000,Salary,9.8
USER_8688,38,Male,Quetta,Shopkeeper,172000,Current,1.3
USER_8689,70,Male,Karachi,Freelancer,199000,Current,1.6
USER_8690,58,Male,Lahore,Teacher,80000,Current,4.5
USER_8691,57,Female,Islamabad,Retired,68000,Savings,10
USER_8692,45,Female,Multan,Business Owner,165000,Current,8.7
USER_8693,32,Male,Quetta,Freelancer,210000,Savings,1.5
USER_8694,47,Male,Rawalpindi,Student,35000,Savings,14.3
USER_8695,19,Female,Lahore,Business Owner,427000,Current,12.6
USER_8696,21,Female,Peshawar,Retired,61000,Current,3.6
USER_8697,24,Female,Sialkot,Salaried Employee,129000,Current,9.3
USER_8698,37,Female,Karachi,Housewife,0,Savings,14.6
USER_8699,56,Female,Peshawar,Teacher,63000,Savings,9.1
USER_8700,21,Male,Quetta,Government Employee,77000,Current,9.6
USER_8701,68,Female,Hyderabad,Retired,39000,Salary,0.6
USER_8702,18,Female,Rawalpindi,Shopkeeper,91000,Savings,7.7
USER_8703,24,Male,Islamabad,Salaried Employee,87000,Salary,2.2
USER_8704,43,Male,Sialkot,Student,20000,Savings,12.8
USER_8705,25,Female,Quetta,Housewife,20000,Salary,3.3
USER_8706,64,Male,Karachi,Doctor,443000,Current,9.4
USER_8707,22,Male,Lahore,Teacher,100000,Current,1.7
USER_8708,32,Male,Quetta,Salaried Employee,90000,Current,2.1
USER_8709,34,Male,Sialkot,Engineer,253000,Salary,6.1
USER_8710,46,Female,Lahore,Housewife,25000,Savings,13.1
USER_8711,70,Female,Faisalabad,Teacher,112000,Salary,6.2
USER_8712,20,Male,Faisalabad,Retired,51000,Salary,1.7
USER_8713,60,Male,Multan,Teacher,102000,Salary,1.2
USER_8714,47,Female,Sialkot,Engineer,121000,Savings,4.8
USER_8715,59,Male,Hyderabad,Government Employee,92000,Current,3.1
USER_8716,60,Female,Multan,Teacher,93000,Current,7.7
USER_8717,61,Male,Islamabad,Student,15000,Savings,6.3
USER_8718,31,Male,Karachi,Government Employee,74000,Salary,6.5
USER_8719,64,Female,Faisalabad,Teacher,94000,Savings,3.1
USER_8720,49,Male,Peshawar,Government Employee,141000,Savings,1.1
USER_8721,57,Female,Rawalpindi,Student,33000,Salary,13.8
USER_8722,43,Female,Hyderabad,Salaried Employee,144000,Current,1
USER_8723,68,Female,Faisalabad,Freelancer,384000,Savings,13.7
USER_8724,20,Female,Peshawar,Housewife,20000,Current,12.4
USER_8725,38,Female,Multan,Driver,46000,Current,11.1
USER_8726,40,Female,Peshawar,Retired,45000,Savings,10.5
USER_8727,46,Male,Multan,Government Employee,93000,Savings,7.3
USER_8728,55,Male,Islamabad,Business Owner,637000,Savings,2.6
USER_8729,69,Female,Hyderabad,Doctor,368000,Current,11.5
USER_8730,58,Female,Islamabad,Shopkeeper,160000,Salary,11.7
USER_8731,45,Female,Multan,Driver,39000,Salary,1.3
USER_8732,19,Male,Islamabad,Driver,33000,Current,3.9
USER_8733,38,Female,Multan,Government Employee,133000,Salary,3
USER_8734,26,Male,Faisalabad,Engineer,184000,Savings,5.6
USER_8735,50,Male,Islamabad,Business Owner,778000,Salary,11.6
USER_8736,67,Female,Multan,Teacher,100000,Salary,2.7
USER_8737,68,Male,Sialkot,Business Owner,151000,Savings,3.4
USER_8738,47,Female,Lahore,Freelancer,111000,Current,10.2
USER_8739,18,Female,Faisalabad,Housewife,0,Savings,5.7
USER_8740,24,Female,Islamabad,Government Employee,69000,Current,4
USER_8741,28,Male,Lahore,Engineer,263000,Current,13.2
USER_8742,39,Female,Sialkot,Housewife,20000,Savings,13.5
USER_8743,58,Female,Karachi,Engineer,235000,Salary,9.3
USER_8744,25,Female,Lahore,Student,31000,Salary,8.6
USER_8745,21,Male,Sialkot,Teacher,79000,Savings,0.7
USER_8746,47,Female,Rawalpindi,Salaried Employee,72000,Salary,5.9
USER_8747,54,Female,Islamabad,Shopkeeper,249000,Current,9.6
USER_8748,18,Male,Hyderabad,Government Employee,82000,Current,12.2
USER_8749,65,Female,Lahore,Housewife,10000,Savings,1.6
USER_8750,47,Female,Rawalpindi,Freelancer,334000,Current,14.9
USER_8751,24,Female,Islamabad,Doctor,578000,Current,2.4
USER_8752,19,Female,Faisalabad,Retired,80000,Savings,4.6
USER_8753,50,Male,Quetta,Retired,38000,Current,7.7
USER_8754,64,Male,Quetta,Retired,71000,Current,13.1
USER_8755,52,Female,Peshawar,Teacher,76000,Salary,12
USER_8756,49,Female,Islamabad,Business Owner,768000,Current,12.1
USER_8757,59,Female,Multan,Freelancer,310000,Salary,8.6
USER_8758,52,Male,Islamabad,Teacher,82000,Current,10.5
USER_8759,64,Female,Islamabad,Housewife,0,Savings,2.1
USER_8760,55,Female,Lahore,Housewife,25000,Current,8.1
USER_8761,41,Male,Sialkot,Retired,34000,Salary,5.5
USER_8762,57,Female,Hyderabad,Salaried Employee,127000,Salary,3.1
USER_8763,33,Female,Rawalpindi,Retired,31000,Savings,11.3
USER_8764,26,Female,Multan,Government Employee,138000,Current,13
USER_8765,58,Female,Hyderabad,Retired,57000,Current,12.7
USER_8766,60,Male,Lahore,Salaried Employee,117000,Savings,5
USER_8767,64,Female,Karachi,Housewife,5000,Savings,11.2
USER_8768,22,Female,Multan,Housewife,25000,Savings,10.2
USER_8769,53,Male,Hyderabad,Salaried Employee,109000,Salary,9.7
USER_8770,39,Male,Multan,Doctor,504000,Current,5
USER_8771,49,Female,Lahore,Shopkeeper,98000,Savings,5.2
USER_8772,56,Male,Multan,Retired,97000,Salary,9
USER_8773,40,Female,Quetta,Salaried Employee,113000,Current,2.8
USER_8774,31,Female,Faisalabad,Government Employee,148000,Savings,12.9
USER_8775,23,Male,Karachi,Driver,50000,Salary,2.5
USER_8776,44,Female,Quetta,Teacher,70000,Salary,10.6
USER_8777,39,Male,Multan,Government Employee,112000,Salary,6.9
USER_8778,21,Female,Multan,Student,37000,Current,5.9
USER_8779,24,Male,Quetta,Engineer,224000,Salary,5.3
USER_8782,36,Male,Hyderabad,Teacher,114000,Salary,3.9
USER_8783,67,Male,Lahore,Engineer,220000,Salary,10.8
USER_8784,37,Male,Islamabad,Doctor,592000,Savings,1.9
USER_8785,43,Male,Rawalpindi,Doctor,331000,Savings,3.8
USER_8786,65,Male,Quetta,Engineer,165000,Savings,9.1
USER_8787,45,Female,Hyderabad,Housewife,5000,Salary,13.5
USER_8788,65,Male,Sialkot,Business Owner,609000,Savings,9.9
USER_8789,50,Female,Multan,Teacher,80000,Savings,0.9
USER_8790,59,Female,Multan,Driver,55000,Current,11.2
USER_8791,36,Male,Faisalabad,Doctor,592000,Current,13.1
USER_8792,31,Male,Hyderabad,Government Employee,86000,Savings,13.3
USER_8793,68,Male,Hyderabad,Government Employee,65000,Current,7.1
USER_8794,47,Female,Hyderabad,Student,25000,Savings,3.2
USER_8795,19,Female,Hyderabad,Doctor,424000,Savings,14.1
USER_8796,59,Female,Karachi,Business Owner,529000,Salary,2.6
USER_8797,21,Female,Quetta,Freelancer,285000,Current,5.5
USER_8798,31,Male,Hyderabad,Teacher,93000,Current,13.1
USER_8799,63,Female,Lahore,Salaried Employee,106000,Savings,10.3
USER_8800,30,Female,Quetta,Teacher,94000,Savings,5.1
USER_8801,21,Female,Karachi,Housewife,0,Savings,13.6
USER_8802,24,Female,Rawalpindi,Business Owner,728000,Savings,9.1
USER_8803,61,Female,Peshawar,Housewife,0,Salary,9.1
USER_8804,53,Male,Sialkot,Business Owner,651000,Salary,2.4
USER_8805,39,Male,Lahore,Business Owner,228000,Current,11.2
USER_8806,44,Male,Lahore,Business Owner,184000,Salary,6.8
USER_8807,61,Female,Islamabad,Salaried Employee,124000,Savings,4.9
USER_8808,39,Male,Quetta,Freelancer,188000,Savings,7.9
USER_8809,45,Female,Lahore,Shopkeeper,208000,Savings,1.6
USER_8810,57,Female,Faisalabad,Freelancer,199000,Savings,4
USER_8811,63,Female,Hyderabad,Salaried Employee,115000,Current,9.4
USER_8812,45,Female,Lahore,Housewife,0,Current,6.8
USER_8813,58,Female,Lahore,Doctor,312000,Salary,2.1
USER_8814,48,Male,Multan,Teacher,95000,Salary,3.3
USER_8815,52,Male,Rawalpindi,Teacher,68000,Savings,11.9
USER_8816,30,Male,Faisalabad,Doctor,206000,Salary,7.4
USER_8817,44,Female,Multan,Shopkeeper,159000,Salary,11.3
USER_8818,62,Female,Faisalabad,Retired,63000,Salary,2.6
USER_8819,49,Male,Sialkot,Business Owner,842000,Savings,2
USER_8820,39,Female,Quetta,Business Owner,663000,Current,4.6
USER_8821,67,Female,Karachi,Government Employee,161000,Savings,5.4
USER_8822,37,Female,Multan,Student,28000,Salary,10.1
USER_8823,62,Female,Sialkot,Freelancer,295000,Salary,11.3
USER_8824,49,Female,Faisalabad,Shopkeeper,209000,Savings,3.8
USER_8825,28,Female,Rawalpindi,Driver,56000,Salary,12.6
USER_8826,33,Female,Lahore,Student,24000,Current,11.8
USER_8827,57,Female,Hyderabad,Doctor,392000,Current,11.6
USER_8828,67,Male,Hyderabad,Shopkeeper,246000,Savings,13.1
USER_8829,32,Male,Hyderabad,Shopkeeper,208000,Current,4.2
USER_8830,20,Female,Rawalpindi,Freelancer,316000,Savings,11.4
USER_8831,51,Male,Karachi,Student,17000,Salary,13.8
USER_8832,20,Male,Multan,Retired,97000,Savings,7.4
USER_8833,25,Female,Rawalpindi,Driver,54000,Savings,12.3
USER_8834,31,Male,Karachi,Doctor,408000,Current,4.6
USER_8835,62,Female,Lahore,Business Owner,430000,Current,7.9
USER_8836,49,Female,Quetta,Business Owner,687000,Current,5.6
USER_8837,58,Female,Sialkot,Retired,77000,Current,10.7
USER_8838,23,Male,Faisalabad,Freelancer,115000,Current,13.8
USER_8839,36,Female,Lahore,Driver,58000,Salary,1.3
USER_8840,55,Male,Rawalpindi,Driver,54000,Salary,12.1
USER_8841,19,Male,Islamabad,Shopkeeper,215000,Current,6.2
USER_8842,52,Female,Islamabad,Student,11000,Savings,3.2
USER_8843,69,Female,Karachi,Driver,37000,Savings,13.2
USER_8844,34,Male,Lahore,Teacher,109000,Savings,1.1
USER_8845,44,Female,Lahore,Government Employee,88000,Current,3.1
USER_8846,36,Female,Peshawar,Doctor,228000,Savings,10.8
USER_8847,66,Female,Lahore,Student,28000,Current,11.9
USER_8848,61,Male,Sialkot,Shopkeeper,94000,Current,11.7
USER_8849,51,Female,Quetta,Shopkeeper,184000,Savings,2.6
USER_8850,46,Female,Peshawar,Doctor,280000,Savings,14.3
USER_8851,39,Female,Multan,Doctor,594000,Savings,14.9
USER_8852,32,Male,Multan,Retired,56000,Salary,13.8
USER_8853,30,Female,Quetta,Driver,49000,Salary,10.8
USER_8854,33,Male,Islamabad,Student,11000,Salary,11.6
USER_8855,20,Female,Karachi,Student,38000,Savings,4.6
USER_8856,46,Male,Rawalpindi,Doctor,576000,Current,3.2
USER_8857,69,Female,Rawalpindi,Government Employee,70000,Savings,4.8
USER_8858,27,Female,Lahore,Teacher,118000,Salary,6.9
USER_8859,54,Female,Hyderabad,Salaried Employee,80000,Current,11.9
USER_8860,56,Female,Islamabad,Driver,50000,Savings,1.9
USER_8861,49,Male,Peshawar,Teacher,96000,Savings,1.7
USER_8862,23,Female,Multan,Student,34000,Current,10.4
USER_8863,33,Male,Rawalpindi,Salaried Employee,106000,Salary,1.4
USER_8864,35,Female,Lahore,Freelancer,290000,Salary,9.8
USER_8865,38,Male,Sialkot,Doctor,406000,Savings,7.5
USER_8866,40,Female,Karachi,Doctor,366000,Salary,8.2
USER_8867,45,Female,Islamabad,Government Employee,118000,Salary,5.9
USER_8868,47,Female,Peshawar,Housewife,0,Savings,8.8
USER_8869,30,Male,Peshawar,Doctor,578000,Salary,7.4
USER_8870,66,Female,Karachi,Student,14000,Savings,9.9
USER_8871,45,Male,Faisalabad,Teacher,82000,Savings,6.9
USER_8872,30,Male,Karachi,Government Employee,139000,Salary,7.7
USER_8873,66,Male,Hyderabad,Teacher,88000,Current,12.6
USER_8874,65,Male,Quetta,Doctor,485000,Salary,11.1
USER_8875,56,Female,Faisalabad,Freelancer,171000,Salary,3.1
USER_8876,64,Male,Islamabad,Doctor,490000,Current,7.8
USER_8877,59,Male,Peshawar,Engineer,218000,Salary,12
USER_8878,41,Female,Multan,Shopkeeper,181000,Current,3.6
USER_8879,27,Female,Hyderabad,Teacher,73000,Savings,13.7
USER_8880,32,Male,Islamabad,Salaried Employee,115000,Current,5.9
USER_8881,22,Male,Islamabad,Doctor,406000,Current,11.4
USER_8882,69,Female,Karachi,Freelancer,217000,Current,5.9
USER_8883,59,Female,Rawalpindi,Housewife,10000,Salary,2.7
USER_8884,45,Male,Islamabad,Driver,38000,Current,6.9
USER_8885,30,Male,Quetta,Student,26000,Savings,1.4
USER_8886,34,Female,Quetta,Retired,99000,Salary,11.5
USER_8887,25,Female,Sialkot,Government Employee,138000,Salary,12.7
USER_8888,48,Male,Rawalpindi,Freelancer,176000,Savings,7.8
USER_8889,30,Female,Hyderabad,Business Owner,687000,Savings,8.5
USER_8890,51,Male,Multan,Business Owner,279000,Current,3.6
USER_8891,45,Male,Hyderabad,Engineer,167000,Salary,2.6
USER_8892,20,Female,Sialkot,Retired,61000,Current,8.4
USER_8893,32,Female,Islamabad,Housewife,0,Current,14.2
USER_8894,56,Female,Karachi,Driver,36000,Savings,14
USER_8895,56,Female,Karachi,Business Owner,564000,Current,2.7
USER_8896,27,Female,Hyderabad,Salaried Employee,140000,Savings,13.5
USER_8897,43,Female,Peshawar,Retired,88000,Salary,12.9
USER_8898,60,Male,Sialkot,Shopkeeper,100000,Salary,14.9
USER_8899,20,Female,Sialkot,Shopkeeper,149000,Current,7.8
USER_8900,54,Male,Rawalpindi,Student,22000,Savings,10.5
USER_8901,20,Female,Islamabad,Teacher,69000,Current,2.2
USER_8902,33,Male,Islamabad,Teacher,96000,Salary,7.3
USER_8903,42,Female,Lahore,Business Owner,713000,Current,11.8
USER_8904,57,Female,Hyderabad,Housewife,5000,Savings,8.9
USER_8905,43,Male,Multan,Shopkeeper,128000,Current,7.3
USER_8906,56,Female,Peshawar,Salaried Employee,122000,Salary,10.6
USER_8907,20,Male,Peshawar,Salaried Employee,142000,Salary,10.8
USER_8908,50,Female,Quetta,Student,11000,Salary,9.5
USER_8909,50,Female,Hyderabad,Driver,53000,Salary,2.8
USER_8910,35,Female,Karachi,Engineer,137000,Current,9.4
USER_8911,50,Female,Rawalpindi,Engineer,279000,Current,5.9
USER_8912,36,Female,Rawalpindi,Doctor,354000,Salary,8.7
USER_8913,63,Male,Peshawar,Shopkeeper,230000,Salary,9.7
USER_8914,27,Male,Islamabad,Salaried Employee,126000,Current,13.1
USER_8915,64,Male,Multan,Government Employee,91000,Savings,0.7
USER_8916,18,Male,Peshawar,Engineer,136000,Current,12.7
USER_8917,48,Female,Sialkot,Government Employee,172000,Salary,10.5
USER_8918,24,Female,Multan,Government Employee,174000,Salary,6
USER_8919,61,Male,Lahore,Doctor,470000,Savings,2.7
USER_8920,49,Female,Karachi,Student,11000,Current,9.4
USER_8921,61,Male,Multan,Engineer,259000,Current,14
USER_8922,55,Male,Islamabad,Teacher,77000,Current,5.7
USER_8923,39,Male,Rawalpindi,Salaried Employee,87000,Savings,4.9
USER_8924,57,Female,Faisalabad,Housewife,5000,Salary,12.1
USER_8925,54,Female,Lahore,Shopkeeper,185000,Salary,9.2
USER_8926,21,Female,Quetta,Housewife,15000,Current,9
USER_8927,20,Female,Karachi,Engineer,293000,Salary,11.6
USER_8928,41,Male,Karachi,Doctor,309000,Current,13.6
USER_8929,68,Male,Islamabad,Business Owner,658000,Current,1.1
USER_8930,59,Male,Lahore,Shopkeeper,130000,Savings,10.5
USER_8931,68,Male,Quetta,Salaried Employee,79000,Current,5.1
USER_8932,46,Female,Islamabad,Business Owner,754000,Savings,0.6
USER_8933,29,Female,Karachi,Engineer,158000,Savings,7.8
USER_8934,38,Female,Karachi,Business Owner,349000,Salary,2
USER_8935,27,Female,Karachi,Teacher,106000,Salary,8.4
USER_8936,51,Female,Multan,Teacher,100000,Salary,1.5
USER_8937,35,Male,Sialkot,Government Employee,131000,Current,5.6
USER_8938,47,Male,Sialkot,Salaried Employee,135000,Salary,12.7
USER_8939,61,Female,Faisalabad,Business Owner,630000,Current,8.2
USER_8940,39,Female,Hyderabad,Salaried Employee,99000,Savings,12.9
USER_8941,21,Female,Hyderabad,Student,29000,Salary,15
USER_8942,58,Female,Lahore,Engineer,123000,Savings,2.5
USER_8943,67,Male,Multan,Student,24000,Current,9.6
USER_8944,45,Male,Multan,Student,21000,Salary,0.8
USER_8945,41,Female,Peshawar,Doctor,373000,Current,8.3
USER_8946,31,Female,Sialkot,Retired,63000,Salary,1.9
USER_8947,37,Female,Faisalabad,Government Employee,121000,Savings,13.2
USER_8948,20,Male,Multan,Salaried Employee,81000,Salary,12
USER_8949,64,Female,Karachi,Freelancer,135000,Savings,2.5
USER_8950,68,Female,Peshawar,Housewife,10000,Savings,4.1
USER_8951,32,Female,Lahore,Housewife,0,Salary,8.9
USER_8952,45,Female,Islamabad,Government Employee,124000,Current,3.3
USER_8953,53,Male,Rawalpindi,Government Employee,61000,Salary,13.6
USER_8954,33,Male,Faisalabad,Engineer,163000,Savings,7.6
USER_8955,31,Female,Hyderabad,Government Employee,165000,Savings,11.2
USER_8956,50,Female,Faisalabad,Driver,35000,Current,6.5
USER_8957,53,Female,Hyderabad,Business Owner,186000,Salary,10
USER_8958,53,Male,Karachi,Student,33000,Current,13.7
USER_8959,60,Female,Rawalpindi,Business Owner,271000,Current,7.3
USER_8960,21,Male,Multan,Teacher,74000,Salary,8.4
USER_8961,65,Female,Peshawar,Business Owner,262000,Salary,9.7
USER_8962,47,Female,Sialkot,Retired,44000,Current,13.3
USER_8963,69,Male,Multan,Driver,55000,Salary,14.7
USER_8964,36,Female,Hyderabad,Doctor,249000,Salary,10
USER_8965,34,Female,Peshawar,Housewife,0,Savings,13.1
USER_8966,41,Female,Islamabad,Doctor,405000,Current,8.3
USER_8967,36,Female,Multan,Government Employee,162000,Salary,10.4
USER_8968,49,Female,Hyderabad,Doctor,389000,Salary,9.5
USER_8969,57,Male,Islamabad,Driver,37000,Current,4.6
USER_8970,32,Male,Hyderabad,Salaried Employee,94000,Current,6.7
USER_8971,50,Female,Sialkot,Driver,34000,Salary,9.9
USER_8972,37,Female,Islamabad,Business Owner,692000,Savings,6.4
USER_8973,39,Male,Multan,Government Employee,86000,Savings,10
USER_8974,58,Male,Lahore,Driver,36000,Current,6.7
USER_8975,46,Male,Islamabad,Shopkeeper,213000,Current,7.4
USER_8976,37,Female,Sialkot,Government Employee,118000,Savings,11.3
USER_8977,67,Male,Peshawar,Doctor,240000,Salary,10.6
USER_8978,53,Male,Islamabad,Engineer,257000,Salary,5.4
USER_8979,70,Female,Rawalpindi,Housewife,5000,Salary,10.7
USER_8980,62,Female,Faisalabad,Student,27000,Current,5
USER_8981,19,Female,Rawalpindi,Freelancer,320000,Savings,8.8
USER_8982,24,Female,Multan,Doctor,379000,Current,7.5
USER_8983,69,Female,Hyderabad,Housewife,5000,Salary,4.7
USER_8984,39,Male,Lahore,Business Owner,189000,Salary,5.1
USER_8985,38,Male,Sialkot,Driver,34000,Current,2
USER_8986,50,Female,Rawalpindi,Teacher,96000,Current,0.6
USER_8987,67,Male,Peshawar,Student,39000,Salary,10.2
USER_8988,56,Male,Faisalabad,Teacher,81000,Savings,15
USER_8989,62,Female,Islamabad,Student,13000,Current,6
USER_8990,35,Female,Lahore,Doctor,559000,Current,14.9
USER_8991,48,Male,Rawalpindi,Shopkeeper,192000,Salary,4.4
USER_8992,57,Male,Rawalpindi,Teacher,65000,Salary,7.6
USER_8993,18,Female,Peshawar,Housewife,15000,Current,9.8
USER_8994,37,Female,Lahore,Teacher,98000,Current,1.9
USER_8995,62,Female,Multan,Business Owner,962000,Savings,8.4
USER_8996,42,Male,Peshawar,Salaried Employee,148000,Current,6.7
USER_8997,51,Male,Quetta,Teacher,76000,Salary,8
USER_8998,42,Female,Quetta,Salaried Employee,131000,Salary,3
USER_8999,59,Male,Sialkot,Freelancer,86000,Current,14
USER_9000,64,Female,Faisalabad,Teacher,82000,Savings,3.9
USER_9001,18,Female,Karachi,Teacher,83000,Salary,11
USER_9002,57,Female,Quetta,Housewife,25000,Savings,3.6
USER_9003,29,Female,Hyderabad,Government Employee,154000,Savings,12.2
USER_9004,29,Male,Rawalpindi,Shopkeeper,138000,Current,9.4
USER_9005,21,Female,Rawalpindi,Salaried Employee,121000,Savings,5.3
USER_9006,34,Female,Rawalpindi,Engineer,175000,Current,12.7
USER_9007,44,Female,Faisalabad,Freelancer,178000,Savings,14.5
USER_9008,31,Female,Rawalpindi,Teacher,115000,Current,1.9
USER_9009,60,Female,Sialkot,Freelancer,298000,Current,2.6
USER_9010,58,Female,Karachi,Retired,33000,Salary,8.6
USER_9011,47,Male,Peshawar,Teacher,118000,Savings,10.7
USER_9012,34,Male,Lahore,Doctor,353000,Savings,12
USER_9013,57,Male,Rawalpindi,Doctor,393000,Current,5
USER_9014,59,Male,Multan,Teacher,118000,Savings,6.7
USER_9015,44,Male,Quetta,Driver,49000,Salary,3.2
USER_9016,51,Female,Rawalpindi,Engineer,241000,Salary,13.7
USER_9017,52,Female,Sialkot,Teacher,84000,Salary,8.7
USER_9018,38,Male,Peshawar,Teacher,117000,Current,5.2
USER_9019,35,Female,Peshawar,Engineer,224000,Current,5.1
USER_9020,50,Female,Hyderabad,Government Employee,130000,Savings,6.7
USER_9021,45,Female,Peshawar,Student,17000,Savings,11.2
USER_9022,28,Male,Lahore,Government Employee,89000,Salary,11.5
USER_9023,51,Female,Multan,Government Employee,144000,Salary,11.9
USER_9024,22,Female,Faisalabad,Retired,97000,Savings,12.5
USER_9025,36,Female,Peshawar,Teacher,97000,Salary,8.1
USER_9026,32,Female,Quetta,Government Employee,134000,Salary,2.3
USER_9027,41,Female,Rawalpindi,Student,30000,Savings,14.1
USER_9028,33,Female,Islamabad,Housewife,15000,Savings,7.6
USER_9029,36,Female,Hyderabad,Student,36000,Current,14.3
USER_9030,54,Male,Faisalabad,Shopkeeper,107000,Current,7.4
USER_9031,44,Male,Karachi,Business Owner,199000,Salary,13.7
USER_9032,69,Male,Karachi,Salaried Employee,94000,Savings,10.9
USER_9033,55,Female,Multan,Housewife,0,Savings,13
USER_9034,56,Male,Islamabad,Government Employee,80000,Salary,5.6
USER_9035,24,Female,Islamabad,Salaried Employee,124000,Savings,9.6
USER_9036,65,Male,Lahore,Teacher,77000,Current,3.4
USER_9037,24,Female,Karachi,Teacher,81000,Savings,12.6
USER_9038,49,Female,Peshawar,Business Owner,674000,Savings,11.6
USER_9039,61,Male,Multan,Freelancer,123000,Savings,3.1
USER_9040,37,Male,Rawalpindi,Salaried Employee,122000,Savings,5.4
USER_9041,44,Male,Rawalpindi,Government Employee,154000,Current,12.4
USER_9042,63,Male,Lahore,Student,39000,Current,6.9
USER_9043,47,Male,Islamabad,Government Employee,152000,Salary,2
USER_9044,39,Female,Islamabad,Shopkeeper,227000,Salary,7.3
USER_9045,67,Male,Hyderabad,Student,39000,Savings,13.2
USER_9046,45,Female,Karachi,Driver,49000,Savings,0.7
USER_9047,66,Female,Quetta,Freelancer,111000,Salary,11
USER_9048,48,Female,Peshawar,Freelancer,276000,Salary,8.8
USER_9049,31,Male,Sialkot,Driver,34000,Salary,8.7
USER_9050,70,Female,Faisalabad,Doctor,262000,Savings,3.9
USER_9051,23,Male,Karachi,Salaried Employee,108000,Savings,5.8
USER_9052,49,Female,Quetta,Doctor,314000,Current,3.6
USER_9053,30,Male,Peshawar,Student,14000,Salary,11.7
USER_9054,56,Female,Hyderabad,Doctor,463000,Current,12.2
USER_9055,41,Female,Rawalpindi,Housewife,0,Current,2.8
USER_9056,21,Female,Multan,Housewife,10000,Salary,9.4
USER_9057,31,Female,Multan,Driver,56000,Current,11.4
USER_9058,19,Female,Multan,Shopkeeper,210000,Savings,10.1
USER_9059,61,Male,Islamabad,Shopkeeper,167000,Salary,6.5
USER_9060,58,Female,Quetta,Doctor,520000,Current,9.3
USER_9061,51,Female,Rawalpindi,Teacher,119000,Savings,3.2
USER_9062,54,Female,Multan,Salaried Employee,83000,Savings,5.5
USER_9063,45,Male,Hyderabad,Salaried Employee,71000,Salary,13.5
USER_9064,53,Male,Faisalabad,Student,31000,Salary,13.2
USER_9065,64,Female,Multan,Housewife,10000,Salary,2
USER_9066,40,Male,Quetta,Engineer,124000,Salary,1.6
USER_9067,61,Female,Peshawar,Driver,39000,Salary,2.8
USER_9068,62,Female,Rawalpindi,Doctor,334000,Savings,13.4
USER_9069,69,Female,Faisalabad,Shopkeeper,116000,Current,10.5
USER_9070,32,Male,Faisalabad,Engineer,176000,Salary,14
USER_9071,18,Female,Islamabad,Teacher,62000,Salary,14.3
USER_9072,36,Female,Islamabad,Engineer,296000,Savings,14
USER_9073,62,Female,Quetta,Driver,41000,Salary,3.2
USER_9074,50,Male,Karachi,Freelancer,121000,Salary,9.9
USER_9075,28,Male,Faisalabad,Doctor,404000,Savings,14.1
USER_9076,67,Male,Sialkot,Shopkeeper,80000,Savings,0.6
USER_9077,55,Male,Sialkot,Doctor,553000,Savings,5.7
USER_9078,61,Female,Sialkot,Housewife,0,Current,5.5
USER_9079,33,Male,Peshawar,Student,14000,Salary,12.8
USER_9080,33,Female,Sialkot,Shopkeeper,80000,Salary,6.1
USER_9081,59,Male,Peshawar,Shopkeeper,171000,Salary,7.2
USER_9082,30,Female,Lahore,Shopkeeper,116000,Savings,10.4
USER_9083,32,Male,Rawalpindi,Student,10000,Savings,13.9
USER_9084,39,Female,Sialkot,Doctor,342000,Current,11.6
USER_9085,30,Female,Lahore,Housewife,15000,Savings,9.1
USER_9086,32,Female,Quetta,Retired,69000,Savings,2.5
USER_9087,45,Male,Lahore,Engineer,199000,Savings,0.8
USER_9088,19,Male,Faisalabad,Retired,45000,Savings,1.6
USER_9089,58,Female,Rawalpindi,Retired,80000,Current,7.7
USER_9090,43,Female,Hyderabad,Retired,56000,Current,1.7
USER_9091,38,Male,Islamabad,Business Owner,942000,Salary,2.5
USER_9092,38,Male,Faisalabad,Business Owner,842000,Current,11
USER_9093,56,Female,Sialkot,Freelancer,181000,Salary,4.2
USER_9094,40,Female,Peshawar,Engineer,264000,Savings,15
USER_9095,40,Male,Lahore,Driver,50000,Current,0.5
USER_9096,42,Female,Karachi,Doctor,351000,Savings,2.6
USER_9097,68,Male,Multan,Teacher,63000,Savings,5
USER_9098,50,Male,Karachi,Shopkeeper,168000,Savings,2.1
USER_9099,27,Female,Karachi,Government Employee,145000,Current,8.8
USER_9100,24,Male,Multan,Salaried Employee,120000,Salary,9.6
USER_9101,70,Female,Faisalabad,Salaried Employee,131000,Savings,11.1
USER_9102,43,Female,Multan,Teacher,73000,Current,7.6
USER_9103,59,Female,Sialkot,Doctor,451000,Salary,4.9
USER_9104,58,Male,Hyderabad,Freelancer,339000,Current,10.8
USER_9105,68,Male,Rawalpindi,Government Employee,89000,Savings,7.6
USER_9106,65,Male,Lahore,Shopkeeper,80000,Savings,9.8
USER_9107,60,Female,Lahore,Freelancer,367000,Current,1.5
USER_9108,36,Male,Quetta,Engineer,151000,Current,11.2
USER_9109,45,Male,Hyderabad,Retired,35000,Savings,8.4
USER_9110,38,Male,Hyderabad,Student,37000,Current,8
USER_9111,28,Female,Sialkot,Engineer,226000,Savings,4.9
USER_9112,66,Male,Sialkot,Doctor,401000,Savings,10.3
USER_9113,57,Male,Sialkot,Government Employee,81000,Salary,5.4
USER_9114,51,Male,Quetta,Business Owner,501000,Savings,6.6
USER_9115,30,Male,Rawalpindi,Teacher,108000,Salary,14.4
USER_9116,70,Male,Lahore,Salaried Employee,76000,Savings,7.3
USER_9117,59,Male,Rawalpindi,Business Owner,806000,Current,9.8
USER_9118,62,Male,Islamabad,Freelancer,398000,Savings,14.7
USER_9119,47,Male,Islamabad,Government Employee,66000,Savings,4
USER_9120,53,Male,Rawalpindi,Government Employee,136000,Salary,9.5
USER_9121,22,Male,Lahore,Government Employee,142000,Salary,8.9
USER_9122,48,Male,Quetta,Driver,45000,Salary,2.8
USER_9123,47,Female,Peshawar,Business Owner,314000,Savings,6.2
USER_9124,53,Female,Islamabad,Salaried Employee,148000,Current,12.2
USER_9125,39,Male,Faisalabad,Teacher,105000,Current,12
USER_9126,39,Female,Faisalabad,Government Employee,63000,Current,2.8
USER_9127,42,Male,Faisalabad,Driver,52000,Salary,9.7
USER_9128,57,Male,Sialkot,Business Owner,887000,Current,2.5
USER_9129,55,Male,Lahore,Government Employee,61000,Savings,8
USER_9130,59,Female,Sialkot,Housewife,10000,Savings,8.9
USER_9131,25,Male,Peshawar,Freelancer,285000,Savings,13.4
USER_9132,58,Female,Karachi,Shopkeeper,153000,Salary,14.4
USER_9133,36,Female,Rawalpindi,Salaried Employee,128000,Savings,12.5
USER_9134,28,Male,Islamabad,Retired,98000,Current,14.7
USER_9135,34,Female,Hyderabad,Housewife,20000,Salary,3.6
USER_9136,44,Male,Faisalabad,Student,27000,Salary,8.1
USER_9137,25,Female,Rawalpindi,Salaried Employee,102000,Salary,2
USER_9138,18,Female,Peshawar,Retired,69000,Savings,1
USER_9139,44,Male,Islamabad,Doctor,582000,Current,9.2
USER_9140,63,Female,Islamabad,Engineer,260000,Savings,8.1
USER_9141,69,Female,Rawalpindi,Engineer,249000,Salary,1.6
USER_9142,44,Female,Faisalabad,Retired,87000,Current,12.4
USER_9143,69,Female,Lahore,Government Employee,82000,Salary,13.7
USER_9144,68,Male,Karachi,Salaried Employee,149000,Salary,2
USER_9145,51,Female,Lahore,Housewife,15000,Salary,1.7
USER_9146,70,Male,Lahore,Teacher,85000,Savings,2.4
USER_9147,41,Male,Multan,Driver,56000,Salary,14.6
USER_9148,28,Male,Lahore,Teacher,63000,Salary,2.1
USER_9149,62,Male,Multan,Doctor,319000,Savings,6.3
USER_9150,43,Male,Islamabad,Shopkeeper,105000,Current,8.6
USER_9151,47,Female,Peshawar,Business Owner,959000,Salary,12
USER_9152,52,Male,Sialkot,Government Employee,171000,Salary,3.8
USER_9153,60,Female,Karachi,Engineer,143000,Savings,9.9
USER_9154,63,Female,Peshawar,Government Employee,60000,Salary,8.5
USER_9155,51,Male,Lahore,Government Employee,75000,Salary,1.6
USER_9156,50,Male,Faisalabad,Driver,59000,Savings,12.5
USER_9157,65,Male,Karachi,Teacher,110000,Current,5
USER_9158,47,Female,Islamabad,Engineer,267000,Current,3.7
USER_9159,66,Female,Karachi,Housewife,25000,Current,8.1
USER_9160,56,Male,Rawalpindi,Teacher,84000,Savings,1.4
USER_9162,57,Female,Lahore,Driver,33000,Savings,9.6
USER_9163,19,Female,Hyderabad,Doctor,237000,Current,0.6
USER_9164,24,Female,Hyderabad,Business Owner,919000,Current,12.9
USER_9165,68,Male,Karachi,Freelancer,344000,Current,2.3
USER_9166,67,Female,Quetta,Housewife,20000,Salary,6.2
USER_9167,32,Female,Faisalabad,Teacher,64000,Current,5.9
USER_9168,37,Female,Peshawar,Salaried Employee,81000,Savings,11.8
USER_9169,30,Female,Islamabad,Student,33000,Salary,1.6
USER_9170,60,Female,Sialkot,Driver,40000,Savings,7.4
USER_9171,28,Male,Lahore,Freelancer,85000,Savings,6.9
USER_9172,69,Female,Hyderabad,Business Owner,544000,Savings,12.4
USER_9173,24,Female,Quetta,Freelancer,183000,Current,7.9
USER_9174,64,Male,Faisalabad,Shopkeeper,90000,Current,10.6
USER_9175,70,Male,Hyderabad,Engineer,222000,Current,6.1
USER_9176,35,Male,Hyderabad,Engineer,224000,Current,6.6
USER_9177,39,Female,Lahore,Housewife,0,Savings,1.1
USER_9178,19,Male,Quetta,Retired,32000,Salary,5.4
USER_9179,67,Male,Multan,Freelancer,292000,Current,9.7
USER_9180,69,Female,Islamabad,Engineer,209000,Savings,5.5
USER_9181,23,Female,Karachi,Retired,61000,Savings,5.5
USER_9182,69,Female,Quetta,Student,38000,Salary,6.6
USER_9183,45,Male,Karachi,Teacher,73000,Current,14.3
USER_9184,55,Female,Quetta,Engineer,177000,Savings,12.5
USER_9185,62,Male,Lahore,Retired,62000,Savings,13.6
USER_9186,54,Male,Karachi,Freelancer,77000,Current,0.6
USER_9187,49,Female,Multan,Business Owner,474000,Salary,13.8
USER_9189,54,Male,Lahore,Teacher,63000,Current,6.8
USER_9190,18,Male,Multan,Shopkeeper,224000,Current,1
USER_9191,70,Male,Sialkot,Engineer,280000,Savings,2.6
USER_9192,65,Male,Faisalabad,Doctor,301000,Current,9.3
USER_9194,67,Male,Quetta,Government Employee,161000,Salary,6.6
USER_9195,51,Male,Hyderabad,Salaried Employee,124000,Salary,13.7
USER_9196,23,Female,Rawalpindi,Doctor,433000,Salary,14.5
USER_9197,47,Female,Multan,Salaried Employee,148000,Current,10.9
USER_9198,54,Female,Islamabad,Retired,80000,Salary,1.9
USER_9199,63,Female,Quetta,Business Owner,914000,Savings,10.2
USER_9200,24,Male,Faisalabad,Engineer,163000,Current,11.4
USER_9201,20,Female,Karachi,Business Owner,994000,Current,5.4
USER_9202,20,Female,Hyderabad,Salaried Employee,105000,Current,12.7
USER_9203,23,Female,Peshawar,Business Owner,770000,Salary,5.8
USER_9204,24,Female,Sialkot,Housewife,5000,Salary,7.2
USER_9205,35,Male,Faisalabad,Salaried Employee,73000,Savings,4
USER_9206,70,Female,Rawalpindi,Business Owner,933000,Savings,8.4
USER_9207,37,Male,Faisalabad,Doctor,293000,Current,7.4
USER_9208,61,Male,Multan,Shopkeeper,128000,Savings,6.5
USER_9209,48,Male,Rawalpindi,Student,26000,Salary,8.8
USER_9210,37,Female,Faisalabad,Teacher,86000,Salary,7.8
USER_9211,66,Male,Lahore,Retired,36000,Salary,5.2
USER_9212,42,Female,Lahore,Shopkeeper,201000,Salary,10.1
USER_9213,68,Female,Sialkot,Student,29000,Salary,1.6
USER_9214,54,Female,Hyderabad,Shopkeeper,190000,Savings,7.2
USER_9215,54,Female,Lahore,Housewife,0,Savings,10.9
USER_9216,43,Male,Multan,Shopkeeper,184000,Savings,1.5
USER_9217,58,Male,Islamabad,Business Owner,177000,Current,7.1
USER_9218,62,Female,Multan,Student,11000,Savings,11.6
USER_9219,35,Male,Multan,Doctor,400000,Salary,4
USER_9220,64,Female,Islamabad,Shopkeeper,178000,Current,2.7
USER_9221,19,Male,Lahore,Shopkeeper,164000,Salary,8.7
USER_9222,31,Male,Multan,Government Employee,120000,Savings,2.2
USER_9223,59,Female,Hyderabad,Retired,34000,Salary,7.1
USER_9224,60,Male,Islamabad,Retired,67000,Salary,14.7
USER_9225,67,Male,Rawalpindi,Driver,45000,Current,13.8
USER_9226,49,Female,Sialkot,Teacher,85000,Current,13
USER_9227,31,Female,Faisalabad,Housewife,10000,Salary,4.6
USER_9228,59,Male,Peshawar,Shopkeeper,174000,Current,13.1
USER_9229,45,Female,Quetta,Engineer,297000,Salary,6.9
USER_9230,43,Female,Multan,Housewife,0,Current,2.5
USER_9231,33,Female,Hyderabad,Business Owner,865000,Savings,12.8
USER_9232,60,Female,Lahore,Doctor,381000,Savings,3.2
USER_9233,49,Female,Multan,Housewife,0,Salary,7.3
USER_9234,43,Male,Faisalabad,Driver,32000,Current,4.6
USER_9235,60,Female,Peshawar,Teacher,89000,Current,11.8
USER_9236,46,Male,Karachi,Government Employee,69000,Salary,8.3
USER_9237,49,Female,Sialkot,Doctor,229000,Current,10.2
USER_9238,68,Female,Peshawar,Driver,53000,Current,11.1
USER_9239,18,Female,Karachi,Driver,57000,Current,7.3
USER_9240,43,Female,Islamabad,Housewife,20000,Savings,4.3
USER_9242,39,Male,Quetta,Retired,83000,Current,11.7
USER_9243,32,Female,Islamabad,Housewife,10000,Savings,10.3
USER_9244,63,Male,Sialkot,Business Owner,823000,Current,9.5
USER_9245,65,Female,Quetta,Doctor,365000,Savings,13.9
USER_9246,45,Female,Karachi,Housewife,25000,Savings,12.1
USER_9247,40,Male,Sialkot,Doctor,443000,Savings,2.1
USER_9248,39,Female,Islamabad,Salaried Employee,121000,Current,1.6
USER_9249,34,Female,Multan,Engineer,160000,Salary,10
USER_9250,56,Female,Peshawar,Business Owner,624000,Savings,13.8
USER_9251,42,Male,Islamabad,Student,37000,Savings,2.8
USER_9252,63,Male,Lahore,Government Employee,146000,Savings,7.8
USER_9253,27,Male,Faisalabad,Freelancer,342000,Savings,1
USER_9254,34,Female,Multan,Engineer,214000,Current,10.4
USER_9255,36,Male,Islamabad,Business Owner,339000,Savings,13.3
USER_9256,30,Male,Lahore,Business Owner,980000,Salary,4
USER_9257,55,Female,Sialkot,Business Owner,411000,Current,9
USER_9258,18,Female,Hyderabad,Freelancer,341000,Current,3.5
USER_9259,68,Female,Multan,Business Owner,436000,Current,6.7
USER_9260,24,Male,Peshawar,Student,30000,Savings,4.3
USER_9261,43,Female,Multan,Freelancer,354000,Salary,11
USER_9262,21,Female,Hyderabad,Student,29000,Current,7.3
USER_9263,21,Female,Islamabad,Doctor,353000,Current,10.9
USER_9264,50,Female,Islamabad,Teacher,78000,Current,6.1
USER_9265,23,Male,Quetta,Driver,39000,Savings,10.5
USER_9266,55,Male,Peshawar,Teacher,98000,Savings,10.4
USER_9267,55,Male,Lahore,Salaried Employee,88000,Savings,3.1
USER_9268,39,Male,Islamabad,Driver,52000,Salary,5.6
USER_9269,42,Female,Karachi,Engineer,196000,Savings,10.9
USER_9270,39,Male,Rawalpindi,Shopkeeper,82000,Savings,11.6
USER_9271,49,Female,Multan,Housewife,0,Savings,3.5
USER_9272,64,Female,Karachi,Shopkeeper,143000,Current,11.5
USER_9273,50,Female,Rawalpindi,Salaried Employee,126000,Current,14.3
USER_9274,37,Female,Faisalabad,Driver,37000,Savings,11.8
USER_9275,26,Male,Rawalpindi,Business Owner,846000,Current,12.3
USER_9276,46,Female,Peshawar,Government Employee,67000,Salary,5.7
USER_9277,52,Male,Lahore,Freelancer,292000,Salary,4.5
USER_9278,56,Female,Quetta,Salaried Employee,88000,Current,3.5
USER_9279,61,Male,Islamabad,Engineer,216000,Salary,7.8
USER_9280,30,Male,Rawalpindi,Student,26000,Salary,2.2
USER_9281,26,Female,Peshawar,Student,32000,Current,7
USER_9282,47,Female,Sialkot,Retired,54000,Current,4.2
USER_9283,70,Female,Faisalabad,Retired,91000,Current,10
USER_9284,22,Female,Rawalpindi,Housewife,15000,Salary,14.9
USER_9285,49,Male,Lahore,Driver,31000,Savings,4.8
USER_9286,69,Female,Multan,Freelancer,295000,Savings,8.8
USER_9287,45,Female,Multan,Business Owner,374000,Salary,1.9
USER_9288,69,Male,Rawalpindi,Engineer,265000,Salary,5.5
USER_9289,48,Male,Hyderabad,Government Employee,149000,Savings,10.6
USER_9290,40,Male,Islamabad,Shopkeeper,246000,Savings,9.3
USER_9291,37,Male,Lahore,Retired,31000,Savings,3.9
USER_9292,70,Male,Quetta,Business Owner,183000,Current,4.1
USER_9293,65,Female,Sialkot,Shopkeeper,91000,Current,9.9
USER_9294,55,Male,Lahore,Freelancer,282000,Salary,9.6
USER_9295,32,Male,Multan,Doctor,275000,Savings,8.9
USER_9296,29,Female,Lahore,Housewife,25000,Savings,10.5
USER_9297,20,Male,Islamabad,Salaried Employee,77000,Current,3.9
USER_9298,28,Male,Quetta,Freelancer,193000,Salary,10.9
USER_9299,67,Male,Quetta,Freelancer,347000,Savings,4.7
USER_9300,22,Female,Lahore,Student,38000,Savings,4.6
USER_9301,29,Female,Peshawar,Engineer,268000,Salary,11
USER_9302,49,Male,Sialkot,Student,36000,Current,6.6
USER_9303,65,Female,Quetta,Business Owner,810000,Salary,7.8
USER_9304,63,Female,Karachi,Salaried Employee,131000,Savings,2.3
USER_9305,33,Female,Karachi,Salaried Employee,110000,Current,0.7
USER_9306,26,Female,Karachi,Retired,76000,Savings,12.7
USER_9307,23,Female,Sialkot,Teacher,111000,Salary,11.3
USER_9308,37,Female,Quetta,Doctor,399000,Current,6.2
USER_9309,60,Female,Hyderabad,Freelancer,133000,Current,2.9
USER_9310,37,Male,Karachi,Student,40000,Savings,12.6
USER_9311,31,Female,Faisalabad,Government Employee,119000,Salary,4.4
USER_9312,24,Male,Peshawar,Government Employee,127000,Savings,3.3
USER_9313,27,Female,Quetta,Retired,59000,Savings,7.5
USER_9314,59,Male,Rawalpindi,Retired,61000,Current,5.3
USER_9315,39,Female,Lahore,Shopkeeper,209000,Current,5.9
USER_9316,44,Female,Lahore,Student,33000,Salary,1.2
USER_9317,40,Male,Lahore,Business Owner,550000,Savings,9.8
USER_9318,49,Male,Sialkot,Government Employee,142000,Savings,14.4
USER_9319,60,Male,Faisalabad,Student,14000,Current,14.6
USER_9320,61,Female,Rawalpindi,Housewife,15000,Salary,5.5
USER_9321,61,Male,Karachi,Business Owner,654000,Current,7.7
USER_9322,47,Female,Lahore,Retired,58000,Savings,7.9
USER_9323,65,Male,Rawalpindi,Shopkeeper,94000,Salary,11.3
USER_9324,35,Female,Hyderabad,Business Owner,819000,Current,0.7
USER_9325,30,Male,Rawalpindi,Business Owner,535000,Salary,14.8
USER_9326,37,Male,Quetta,Teacher,72000,Salary,3.8
USER_9327,65,Female,Multan,Shopkeeper,92000,Savings,7.3
USER_9328,33,Male,Peshawar,Driver,31000,Savings,1.2
USER_9329,30,Female,Karachi,Engineer,197000,Salary,12.5
USER_9330,23,Male,Peshawar,Freelancer,192000,Savings,9.6
USER_9331,27,Female,Islamabad,Driver,51000,Current,7.3
USER_9332,67,Male,Hyderabad,Retired,33000,Current,2.2
USER_9333,57,Female,Karachi,Freelancer,258000,Current,6.3
USER_9334,23,Male,Quetta,Freelancer,138000,Savings,10.7
USER_9335,38,Female,Faisalabad,Government Employee,107000,Salary,12.2
USER_9336,55,Female,Multan,Government Employee,86000,Salary,6
USER_9337,34,Male,Quetta,Driver,49000,Current,14.8
USER_9338,51,Female,Lahore,Driver,46000,Current,9.9
USER_9339,45,Male,Faisalabad,Engineer,293000,Current,12.1
USER_9340,35,Male,Islamabad,Student,24000,Salary,13.4
USER_9341,60,Male,Multan,Engineer,259000,Savings,1.3
USER_9342,69,Female,Quetta,Student,32000,Salary,10.8
USER_9343,41,Female,Rawalpindi,Teacher,109000,Current,9.4
USER_9344,20,Female,Rawalpindi,Teacher,97000,Salary,4
USER_9345,56,Male,Peshawar,Retired,51000,Current,12.8
USER_9346,50,Male,Faisalabad,Student,26000,Salary,12.6
USER_9347,69,Male,Islamabad,Business Owner,233000,Salary,1.8
USER_9348,48,Male,Peshawar,Shopkeeper,105000,Savings,0.6
USER_9349,20,Male,Karachi,Shopkeeper,137000,Current,1.5
USER_9350,38,Female,Faisalabad,Housewife,25000,Salary,9.4
USER_9351,35,Male,Karachi,Student,11000,Savings,13.2
USER_9352,32,Male,Karachi,Driver,51000,Savings,11
USER_9353,70,Male,Faisalabad,Student,13000,Savings,11
USER_9354,68,Male,Lahore,Engineer,293000,Salary,8.6
USER_9355,22,Male,Peshawar,Shopkeeper,119000,Current,4.7
USER_9356,46,Female,Faisalabad,Engineer,219000,Savings,8
USER_9357,37,Female,Quetta,Freelancer,122000,Current,13.6
USER_9358,52,Male,Rawalpindi,Doctor,372000,Salary,11.5
USER_9359,49,Female,Sialkot,Housewife,10000,Salary,7.2
USER_9360,25,Male,Sialkot,Student,38000,Salary,11.9
USER_9361,51,Male,Hyderabad,Engineer,231000,Savings,8.7
USER_9362,58,Female,Quetta,Housewife,0,Current,6.3
USER_9363,57,Male,Hyderabad,Retired,51000,Salary,10.9
USER_9364,46,Male,Quetta,Driver,44000,Salary,11.9
USER_9365,47,Female,Quetta,Retired,86000,Current,12.7
USER_9366,46,Female,Sialkot,Shopkeeper,209000,Current,7.5
USER_9367,60,Male,Karachi,Shopkeeper,163000,Savings,11.1
USER_9368,51,Male,Rawalpindi,Driver,54000,Savings,11.8
USER_9369,32,Male,Faisalabad,Shopkeeper,154000,Salary,1.9
USER_9370,64,Male,Hyderabad,Shopkeeper,227000,Salary,6.4
USER_9371,46,Male,Peshawar,Government Employee,145000,Salary,13.6
USER_9372,34,Female,Karachi,Retired,77000,Savings,1.7
USER_9373,31,Male,Lahore,Government Employee,89000,Savings,9.8
USER_9374,69,Female,Quetta,Freelancer,158000,Salary,7.9
USER_9375,28,Male,Sialkot,Driver,57000,Current,5.3
USER_9376,43,Male,Karachi,Business Owner,698000,Salary,3.6
USER_9377,20,Female,Sialkot,Retired,39000,Salary,10.2
USER_9378,18,Female,Islamabad,Government Employee,150000,Salary,9.9
USER_9379,65,Female,Rawalpindi,Teacher,79000,Salary,1.6
USER_9380,37,Female,Karachi,Driver,48000,Current,8.3
USER_9381,49,Male,Lahore,Retired,88000,Savings,4.8
USER_9382,58,Female,Sialkot,Doctor,326000,Current,3.4
USER_9383,68,Male,Sialkot,Teacher,67000,Current,14
USER_9384,62,Female,Peshawar,Salaried Employee,105000,Savings,7.8
USER_9385,28,Female,Karachi,Housewife,5000,Savings,12.8
USER_9386,43,Female,Peshawar,Student,12000,Salary,13.1
USER_9387,50,Female,Lahore,Shopkeeper,109000,Savings,4.4
USER_9388,63,Male,Karachi,Shopkeeper,101000,Salary,13.1
USER_9389,60,Male,Islamabad,Salaried Employee,80000,Savings,2
USER_9390,55,Female,Karachi,Engineer,129000,Savings,13.8
USER_9391,24,Male,Peshawar,Government Employee,99000,Savings,14.1
USER_9392,63,Female,Lahore,Teacher,87000,Current,5.8
USER_9393,23,Male,Rawalpindi,Government Employee,105000,Current,9
USER_9394,68,Female,Sialkot,Housewife,15000,Salary,6.5
USER_9395,19,Male,Hyderabad,Government Employee,90000,Salary,6.5
USER_9396,50,Female,Multan,Student,12000,Current,14.1
USER_9397,31,Female,Islamabad,Engineer,291000,Savings,1.4
USER_9398,23,Female,Multan,Government Employee,112000,Current,7.2
USER_9399,59,Female,Sialkot,Doctor,528000,Salary,7.5
USER_9400,58,Male,Rawalpindi,Teacher,64000,Current,12.1
USER_9401,35,Female,Quetta,Doctor,344000,Salary,1.4
USER_9402,31,Female,Karachi,Freelancer,79000,Salary,4.3
USER_9403,65,Male,Quetta,Teacher,63000,Current,14.1
USER_9404,27,Female,Hyderabad,Engineer,146000,Savings,2.6
USER_9405,23,Male,Karachi,Teacher,101000,Salary,9
USER_9406,45,Female,Rawalpindi,Business Owner,428000,Current,10.8
USER_9407,57,Male,Sialkot,Salaried Employee,72000,Current,1.2
USER_9408,24,Female,Rawalpindi,Government Employee,134000,Salary,11.2
USER_9409,60,Male,Hyderabad,Salaried Employee,112000,Salary,15
USER_9410,53,Female,Multan,Shopkeeper,111000,Savings,14.7
USER_9411,28,Female,Sialkot,Retired,44000,Savings,7.9
USER_9412,67,Male,Karachi,Student,24000,Savings,13.1
USER_9413,25,Male,Sialkot,Salaried Employee,105000,Current,2.2
USER_9414,54,Male,Peshawar,Shopkeeper,185000,Savings,10.4
USER_9415,45,Male,Peshawar,Freelancer,115000,Savings,7.3
USER_9416,27,Male,Rawalpindi,Retired,73000,Salary,2.3
USER_9417,31,Female,Rawalpindi,Housewife,15000,Savings,5.6
USER_9418,63,Female,Islamabad,Retired,71000,Current,10.6
USER_9419,19,Female,Karachi,Freelancer,203000,Savings,4.4
USER_9420,60,Female,Lahore,Doctor,489000,Savings,8.2
USER_9421,52,Male,Lahore,Business Owner,832000,Savings,4.7
USER_9422,53,Male,Lahore,Doctor,302000,Current,2.4
USER_9423,18,Male,Quetta,Doctor,537000,Current,9.8
USER_9424,60,Female,Rawalpindi,Salaried Employee,91000,Savings,13.6
USER_9425,34,Male,Hyderabad,Government Employee,119000,Salary,11
USER_9426,50,Male,Islamabad,Engineer,186000,Savings,4.8
USER_9427,51,Female,Quetta,Teacher,91000,Current,9.4
USER_9428,34,Female,Faisalabad,Retired,42000,Current,6.7
USER_9429,35,Female,Lahore,Student,21000,Current,9
USER_9430,64,Male,Hyderabad,Retired,72000,Savings,11.5
USER_9431,29,Male,Islamabad,Teacher,80000,Current,10.1
USER_9432,35,Female,Lahore,Freelancer,378000,Current,5.1
USER_9433,66,Female,Peshawar,Engineer,189000,Current,2.5
USER_9434,68,Male,Multan,Driver,45000,Savings,13.7
USER_9435,29,Female,Karachi,Housewife,20000,Savings,3.2
USER_9436,30,Female,Peshawar,Housewife,10000,Salary,13.1
USER_9437,48,Male,Faisalabad,Business Owner,412000,Salary,14.5
USER_9438,25,Female,Islamabad,Business Owner,943000,Salary,14.7
USER_9439,18,Female,Hyderabad,Business Owner,290000,Salary,1.2
USER_9440,21,Male,Karachi,Retired,92000,Salary,7.8
USER_9441,56,Male,Islamabad,Student,29000,Savings,5.7
USER_9442,25,Male,Sialkot,Teacher,110000,Savings,3.3
USER_9443,61,Female,Peshawar,Freelancer,113000,Savings,1.2
USER_9444,49,Male,Sialkot,Freelancer,76000,Savings,5.1
USER_9445,18,Male,Islamabad,Shopkeeper,237000,Salary,13.9
USER_9446,41,Female,Sialkot,Freelancer,339000,Salary,4.1
USER_9447,62,Female,Rawalpindi,Salaried Employee,127000,Savings,3.9
USER_9448,37,Male,Quetta,Student,38000,Salary,7.3
USER_9449,20,Male,Rawalpindi,Shopkeeper,220000,Savings,7.6
USER_9450,21,Female,Quetta,Engineer,159000,Current,6
USER_9451,50,Female,Sialkot,Salaried Employee,77000,Salary,5.2
USER_9452,23,Male,Islamabad,Driver,58000,Salary,6.5
USER_9453,20,Male,Sialkot,Freelancer,397000,Salary,7.1
USER_9454,36,Female,Lahore,Housewife,25000,Savings,5.9
USER_9455,21,Male,Hyderabad,Teacher,115000,Salary,10.9
USER_9456,48,Male,Multan,Freelancer,81000,Savings,2.6
USER_9457,54,Female,Quetta,Teacher,94000,Salary,3.5
USER_9458,62,Male,Sialkot,Driver,53000,Current,8.3
USER_9459,45,Female,Lahore,Engineer,202000,Salary,13
USER_9460,70,Female,Sialkot,Freelancer,240000,Current,1.7
USER_9461,37,Female,Peshawar,Student,11000,Current,14.8
USER_9462,69,Male,Karachi,Government Employee,108000,Savings,3.7
USER_9463,40,Male,Lahore,Driver,45000,Savings,3.4
USER_9464,39,Male,Multan,Engineer,260000,Salary,14
USER_9465,45,Female,Rawalpindi,Housewife,10000,Salary,3.7
USER_9466,21,Female,Lahore,Housewife,15000,Current,2.6
USER_9467,25,Female,Sialkot,Teacher,99000,Salary,13.5
USER_9468,27,Female,Multan,Driver,49000,Current,2.2
USER_9469,32,Female,Hyderabad,Doctor,360000,Salary,2.2
USER_9470,23,Male,Peshawar,Teacher,62000,Salary,0.5
USER_9471,54,Female,Lahore,Housewife,0,Current,4.1
USER_9472,29,Female,Faisalabad,Government Employee,81000,Current,5.5
USER_9473,54,Female,Lahore,Driver,47000,Salary,9.6
USER_9474,25,Female,Quetta,Driver,52000,Current,13
USER_9475,46,Male,Multan,Teacher,117000,Savings,6.3
USER_9476,68,Male,Rawalpindi,Teacher,84000,Salary,10.8
USER_9477,56,Male,Karachi,Teacher,100000,Current,1.2
USER_9478,56,Male,Karachi,Student,24000,Salary,5.2
USER_9479,52,Male,Sialkot,Business Owner,886000,Savings,3.2
USER_9480,23,Female,Peshawar,Freelancer,158000,Current,12.1
USER_9481,19,Male,Karachi,Shopkeeper,171000,Savings,5.4
USER_9482,54,Male,Hyderabad,Teacher,61000,Salary,2.2
USER_9483,46,Male,Karachi,Freelancer,125000,Current,9.5
USER_9484,24,Male,Multan,Freelancer,155000,Savings,8.3
USER_9485,31,Female,Faisalabad,Freelancer,212000,Current,10.5
USER_9486,52,Male,Sialkot,Government Employee,71000,Salary,5.8
USER_9487,45,Female,Multan,Teacher,118000,Salary,14.5
USER_9488,47,Male,Islamabad,Doctor,471000,Salary,8
USER_9489,18,Female,Quetta,Doctor,570000,Salary,10.2
USER_9490,21,Male,Sialkot,Shopkeeper,90000,Salary,12.3
USER_9491,49,Male,Peshawar,Retired,86000,Savings,4.1
USER_9493,29,Female,Multan,Business Owner,721000,Savings,1.7
USER_9494,63,Male,Islamabad,Retired,88000,Current,6.6
USER_9495,24,Male,Peshawar,Business Owner,429000,Current,2.3
USER_9496,47,Female,Karachi,Student,18000,Salary,14.2
USER_9497,56,Female,Hyderabad,Engineer,250000,Savings,3.2
USER_9498,37,Female,Quetta,Teacher,112000,Current,8.7
USER_9499,23,Female,Lahore,Teacher,98000,Salary,0.8
USER_9500,60,Female,Karachi,Retired,33000,Current,4.9
USER_9501,37,Female,Sialkot,Doctor,289000,Salary,11.3
USER_9502,27,Male,Hyderabad,Engineer,185000,Salary,13.6
USER_9503,47,Male,Sialkot,Driver,32000,Current,13.6
USER_9504,65,Female,Peshawar,Engineer,160000,Current,9.8
USER_9505,18,Male,Lahore,Engineer,246000,Salary,9.1
USER_9506,43,Female,Quetta,Housewife,0,Savings,4.5
USER_9507,68,Female,Peshawar,Business Owner,395000,Current,3.7
USER_9508,61,Female,Quetta,Student,39000,Savings,8.7
USER_9509,47,Male,Hyderabad,Doctor,290000,Savings,12.9
USER_9510,59,Male,Multan,Salaried Employee,125000,Savings,1.7
USER_9511,46,Male,Hyderabad,Engineer,208000,Salary,1.5
USER_9512,26,Female,Lahore,Government Employee,104000,Salary,12
USER_9513,70,Female,Karachi,Housewife,0,Savings,3.4
USER_9514,59,Male,Karachi,Salaried Employee,113000,Salary,3.7
USER_9515,64,Female,Peshawar,Retired,70000,Savings,11.8
USER_9516,52,Female,Rawalpindi,Government Employee,75000,Savings,5.4
USER_9517,62,Male,Multan,Doctor,293000,Salary,8.6
USER_9518,39,Male,Lahore,Business Owner,421000,Salary,14
USER_9519,33,Female,Faisalabad,Freelancer,149000,Savings,5.5
USER_9520,55,Female,Faisalabad,Engineer,257000,Current,11.4
USER_9521,42,Male,Sialkot,Government Employee,154000,Savings,3.5
USER_9522,28,Male,Hyderabad,Business Owner,898000,Salary,1.2
USER_9523,24,Male,Lahore,Retired,74000,Current,7.6
USER_9524,23,Female,Multan,Housewife,0,Savings,8.4
USER_9525,62,Male,Faisalabad,Student,38000,Salary,1.6
USER_9526,63,Male,Sialkot,Teacher,77000,Salary,10.8
USER_9527,41,Female,Hyderabad,Retired,81000,Salary,11.5
USER_9528,27,Female,Rawalpindi,Doctor,437000,Savings,2
USER_9529,65,Male,Karachi,Government Employee,100000,Current,10.5
USER_9530,62,Female,Lahore,Driver,45000,Current,6
USER_9531,64,Male,Rawalpindi,Student,12000,Savings,3.2
USER_9532,26,Female,Peshawar,Housewife,20000,Current,5
USER_9533,60,Female,Multan,Housewife,25000,Salary,11.3
USER_9534,22,Male,Multan,Salaried Employee,91000,Current,11.4
USER_9535,68,Male,Karachi,Doctor,447000,Current,9.6
USER_9536,21,Male,Lahore,Shopkeeper,144000,Savings,1.1
USER_9537,57,Male,Karachi,Driver,55000,Current,6.2
USER_9538,70,Female,Islamabad,Driver,32000,Current,9
USER_9539,44,Female,Multan,Housewife,0,Savings,8.5
USER_9540,40,Male,Peshawar,Driver,51000,Savings,2.5
USER_9541,67,Male,Sialkot,Salaried Employee,149000,Savings,2.9
USER_9542,29,Female,Faisalabad,Business Owner,720000,Salary,13.1
USER_9543,49,Female,Sialkot,Retired,87000,Current,7.2
USER_9544,38,Female,Rawalpindi,Freelancer,255000,Salary,14.3
USER_9545,54,Male,Faisalabad,Doctor,324000,Savings,2.9
USER_9546,67,Female,Multan,Driver,38000,Current,7.1
USER_9547,63,Male,Lahore,Doctor,218000,Salary,7.9
USER_9548,69,Female,Quetta,Driver,34000,Salary,2.8
USER_9549,31,Female,Faisalabad,Driver,49000,Current,4.5
USER_9550,68,Female,Quetta,Teacher,94000,Current,11.9
USER_9551,67,Female,Faisalabad,Engineer,141000,Salary,4.3
USER_9552,58,Female,Peshawar,Salaried Employee,147000,Savings,4.2
USER_9553,63,Female,Peshawar,Housewife,5000,Savings,11.9
USER_9554,35,Male,Quetta,Salaried Employee,128000,Current,11.9
USER_9555,43,Male,Islamabad,Government Employee,156000,Salary,5.6
USER_9556,41,Male,Multan,Retired,45000,Savings,6.9
USER_9557,70,Female,Peshawar,Shopkeeper,247000,Salary,3.7
USER_9558,61,Female,Quetta,Student,18000,Salary,9.4
USER_9559,34,Female,Quetta,Doctor,284000,Savings,10.9
USER_9560,31,Female,Sialkot,Housewife,5000,Salary,14
USER_9561,61,Male,Quetta,Retired,58000,Salary,5.1
USER_9562,33,Female,Quetta,Driver,41000,Current,0.7
USER_9563,43,Female,Multan,Housewife,0,Current,6.5
USER_9564,50,Female,Hyderabad,Driver,43000,Savings,1.5
USER_9565,66,Female,Islamabad,Driver,45000,Salary,3.1
USER_9566,70,Male,Faisalabad,Teacher,117000,Current,6.4
USER_9567,23,Female,Sialkot,Freelancer,307000,Current,3.5
USER_9568,22,Female,Faisalabad,Doctor,593000,Savings,4
USER_9569,38,Female,Faisalabad,Engineer,121000,Savings,2.3
USER_9570,26,Male,Sialkot,Driver,56000,Salary,9.9
USER_9571,37,Female,Rawalpindi,Housewife,0,Savings,14.4
USER_9572,33,Male,Quetta,Freelancer,343000,Salary,10.8
USER_9573,54,Male,Islamabad,Salaried Employee,75000,Savings,10.9
USER_9574,22,Female,Hyderabad,Doctor,510000,Current,1.2
USER_9575,43,Male,Quetta,Salaried Employee,142000,Savings,6
USER_9576,46,Female,Karachi,Driver,31000,Salary,0.6
USER_9577,48,Female,Rawalpindi,Engineer,197000,Salary,10
USER_9578,41,Female,Sialkot,Student,34000,Savings,2.5
USER_9579,41,Female,Rawalpindi,Student,14000,Savings,5.4
USER_9580,61,Male,Hyderabad,Retired,64000,Current,6.7
USER_9581,47,Male,Hyderabad,Shopkeeper,246000,Current,13.8
USER_9582,36,Male,Rawalpindi,Driver,33000,Current,8
USER_9583,25,Male,Sialkot,Retired,64000,Current,14.3
USER_9584,49,Male,Karachi,Engineer,218000,Current,14.7
USER_9585,24,Female,Quetta,Engineer,212000,Current,0.5
USER_9586,70,Female,Multan,Student,22000,Salary,12.3
USER_9587,43,Male,Peshawar,Salaried Employee,90000,Salary,7.8
USER_9588,54,Male,Sialkot,Salaried Employee,140000,Salary,14.5
USER_9589,63,Female,Hyderabad,Business Owner,757000,Salary,0.7
USER_9590,43,Female,Islamabad,Business Owner,511000,Current,14.3
USER_9591,30,Male,Multan,Salaried Employee,98000,Salary,14.9
USER_9592,34,Male,Hyderabad,Government Employee,146000,Current,0.8
USER_9593,28,Female,Faisalabad,Retired,48000,Savings,1.2
USER_9594,70,Female,Karachi,Salaried Employee,109000,Savings,13.4
USER_9595,54,Male,Sialkot,Shopkeeper,204000,Salary,8.6
USER_9596,21,Female,Quetta,Engineer,274000,Savings,14.1
USER_9597,19,Female,Faisalabad,Salaried Employee,109000,Salary,11.5
USER_9598,36,Female,Faisalabad,Housewife,10000,Current,14.5
USER_9599,18,Female,Peshawar,Freelancer,253000,Savings,5.2
USER_9600,57,Male,Islamabad,Freelancer,130000,Salary,3.4
USER_9601,67,Male,Lahore,Doctor,491000,Salary,4.6
USER_9602,37,Female,Hyderabad,Retired,61000,Savings,0.7
USER_9603,62,Female,Peshawar,Driver,50000,Savings,4.9
USER_9604,59,Male,Quetta,Teacher,69000,Current,13.3
USER_9605,49,Female,Faisalabad,Housewife,20000,Current,4
USER_9606,35,Female,Hyderabad,Shopkeeper,226000,Current,12.5
USER_9607,61,Female,Lahore,Doctor,355000,Savings,6.3
USER_9608,63,Male,Lahore,Doctor,472000,Current,9
USER_9609,26,Female,Lahore,Shopkeeper,111000,Current,8.1
USER_9610,49,Male,Multan,Doctor,535000,Savings,4.5
USER_9611,31,Female,Multan,Housewife,0,Savings,12.9
USER_9612,28,Male,Lahore,Teacher,97000,Salary,11.7
USER_9613,22,Female,Lahore,Housewife,0,Savings,12.2
USER_9614,47,Female,Peshawar,Teacher,106000,Salary,1.9
USER_9615,61,Female,Sialkot,Doctor,251000,Salary,13.1
USER_9616,26,Male,Quetta,Student,16000,Salary,1.5
USER_9617,38,Male,Faisalabad,Shopkeeper,82000,Salary,14.5
USER_9618,49,Male,Sialkot,Salaried Employee,130000,Salary,9.8
USER_9619,46,Female,Rawalpindi,Doctor,564000,Current,2.9
USER_9620,29,Female,Peshawar,Student,16000,Current,9.6
USER_9621,58,Female,Faisalabad,Doctor,413000,Current,9.3
USER_9622,18,Female,Islamabad,Freelancer,311000,Savings,2.4
USER_9623,62,Male,Quetta,Driver,44000,Savings,7.9
USER_9624,62,Male,Rawalpindi,Teacher,109000,Salary,4.5
USER_9625,55,Female,Multan,Student,28000,Savings,8.8
USER_9626,19,Male,Quetta,Retired,72000,Current,10.7
USER_9627,50,Male,Islamabad,Business Owner,468000,Current,0.5
USER_9628,46,Male,Hyderabad,Retired,47000,Salary,6
USER_9629,35,Female,Lahore,Driver,59000,Salary,13.3
USER_9630,56,Male,Faisalabad,Teacher,90000,Current,1.7
USER_9631,49,Male,Hyderabad,Driver,31000,Current,0.8
USER_9632,67,Male,Rawalpindi,Driver,47000,Savings,0.7
USER_9633,19,Male,Islamabad,Freelancer,318000,Salary,0.6
USER_9634,48,Male,Faisalabad,Doctor,365000,Salary,5
USER_9635,57,Male,Islamabad,Salaried Employee,92000,Savings,2.4
USER_9636,24,Female,Sialkot,Student,17000,Current,12.4
USER_9637,67,Male,Islamabad,Government Employee,82000,Current,2.6
USER_9638,34,Female,Faisalabad,Housewife,20000,Savings,8
USER_9639,51,Male,Faisalabad,Business Owner,762000,Salary,9.1
USER_9640,60,Male,Islamabad,Government Employee,150000,Savings,2.3
USER_9641,64,Female,Hyderabad,Doctor,263000,Salary,9
USER_9642,23,Male,Quetta,Retired,42000,Salary,6.3
USER_9643,25,Male,Rawalpindi,Shopkeeper,163000,Salary,14.2
USER_9644,23,Female,Multan,Driver,42000,Current,4.2
USER_9645,27,Female,Karachi,Retired,37000,Current,14.9
USER_9646,61,Female,Faisalabad,Teacher,71000,Savings,10
USER_9647,61,Female,Rawalpindi,Student,17000,Current,4.2
USER_9648,59,Male,Quetta,Government Employee,163000,Current,12.7
USER_9649,27,Male,Karachi,Doctor,545000,Savings,12.5
USER_9650,33,Male,Peshawar,Shopkeeper,144000,Current,11.3
USER_9651,48,Female,Quetta,Engineer,272000,Salary,6.9
USER_9652,23,Female,Peshawar,Government Employee,90000,Savings,5.3
USER_9653,50,Male,Peshawar,Freelancer,90000,Savings,4.1
USER_9654,65,Female,Karachi,Engineer,235000,Salary,11.1
USER_9655,47,Female,Lahore,Freelancer,158000,Current,14.1
USER_9656,25,Male,Karachi,Shopkeeper,239000,Salary,6.3
USER_9657,52,Male,Sialkot,Freelancer,255000,Savings,2.8
USER_9658,26,Female,Multan,Doctor,261000,Current,10.9
USER_9659,27,Male,Lahore,Shopkeeper,86000,Savings,2.1
USER_9660,58,Female,Multan,Retired,81000,Current,7.2
USER_9661,48,Female,Multan,Housewife,0,Current,7.1
USER_9662,37,Female,Sialkot,Freelancer,336000,Salary,14.8
USER_9663,49,Male,Hyderabad,Shopkeeper,245000,Current,8
USER_9664,63,Male,Rawalpindi,Student,37000,Savings,14.7
USER_9665,26,Male,Karachi,Student,28000,Savings,3.8
USER_9666,52,Female,Lahore,Engineer,202000,Salary,0.8
USER_9667,57,Male,Karachi,Government Employee,127000,Savings,3.3
USER_9668,35,Male,Lahore,Government Employee,118000,Salary,3.7
USER_9669,63,Female,Karachi,Teacher,96000,Salary,9.6
USER_9670,52,Male,Sialkot,Business Owner,673000,Salary,5.8
USER_9671,47,Male,Islamabad,Retired,53000,Salary,9
USER_9672,51,Male,Sialkot,Freelancer,145000,Salary,3.9
USER_9673,60,Female,Rawalpindi,Freelancer,119000,Salary,1.1
USER_9674,19,Female,Hyderabad,Shopkeeper,227000,Current,13.7
USER_9675,67,Female,Quetta,Housewife,20000,Salary,1.5
USER_9676,66,Female,Quetta,Doctor,451000,Savings,7.3
USER_9677,62,Female,Faisalabad,Teacher,114000,Current,9
USER_9678,52,Female,Lahore,Student,13000,Current,4.3
USER_9679,46,Male,Multan,Engineer,240000,Savings,0.7
USER_9680,50,Male,Quetta,Shopkeeper,116000,Current,7.8
USER_9681,32,Male,Islamabad,Salaried Employee,132000,Savings,7.5
USER_9682,28,Male,Multan,Salaried Employee,134000,Salary,14.6
USER_9683,27,Female,Lahore,Housewife,10000,Savings,4.7
USER_9684,42,Female,Rawalpindi,Business Owner,316000,Current,7.2
USER_9685,68,Female,Islamabad,Shopkeeper,196000,Current,2.1
USER_9686,50,Female,Hyderabad,Student,22000,Savings,10.7
USER_9687,43,Female,Peshawar,Teacher,119000,Savings,9.4
USER_9688,32,Female,Quetta,Doctor,528000,Salary,7.8
USER_9689,45,Female,Hyderabad,Salaried Employee,86000,Salary,1.9
USER_9690,48,Male,Hyderabad,Student,21000,Savings,11.5
USER_9691,18,Male,Lahore,Student,11000,Savings,7.5
USER_9692,48,Male,Lahore,Business Owner,314000,Salary,6.4
USER_9693,58,Female,Lahore,Freelancer,353000,Current,10.3
USER_9694,31,Male,Islamabad,Engineer,135000,Salary,8
USER_9695,30,Male,Sialkot,Driver,35000,Savings,7.4
USER_9696,59,Female,Multan,Teacher,103000,Salary,5.6
USER_9697,67,Female,Peshawar,Salaried Employee,128000,Salary,13.7
USER_9698,56,Male,Faisalabad,Teacher,112000,Current,12.3
USER_9699,61,Female,Lahore,Shopkeeper,162000,Savings,6.4
USER_9700,53,Female,Peshawar,Freelancer,373000,Salary,4.3
USER_9701,61,Female,Lahore,Government Employee,122000,Current,9.3
USER_9702,28,Male,Peshawar,Doctor,245000,Salary,2.4
USER_9703,56,Male,Karachi,Business Owner,666000,Salary,13
USER_9704,54,Female,Sialkot,Housewife,0,Salary,14.8
USER_9705,23,Male,Hyderabad,Government Employee,101000,Salary,11.9
USER_9706,41,Female,Peshawar,Housewife,0,Savings,14.4
USER_9707,28,Male,Multan,Retired,43000,Salary,3.4
USER_9708,44,Male,Quetta,Teacher,79000,Savings,7.6
USER_9709,69,Male,Quetta,Teacher,62000,Salary,13.5
USER_9710,40,Male,Karachi,Student,19000,Savings,3.2
USER_9711,22,Male,Quetta,Driver,34000,Savings,4.7
USER_9712,43,Female,Hyderabad,Driver,45000,Salary,3.5
USER_9713,24,Female,Islamabad,Freelancer,210000,Savings,9.4
USER_9714,48,Female,Lahore,Government Employee,124000,Current,13.4
USER_9715,52,Female,Quetta,Housewife,10000,Salary,10
USER_9716,56,Female,Peshawar,Freelancer,392000,Savings,8.6
USER_9717,22,Male,Karachi,Business Owner,907000,Current,14.9
USER_9718,45,Female,Rawalpindi,Business Owner,502000,Savings,13.6
USER_9719,20,Female,Hyderabad,Business Owner,454000,Salary,5.5
USER_9720,31,Female,Karachi,Housewife,0,Current,5.8
USER_9721,53,Female,Sialkot,Freelancer,318000,Savings,2.5
USER_9722,48,Female,Karachi,Salaried Employee,93000,Current,9.4
USER_9723,69,Male,Islamabad,Salaried Employee,132000,Savings,5.9
USER_9724,61,Female,Multan,Driver,30000,Savings,10.4
USER_9725,54,Female,Quetta,Salaried Employee,113000,Current,11.8
USER_9726,46,Male,Rawalpindi,Freelancer,267000,Current,10.2
USER_9727,30,Male,Peshawar,Engineer,141000,Current,3.4
USER_9728,43,Female,Islamabad,Doctor,596000,Current,9.5
USER_9729,18,Male,Peshawar,Government Employee,121000,Salary,2.5
USER_9730,64,Male,Peshawar,Doctor,344000,Salary,0.7
USER_9731,22,Female,Multan,Teacher,76000,Savings,10.3
USER_9732,56,Male,Sialkot,Engineer,220000,Current,0.8
USER_9733,65,Female,Quetta,Teacher,65000,Salary,4.4
USER_9734,69,Male,Quetta,Government Employee,170000,Current,10.8
USER_9735,63,Male,Islamabad,Freelancer,193000,Current,13.6
USER_9736,60,Female,Faisalabad,Business Owner,816000,Current,3.2
USER_9737,33,Male,Multan,Business Owner,415000,Current,14.5
USER_9738,18,Female,Rawalpindi,Engineer,296000,Salary,2
USER_9739,56,Male,Lahore,Shopkeeper,122000,Current,14
USER_9740,20,Female,Multan,Doctor,305000,Salary,1.6
USER_9741,46,Female,Lahore,Salaried Employee,125000,Current,1.2
USER_9742,63,Female,Multan,Engineer,253000,Current,3.3
USER_9743,55,Female,Quetta,Business Owner,235000,Current,10.8
USER_9744,58,Male,Sialkot,Doctor,373000,Savings,2
USER_9745,66,Female,Faisalabad,Driver,40000,Salary,7.4
USER_9746,23,Female,Peshawar,Business Owner,952000,Current,4.8
USER_9747,36,Female,Peshawar,Student,23000,Savings,8.1
USER_9748,68,Female,Multan,Business Owner,907000,Salary,10.2
USER_9749,52,Female,Hyderabad,Teacher,109000,Salary,3.9
USER_9750,47,Female,Faisalabad,Housewife,0,Salary,12.5
USER_9751,41,Male,Peshawar,Shopkeeper,93000,Savings,14
USER_9752,70,Female,Islamabad,Doctor,410000,Salary,8.7
USER_9753,52,Male,Multan,Salaried Employee,129000,Salary,2.7
USER_9754,53,Female,Faisalabad,Doctor,325000,Savings,6.6
USER_9755,63,Female,Karachi,Doctor,560000,Current,9.7
USER_9756,67,Male,Islamabad,Government Employee,124000,Current,5.3
USER_9757,31,Male,Rawalpindi,Government Employee,146000,Savings,4.3
USER_9758,59,Male,Multan,Teacher,94000,Current,14
USER_9759,28,Male,Karachi,Doctor,425000,Current,5.2
USER_9760,49,Female,Lahore,Student,29000,Savings,0.8
USER_9761,23,Male,Karachi,Student,17000,Savings,11.3
USER_9762,44,Male,Peshawar,Business Owner,164000,Salary,10.9
USER_9763,68,Female,Faisalabad,Retired,39000,Current,14.6
USER_9764,49,Female,Hyderabad,Engineer,121000,Savings,13
USER_9765,66,Female,Islamabad,Engineer,136000,Savings,2.7
USER_9766,25,Female,Rawalpindi,Engineer,173000,Current,5.3
USER_9767,28,Female,Lahore,Freelancer,313000,Current,11.3
USER_9768,42,Male,Faisalabad,Salaried Employee,149000,Savings,3.6
USER_9769,25,Male,Peshawar,Driver,31000,Savings,6.9
USER_9770,37,Female,Karachi,Business Owner,382000,Current,14.9
USER_9771,34,Male,Peshawar,Retired,72000,Savings,7.1
USER_9772,24,Male,Rawalpindi,Government Employee,75000,Current,12.9
USER_9773,35,Female,Hyderabad,Salaried Employee,84000,Current,4.7
USER_9774,19,Male,Peshawar,Engineer,147000,Current,2
USER_9775,53,Female,Hyderabad,Business Owner,869000,Salary,8.6
USER_9776,57,Female,Rawalpindi,Driver,34000,Current,8.2
USER_9777,28,Female,Sialkot,Doctor,313000,Current,5.8
USER_9778,59,Male,Lahore,Salaried Employee,79000,Salary,9.2
USER_9779,69,Male,Faisalabad,Driver,49000,Salary,9.1
USER_9780,38,Male,Multan,Freelancer,262000,Savings,14.2
USER_9781,67,Female,Multan,Teacher,97000,Salary,7.6
USER_9782,68,Female,Faisalabad,Engineer,298000,Salary,9
USER_9783,34,Female,Islamabad,Housewife,0,Savings,1
USER_9784,50,Female,Karachi,Driver,45000,Savings,4.1
USER_9785,58,Female,Karachi,Teacher,69000,Savings,2.5
USER_9786,69,Male,Karachi,Teacher,87000,Salary,7.5
USER_9787,40,Male,Lahore,Student,39000,Savings,8.1
USER_9788,45,Female,Faisalabad,Salaried Employee,115000,Salary,14.2
USER_9789,45,Female,Islamabad,Salaried Employee,92000,Salary,1.3
USER_9790,59,Female,Faisalabad,Teacher,113000,Savings,7.2
USER_9791,40,Female,Peshawar,Government Employee,139000,Salary,2.6
USER_9792,62,Female,Sialkot,Student,25000,Savings,12.6
USER_9793,61,Female,Islamabad,Retired,62000,Current,11.5
USER_9794,30,Female,Lahore,Shopkeeper,176000,Salary,2.5
USER_9795,47,Female,Karachi,Student,20000,Salary,3.3
USER_9796,61,Female,Hyderabad,Salaried Employee,131000,Savings,13.2
USER_9797,39,Male,Quetta,Salaried Employee,130000,Salary,5
USER_9798,32,Male,Hyderabad,Salaried Employee,87000,Current,1.3
USER_9799,37,Male,Peshawar,Government Employee,178000,Salary,10.4
USER_9800,32,Male,Lahore,Teacher,119000,Current,4.2
USER_9801,41,Male,Rawalpindi,Business Owner,209000,Salary,14.7
USER_9802,36,Male,Quetta,Engineer,163000,Savings,3.6
USER_9803,24,Male,Lahore,Retired,33000,Current,11.5
USER_9804,31,Male,Multan,Student,29000,Salary,1.3
USER_9805,55,Male,Faisalabad,Student,32000,Salary,12.7
USER_9806,19,Male,Quetta,Shopkeeper,186000,Salary,4.7
USER_9807,43,Female,Multan,Business Owner,853000,Current,2.8
USER_9808,29,Female,Peshawar,Doctor,474000,Current,7.3
USER_9809,62,Female,Faisalabad,Teacher,69000,Salary,3
USER_9810,39,Male,Lahore,Freelancer,180000,Savings,12.2
USER_9811,63,Female,Peshawar,Teacher,100000,Current,2.5
USER_9812,66,Male,Lahore,Doctor,402000,Savings,9.4
USER_9813,29,Female,Quetta,Housewife,10000,Salary,8.4
USER_9814,62,Female,Islamabad,Retired,33000,Salary,13.8
USER_9815,60,Female,Peshawar,Shopkeeper,198000,Salary,3.7
USER_9816,34,Male,Faisalabad,Freelancer,199000,Salary,6.1
USER_9817,42,Female,Rawalpindi,Housewife,25000,Current,9.8
USER_9818,31,Female,Rawalpindi,Driver,40000,Current,14.8
USER_9819,45,Male,Karachi,Retired,87000,Current,14.7
USER_9820,50,Male,Peshawar,Doctor,387000,Current,13.9
USER_9821,68,Female,Sialkot,Freelancer,106000,Current,10.3
USER_9822,54,Female,Rawalpindi,Driver,31000,Salary,4.1
USER_9823,66,Female,Quetta,Housewife,10000,Salary,11.7
USER_9824,59,Female,Islamabad,Freelancer,345000,Salary,3.4
USER_9825,47,Female,Lahore,Freelancer,81000,Current,5
USER_9826,43,Male,Lahore,Retired,76000,Current,5.8
USER_9827,20,Female,Faisalabad,Freelancer,398000,Salary,2.3
USER_9828,43,Female,Lahore,Housewife,15000,Salary,8.2
USER_9829,22,Female,Lahore,Retired,96000,Current,12.6
USER_9830,47,Male,Lahore,Retired,54000,Current,7.9
USER_9831,25,Female,Hyderabad,Salaried Employee,104000,Savings,1.4
USER_9832,41,Male,Lahore,Doctor,528000,Current,6.6
USER_9833,39,Female,Rawalpindi,Engineer,160000,Current,13.2
USER_9834,65,Male,Sialkot,Teacher,107000,Current,1.7
USER_9835,18,Male,Rawalpindi,Salaried Employee,135000,Salary,2
USER_9836,48,Male,Islamabad,Engineer,238000,Current,9.5
USER_9837,25,Male,Rawalpindi,Student,36000,Savings,13
USER_9838,57,Male,Multan,Doctor,574000,Current,14.3
USER_9839,23,Female,Islamabad,Housewife,0,Salary,10
USER_9840,31,Male,Lahore,Business Owner,876000,Current,11.5
USER_9841,47,Male,Lahore,Freelancer,352000,Current,8.3
USER_9842,40,Male,Multan,Teacher,79000,Current,9.5
USER_9843,53,Female,Rawalpindi,Housewife,0,Current,4.7
USER_9844,18,Female,Rawalpindi,Teacher,114000,Savings,3.9
USER_9845,69,Male,Multan,Teacher,105000,Savings,7
USER_9846,34,Female,Lahore,Driver,48000,Salary,6.1
USER_9847,58,Female,Rawalpindi,Doctor,487000,Salary,2.1
USER_9848,36,Female,Rawalpindi,Freelancer,218000,Salary,9.9
USER_9849,26,Male,Peshawar,Business Owner,412000,Salary,13.3
USER_9850,51,Female,Multan,Business Owner,466000,Savings,3.1
USER_9851,46,Female,Hyderabad,Driver,30000,Savings,1.9
USER_9852,45,Female,Peshawar,Salaried Employee,114000,Savings,7
USER_9853,66,Female,Faisalabad,Teacher,83000,Savings,10.8
USER_9854,20,Female,Peshawar,Shopkeeper,158000,Salary,2.6
USER_9855,18,Male,Karachi,Doctor,309000,Salary,4.5
USER_9856,64,Female,Lahore,Student,32000,Salary,8
USER_9857,39,Female,Multan,Teacher,72000,Savings,7.2
USER_9858,39,Male,Faisalabad,Freelancer,309000,Savings,14.7
USER_9859,44,Male,Islamabad,Salaried Employee,114000,Savings,5.4
USER_9860,29,Female,Peshawar,Teacher,103000,Current,9.8
USER_9861,30,Male,Quetta,Teacher,92000,Savings,3.7
USER_9862,18,Female,Quetta,Shopkeeper,209000,Salary,5.4
USER_9863,29,Male,Islamabad,Retired,36000,Savings,11.1
USER_9864,58,Male,Rawalpindi,Driver,39000,Savings,14.5
USER_9865,30,Male,Quetta,Shopkeeper,248000,Savings,8.5
USER_9866,67,Male,Multan,Student,36000,Savings,2.3
USER_9867,60,Female,Rawalpindi,Business Owner,358000,Current,6
USER_9868,35,Male,Hyderabad,Engineer,253000,Current,11.1
USER_9869,57,Male,Sialkot,Freelancer,321000,Salary,10.6
USER_9870,62,Male,Rawalpindi,Retired,71000,Current,12.1
USER_9871,38,Male,Islamabad,Freelancer,274000,Current,7.7
USER_9872,38,Female,Islamabad,Business Owner,369000,Savings,7.8
USER_9873,51,Female,Lahore,Doctor,420000,Current,3.8
USER_9874,29,Female,Sialkot,Housewife,0,Current,4.3
USER_9875,42,Male,Faisalabad,Freelancer,313000,Current,0.6
USER_9876,61,Female,Sialkot,Housewife,0,Salary,14
USER_9877,20,Female,Multan,Driver,39000,Current,6.3
USER_9878,29,Female,Peshawar,Driver,51000,Salary,10.9
USER_9879,19,Female,Multan,Government Employee,106000,Savings,3.4
USER_9880,34,Female,Hyderabad,Salaried Employee,144000,Savings,3.7
USER_9881,56,Female,Hyderabad,Engineer,148000,Current,10.5
USER_9882,27,Male,Karachi,Freelancer,227000,Current,6.3
USER_9883,54,Female,Peshawar,Doctor,588000,Current,10.2
USER_9884,23,Male,Faisalabad,Freelancer,357000,Salary,3.7
USER_9885,34,Male,Faisalabad,Doctor,455000,Salary,12.7
USER_9886,64,Male,Quetta,Freelancer,149000,Current,10.2
USER_9887,24,Female,Sialkot,Government Employee,122000,Savings,11.4
USER_9888,59,Male,Sialkot,Student,27000,Savings,1.7
USER_9889,23,Female,Quetta,Doctor,435000,Salary,4.3
USER_9890,67,Female,Quetta,Doctor,476000,Current,3.4
USER_9891,47,Female,Quetta,Housewife,0,Current,9.4
USER_9892,25,Male,Hyderabad,Freelancer,331000,Salary,1.7
USER_9893,66,Female,Karachi,Retired,45000,Current,3.8
USER_9894,53,Female,Faisalabad,Student,21000,Current,1.6
USER_9895,55,Female,Sialkot,Business Owner,814000,Current,10
USER_9896,25,Female,Faisalabad,Salaried Employee,121000,Savings,5
USER_9897,46,Female,Karachi,Teacher,83000,Savings,14.8
USER_9898,51,Female,Quetta,Freelancer,185000,Salary,7.2
USER_9899,25,Male,Rawalpindi,Engineer,239000,Salary,4.5
USER_9900,53,Male,Karachi,Student,20000,Salary,13.1
USER_9901,34,Female,Karachi,Housewife,0,Salary,9.6
USER_9902,60,Female,Islamabad,Doctor,320000,Savings,10
USER_9903,50,Male,Karachi,Business Owner,606000,Current,6.9
USER_9904,35,Male,Sialkot,Engineer,238000,Salary,0.8
USER_9905,38,Female,Karachi,Doctor,342000,Savings,11.3
USER_9906,28,Male,Multan,Freelancer,333000,Current,12.2
USER_9907,49,Female,Sialkot,Driver,33000,Salary,10.9
USER_9908,36,Female,Lahore,Salaried Employee,81000,Savings,3.9
USER_9909,42,Male,Multan,Freelancer,177000,Current,1.1
USER_9910,27,Female,Islamabad,Government Employee,104000,Savings,6.2
USER_9911,68,Female,Hyderabad,Housewife,0,Savings,12.8
USER_9912,68,Female,Karachi,Retired,72000,Current,2
USER_9913,28,Female,Peshawar,Retired,79000,Current,7.8
USER_9914,65,Male,Sialkot,Doctor,334000,Current,2.2
USER_9915,54,Female,Quetta,Government Employee,165000,Salary,13.1
USER_9916,40,Female,Karachi,Housewife,20000,Current,7.8
USER_9917,66,Female,Peshawar,Shopkeeper,218000,Salary,5.3
USER_9918,26,Female,Sialkot,Shopkeeper,168000,Savings,9.4
USER_9919,32,Female,Lahore,Freelancer,369000,Salary,3.5
USER_9920,64,Male,Rawalpindi,Business Owner,871000,Salary,6.3
USER_9921,58,Female,Peshawar,Driver,56000,Current,14.8
USER_9922,30,Female,Quetta,Government Employee,119000,Salary,8.1
USER_9923,31,Female,Lahore,Shopkeeper,99000,Salary,6.8
USER_9924,52,Male,Peshawar,Teacher,86000,Savings,10.5
USER_9925,34,Female,Multan,Teacher,81000,Current,5.1
USER_9926,32,Female,Rawalpindi,Doctor,302000,Salary,8.5
USER_9927,31,Male,Islamabad,Salaried Employee,98000,Savings,13.6
USER_9928,24,Male,Rawalpindi,Shopkeeper,236000,Salary,14.6
USER_9929,53,Male,Karachi,Teacher,102000,Salary,7
USER_9930,65,Male,Peshawar,Retired,36000,Savings,3
USER_9931,39,Female,Sialkot,Retired,59000,Salary,7.7
USER_9932,63,Female,Sialkot,Student,13000,Savings,9.2
USER_9933,61,Male,Sialkot,Salaried Employee,73000,Savings,3.9
USER_9934,18,Female,Multan,Shopkeeper,150000,Salary,0.6
USER_9935,38,Male,Peshawar,Retired,69000,Salary,9.8
USER_9936,32,Male,Quetta,Salaried Employee,96000,Current,8.9
USER_9937,37,Male,Quetta,Salaried Employee,127000,Salary,3.8
USER_9938,53,Male,Karachi,Retired,59000,Savings,8.7
USER_9939,45,Female,Rawalpindi,Retired,83000,Savings,4.8
USER_9940,36,Female,Hyderabad,Housewife,10000,Current,13.4
USER_9941,23,Female,Quetta,Housewife,0,Salary,1.6
USER_9942,62,Female,Islamabad,Freelancer,167000,Savings,14
USER_9943,65,Female,Quetta,Freelancer,250000,Salary,10.3
USER_9944,31,Female,Karachi,Housewife,0,Salary,8.6
USER_9945,62,Male,Karachi,Shopkeeper,121000,Savings,2.6
USER_9946,59,Female,Faisalabad,Retired,88000,Salary,3.9
USER_9947,23,Female,Faisalabad,Housewife,0,Salary,14.2
USER_9948,37,Female,Faisalabad,Salaried Employee,114000,Savings,7.5
USER_9949,35,Female,Lahore,Shopkeeper,211000,Current,8.5
USER_9950,65,Female,Karachi,Salaried Employee,98000,Salary,2.4
USER_9951,58,Male,Lahore,Student,30000,Savings,5.9
USER_9952,56,Male,Karachi,Teacher,102000,Savings,11.2
USER_9953,67,Male,Rawalpindi,Teacher,119000,Savings,0.9
USER_9954,27,Female,Islamabad,Engineer,132000,Current,9.3
USER_9955,31,Male,Karachi,Doctor,600000,Savings,6.6
USER_9956,36,Female,Lahore,Business Owner,641000,Current,11.9
USER_9957,52,Female,Lahore,Retired,91000,Current,9.7
USER_9958,62,Male,Sialkot,Doctor,266000,Salary,13.1
USER_9959,28,Female,Multan,Retired,42000,Savings,14.3
USER_9960,37,Male,Karachi,Retired,34000,Salary,11
USER_9961,40,Male,Rawalpindi,Student,23000,Current,1.9
USER_9962,44,Female,Multan,Housewife,15000,Savings,13.4
USER_9963,50,Male,Karachi,Teacher,100000,Current,14.2
USER_9964,35,Female,Sialkot,Student,22000,Savings,7.8
USER_9965,59,Female,Lahore,Shopkeeper,84000,Current,2.3
USER_9966,66,Female,Peshawar,Government Employee,170000,Savings,13.4
USER_9967,53,Female,Multan,Salaried Employee,121000,Savings,2.8
USER_9968,51,Female,Faisalabad,Housewife,5000,Savings,10.3
USER_9969,53,Male,Islamabad,Driver,32000,Savings,3.6
USER_9970,48,Male,Karachi,Salaried Employee,101000,Savings,5.1
USER_9971,30,Female,Karachi,Doctor,291000,Current,5
USER_9972,65,Female,Peshawar,Student,39000,Salary,14.1
USER_9973,30,Male,Quetta,Doctor,219000,Current,1.9
USER_9974,37,Male,Multan,Teacher,74000,Salary,4.9
USER_9975,63,Male,Faisalabad,Engineer,294000,Current,7.1
USER_9976,59,Female,Faisalabad,Retired,60000,Savings,14.8
USER_9977,35,Male,Rawalpindi,Student,32000,Salary,12.7
USER_9978,39,Female,Quetta,Housewife,15000,Salary,7.9
USER_9979,33,Female,Karachi,Doctor,266000,Salary,2.7
USER_9980,60,Male,Sialkot,Freelancer,215000,Salary,1.4
USER_9981,59,Female,Rawalpindi,Shopkeeper,131000,Savings,3.6
USER_9982,70,Male,Quetta,Doctor,589000,Current,5.4
USER_9983,39,Male,Islamabad,Salaried Employee,71000,Salary,8.2
USER_9984,30,Female,Peshawar,Driver,52000,Salary,13.2
USER_9985,46,Female,Lahore,Government Employee,173000,Savings,14.4
USER_9986,35,Female,Multan,Housewife,5000,Salary,5.9
USER_9987,24,Female,Hyderabad,Housewife,0,Savings,2.2
USER_9988,20,Female,Sialkot,Business Owner,387000,Current,0.8
USER_9989,70,Female,Lahore,Driver,51000,Current,9.7
USER_9990,65,Male,Quetta,Retired,59000,Savings,12.9
USER_9991,69,Male,Faisalabad,Freelancer,366000,Current,3.4
USER_9992,41,Female,Rawalpindi,Driver,55000,Savings,12.8
USER_9993,38,Male,Lahore,Shopkeeper,166000,Savings,12.3
USER_9994,42,Male,Islamabad,Driver,35000,Current,15
USER_9995,60,Male,Karachi,Salaried Employee,111000,Salary,3.4
USER_9996,39,Male,Quetta,Government Employee,105000,Savings,9.8
USER_9997,27,Female,Faisalabad,Student,32000,Salary,9.1
USER_9998,59,Female,Quetta,Retired,64000,Savings,13.8